fixture_id,date,league_id,league,season,round,home_team_id,home_team,away_team_id,away_team,home_goals,away_goals,status
867946,2022-08-05T19:00:00+00:00,39,Premier League,2022,Regular Season - 1,52,Crystal Palace,42,Arsenal,0,2,FT
867947,2022-08-06T11:30:00+00:00,39,Premier League,2022,Regular Season - 1,36,Fulham,40,Liverpool,2,2,FT
867951,2022-08-06T14:00:00+00:00,39,Premier League,2022,Regular Season - 1,34,Newcastle,65,Nottingham Forest,2,0,FT
867948,2022-08-06T14:00:00+00:00,39,Premier League,2022,Regular Season - 1,35,Bournemouth,66,Aston Villa,2,0,FT
867952,2022-08-06T14:00:00+00:00,39,Premier League,2022,Regular Season - 1,47,Tottenham,41,Southampton,4,1,FT
867949,2022-08-06T14:00:00+00:00,39,Premier League,2022,Regular Season - 1,63,Leeds,39,Wolves,2,1,FT
867953,2022-08-06T16:30:00+00:00,39,Premier League,2022,Regular Season - 1,45,Everton,49,Chelsea,0,1,FT
867954,2022-08-07T13:00:00+00:00,39,Premier League,2022,Regular Season - 1,33,Manchester United,51,Brighton,1,2,FT
867950,2022-08-07T13:00:00+00:00,39,Premier League,2022,Regular Season - 1,46,Leicester,55,Brentford,2,2,FT
867955,2022-08-07T15:30:00+00:00,39,Premier League,2022,Regular Season - 1,48,West Ham,50,Manchester City,0,2,FT
867957,2022-08-13T11:30:00+00:00,39,Premier League,2022,Regular Season - 2,66,Aston Villa,45,Everton,2,1,FT
867965,2022-08-13T14:00:00+00:00,39,Premier League,2022,Regular Season - 2,39,Wolves,36,Fulham,0,0,FT
867964,2022-08-13T14:00:00+00:00,39,Premier League,2022,Regular Season - 2,41,Southampton,63,Leeds,2,2,FT
867956,2022-08-13T14:00:00+00:00,39,Premier League,2022,Regular Season - 2,42,Arsenal,46,Leicester,4,2,FT
867962,2022-08-13T14:00:00+00:00,39,Premier League,2022,Regular Season - 2,50,Manchester City,35,Bournemouth,4,0,FT
867959,2022-08-13T14:00:00+00:00,39,Premier League,2022,Regular Season - 2,51,Brighton,34,Newcastle,0,0,FT
867958,2022-08-13T16:30:00+00:00,39,Premier League,2022,Regular Season - 2,55,Brentford,33,Manchester United,4,0,FT
867963,2022-08-14T13:00:00+00:00,39,Premier League,2022,Regular Season - 2,65,Nottingham Forest,48,West Ham,1,0,FT
867960,2022-08-14T15:30:00+00:00,39,Premier League,2022,Regular Season - 2,49,Chelsea,47,Tottenham,2,2,FT
867961,2022-08-15T19:00:00+00:00,39,Premier League,2022,Regular Season - 2,40,Liverpool,52,Crystal Palace,1,1,FT
867974,2022-08-20T11:30:00+00:00,39,Premier League,2022,Regular Season - 3,47,Tottenham,39,Wolves,1,0,FT
867969,2022-08-20T14:00:00+00:00,39,Premier League,2022,Regular Season - 3,36,Fulham,55,Brentford,3,2,FT
867968,2022-08-20T14:00:00+00:00,39,Premier League,2022,Regular Season - 3,45,Everton,65,Nottingham Forest,1,1,FT
867971,2022-08-20T14:00:00+00:00,39,Premier League,2022,Regular Season - 3,46,Leicester,41,Southampton,1,2,FT
867967,2022-08-20T14:00:00+00:00,39,Premier League,2022,Regular Season - 3,52,Crystal Palace,66,Aston Villa,3,1,FT
867966,2022-08-20T16:30:00+00:00,39,Premier League,2022,Regular Season - 3,35,Bournemouth,42,Arsenal,0,3,FT
867975,2022-08-21T13:00:00+00:00,39,Premier League,2022,Regular Season - 3,48,West Ham,51,Brighton,0,2,FT
867970,2022-08-21T13:00:00+00:00,39,Premier League,2022,Regular Season - 3,63,Leeds,49,Chelsea,3,0,FT
867973,2022-08-21T15:30:00+00:00,39,Premier League,2022,Regular Season - 3,34,Newcastle,50,Manchester City,3,3,FT
867972,2022-08-22T19:00:00+00:00,39,Premier League,2022,Regular Season - 3,33,Manchester United,40,Liverpool,2,1,FT
867984,2022-08-27T11:30:00+00:00,39,Premier League,2022,Regular Season - 4,41,Southampton,33,Manchester United,0,1,FT
867981,2022-08-27T14:00:00+00:00,39,Premier League,2022,Regular Season - 4,40,Liverpool,35,Bournemouth,9,0,FT
867980,2022-08-27T14:00:00+00:00,39,Premier League,2022,Regular Season - 4,49,Chelsea,46,Leicester,2,1,FT
867982,2022-08-27T14:00:00+00:00,39,Premier League,2022,Regular Season - 4,50,Manchester City,52,Crystal Palace,4,2,FT
867979,2022-08-27T14:00:00+00:00,39,Premier League,2022,Regular Season - 4,51,Brighton,63,Leeds,1,0,FT
867978,2022-08-27T14:00:00+00:00,39,Premier League,2022,Regular Season - 4,55,Brentford,45,Everton,1,1,FT
867976,2022-08-27T16:30:00+00:00,39,Premier League,2022,Regular Season - 4,42,Arsenal,36,Fulham,2,1,FT
867985,2022-08-28T13:00:00+00:00,39,Premier League,2022,Regular Season - 4,39,Wolves,34,Newcastle,1,1,FT
867977,2022-08-28T13:00:00+00:00,39,Premier League,2022,Regular Season - 4,66,Aston Villa,48,West Ham,0,1,FT
867983,2022-08-28T15:30:00+00:00,39,Premier League,2022,Regular Season - 4,65,Nottingham Forest,47,Tottenham,0,2,FT
867988,2022-08-30T18:30:00+00:00,39,Premier League,2022,Regular Season - 5,36,Fulham,51,Brighton,2,1,FT
867992,2022-08-30T18:30:00+00:00,39,Premier League,2022,Regular Season - 5,52,Crystal Palace,55,Brentford,1,1,FT
867993,2022-08-30T18:45:00+00:00,39,Premier League,2022,Regular Season - 5,41,Southampton,49,Chelsea,2,1,FT
867989,2022-08-30T19:00:00+00:00,39,Premier League,2022,Regular Season - 5,63,Leeds,45,Everton,1,1,FT
867986,2022-08-31T18:30:00+00:00,39,Premier League,2022,Regular Season - 5,35,Bournemouth,39,Wolves,0,0,FT
867987,2022-08-31T18:30:00+00:00,39,Premier League,2022,Regular Season - 5,42,Arsenal,66,Aston Villa,2,1,FT
867995,2022-08-31T18:30:00+00:00,39,Premier League,2022,Regular Season - 5,50,Manchester City,65,Nottingham Forest,6,0,FT
867991,2022-08-31T18:45:00+00:00,39,Premier League,2022,Regular Season - 5,48,West Ham,47,Tottenham,1,1,FT
867994,2022-08-31T19:00:00+00:00,39,Premier League,2022,Regular Season - 5,40,Liverpool,34,Newcastle,2,1,FT
867990,2022-09-01T19:00:00+00:00,39,Premier League,2022,Regular Season - 5,46,Leicester,33,Manchester United,0,1,FT
868000,2022-09-03T11:30:00+00:00,39,Premier League,2022,Regular Season - 6,45,Everton,40,Liverpool,0,0,FT
868002,2022-09-03T14:00:00+00:00,39,Premier League,2022,Regular Season - 6,34,Newcastle,52,Crystal Palace,0,0,FT
868005,2022-09-03T14:00:00+00:00,39,Premier League,2022,Regular Season - 6,39,Wolves,41,Southampton,1,0,FT
868004,2022-09-03T14:00:00+00:00,39,Premier League,2022,Regular Season - 6,47,Tottenham,36,Fulham,2,1,FT
867999,2022-09-03T14:00:00+00:00,39,Premier League,2022,Regular Season - 6,49,Chelsea,48,West Ham,2,1,FT
867997,2022-09-03T14:00:00+00:00,39,Premier League,2022,Regular Season - 6,55,Brentford,63,Leeds,5,2,FT
868003,2022-09-03T14:00:00+00:00,39,Premier League,2022,Regular Season - 6,65,Nottingham Forest,35,Bournemouth,2,3,FT
867996,2022-09-03T16:30:00+00:00,39,Premier League,2022,Regular Season - 6,66,Aston Villa,50,Manchester City,1,1,FT
867998,2022-09-04T13:00:00+00:00,39,Premier League,2022,Regular Season - 6,51,Brighton,46,Leicester,5,2,FT
868001,2022-09-04T15:30:00+00:00,39,Premier League,2022,Regular Season - 6,33,Manchester United,42,Arsenal,3,1,FT
868023,2022-09-16T19:00:00+00:00,39,Premier League,2022,Regular Season - 8,65,Nottingham Forest,36,Fulham,2,3,FT
868016,2022-09-16T19:00:00+00:00,39,Premier League,2022,Regular Season - 8,66,Aston Villa,41,Southampton,1,0,FT
868025,2022-09-17T11:30:00+00:00,39,Premier League,2022,Regular Season - 8,39,Wolves,50,Manchester City,0,3,FT
868022,2022-09-17T14:00:00+00:00,39,Premier League,2022,Regular Season - 8,34,Newcastle,35,Bournemouth,1,1,FT
868024,2022-09-17T16:30:00+00:00,39,Premier League,2022,Regular Season - 8,47,Tottenham,46,Leicester,6,2,FT
868017,2022-09-18T11:00:00+00:00,39,Premier League,2022,Regular Season - 8,55,Brentford,42,Arsenal,0,3,FT
868020,2022-09-18T13:15:00+00:00,39,Premier League,2022,Regular Season - 8,45,Everton,48,West Ham,1,0,FT
868027,2022-10-01T11:30:00+00:00,39,Premier League,2022,Regular Season - 9,42,Arsenal,47,Tottenham,3,1,FT
868026,2022-10-01T14:00:00+00:00,39,Premier League,2022,Regular Season - 9,35,Bournemouth,55,Brentford,0,0,FT
868029,2022-10-01T14:00:00+00:00,39,Premier League,2022,Regular Season - 9,36,Fulham,34,Newcastle,1,4,FT
868032,2022-10-01T14:00:00+00:00,39,Premier League,2022,Regular Season - 9,40,Liverpool,51,Brighton,3,3,FT
868034,2022-10-01T14:00:00+00:00,39,Premier League,2022,Regular Season - 9,41,Southampton,45,Everton,1,2,FT
868028,2022-10-01T14:00:00+00:00,39,Premier League,2022,Regular Season - 9,52,Crystal Palace,49,Chelsea,1,2,FT
868035,2022-10-01T16:30:00+00:00,39,Premier League,2022,Regular Season - 9,48,West Ham,39,Wolves,2,0,FT
868033,2022-10-02T13:00:00+00:00,39,Premier League,2022,Regular Season - 9,50,Manchester City,33,Manchester United,6,3,FT
868030,2022-10-02T15:30:00+00:00,39,Premier League,2022,Regular Season - 9,63,Leeds,66,Aston Villa,0,0,FT
868031,2022-10-03T19:00:00+00:00,39,Premier League,2022,Regular Season - 9,46,Leicester,65,Nottingham Forest,4,0,FT
868043,2022-10-08T14:00:00+00:00,39,Premier League,2022,Regular Season - 10,34,Newcastle,55,Brentford,5,1,FT
868036,2022-10-08T14:00:00+00:00,39,Premier League,2022,Regular Season - 10,35,Bournemouth,46,Leicester,2,1,FT
868039,2022-10-08T14:00:00+00:00,39,Premier League,2022,Regular Season - 10,49,Chelsea,39,Wolves,3,0,FT
868042,2022-10-08T14:00:00+00:00,39,Premier League,2022,Regular Season - 10,50,Manchester City,41,Southampton,4,0,FT
868038,2022-10-08T16:30:00+00:00,39,Premier League,2022,Regular Season - 10,51,Brighton,47,Tottenham,0,1,FT
868045,2022-10-09T13:00:00+00:00,39,Premier League,2022,Regular Season - 10,48,West Ham,36,Fulham,3,1,FT
868040,2022-10-09T13:00:00+00:00,39,Premier League,2022,Regular Season - 10,52,Crystal Palace,63,Leeds,2,1,FT
868037,2022-10-09T15:30:00+00:00,39,Premier League,2022,Regular Season - 10,42,Arsenal,40,Liverpool,3,2,FT
868041,2022-10-09T18:00:00+00:00,39,Premier League,2022,Regular Season - 10,45,Everton,33,Manchester United,1,2,FT
868044,2022-10-10T19:00:00+00:00,39,Premier League,2022,Regular Season - 10,65,Nottingham Forest,66,Aston Villa,1,1,FT
868047,2022-10-14T19:00:00+00:00,39,Premier League,2022,Regular Season - 11,55,Brentford,51,Brighton,2,0,FT
868050,2022-10-15T11:30:00+00:00,39,Premier League,2022,Regular Season - 11,46,Leicester,52,Crystal Palace,0,0,FT
868048,2022-10-15T14:00:00+00:00,39,Premier League,2022,Regular Season - 11,36,Fulham,35,Bournemouth,2,2,FT
868055,2022-10-15T14:00:00+00:00,39,Premier League,2022,Regular Season - 11,39,Wolves,65,Nottingham Forest,1,0,FT
868054,2022-10-15T16:30:00+00:00,39,Premier League,2022,Regular Season - 11,47,Tottenham,45,Everton,2,0,FT
868052,2022-10-16T13:00:00+00:00,39,Premier League,2022,Regular Season - 11,33,Manchester United,34,Newcastle,0,0,FT
868053,2022-10-16T13:00:00+00:00,39,Premier League,2022,Regular Season - 11,41,Southampton,48,West Ham,1,1,FT
868049,2022-10-16T13:00:00+00:00,39,Premier League,2022,Regular Season - 11,63,Leeds,42,Arsenal,0,1,FT
868046,2022-10-16T13:00:00+00:00,39,Premier League,2022,Regular Season - 11,66,Aston Villa,49,Chelsea,0,2,FT
868051,2022-10-16T15:30:00+00:00,39,Premier League,2022,Regular Season - 11,40,Liverpool,50,Manchester City,1,0,FT
868059,2022-10-18T18:30:00+00:00,39,Premier League,2022,Regular Season - 12,51,Brighton,65,Nottingham Forest,0,0,FT
868062,2022-10-18T19:15:00+00:00,39,Premier League,2022,Regular Season - 12,52,Crystal Palace,39,Wolves,2,1,FT
868063,2022-10-19T18:30:00+00:00,39,Premier League,2022,Regular Season - 12,34,Newcastle,45,Everton,1,0,FT
868056,2022-10-19T18:30:00+00:00,39,Premier League,2022,Regular Season - 12,35,Bournemouth,41,Southampton,0,1,FT
868064,2022-10-19T18:30:00+00:00,39,Premier League,2022,Regular Season - 12,40,Liverpool,48,West Ham,1,0,FT
868058,2022-10-19T18:30:00+00:00,39,Premier League,2022,Regular Season - 12,55,Brentford,49,Chelsea,0,0,FT
868065,2022-10-19T19:15:00+00:00,39,Premier League,2022,Regular Season - 12,33,Manchester United,47,Tottenham,2,0,FT
868060,2022-10-20T18:30:00+00:00,39,Premier League,2022,Regular Season - 12,36,Fulham,66,Aston Villa,3,0,FT
868061,2022-10-20T19:15:00+00:00,39,Premier League,2022,Regular Season - 12,46,Leicester,63,Leeds,2,0,FT
868071,2022-10-22T11:30:00+00:00,39,Premier League,2022,Regular Season - 13,65,Nottingham Forest,40,Liverpool,1,0,FT
868068,2022-10-22T14:00:00+00:00,39,Premier League,2022,Regular Season - 13,45,Everton,52,Crystal Palace,3,0,FT
868070,2022-10-22T14:00:00+00:00,39,Premier League,2022,Regular Season - 13,50,Manchester City,51,Brighton,3,1,FT
868067,2022-10-22T16:30:00+00:00,39,Premier League,2022,Regular Season - 13,49,Chelsea,33,Manchester United,1,1,FT
868075,2022-10-23T13:00:00+00:00,39,Premier League,2022,Regular Season - 13,39,Wolves,46,Leicester,0,4,FT
868072,2022-10-23T13:00:00+00:00,39,Premier League,2022,Regular Season - 13,41,Southampton,42,Arsenal,1,1,FT
868069,2022-10-23T13:00:00+00:00,39,Premier League,2022,Regular Season - 13,63,Leeds,36,Fulham,2,3,FT
868066,2022-10-23T13:00:00+00:00,39,Premier League,2022,Regular Season - 13,66,Aston Villa,55,Brentford,4,0,FT
868073,2022-10-23T15:30:00+00:00,39,Premier League,2022,Regular Season - 13,47,Tottenham,34,Newcastle,1,2,FT
868074,2022-10-24T19:00:00+00:00,39,Premier League,2022,Regular Season - 13,48,West Ham,35,Bournemouth,2,0,FT
868082,2022-10-29T11:30:00+00:00,39,Premier League,2022,Regular Season - 14,46,Leicester,50,Manchester City,0,1,FT
868085,2022-10-29T14:00:00+00:00,39,Premier League,2022,Regular Season - 14,34,Newcastle,66,Aston Villa,4,0,FT
868076,2022-10-29T14:00:00+00:00,39,Premier League,2022,Regular Season - 14,35,Bournemouth,47,Tottenham,2,3,FT
868079,2022-10-29T14:00:00+00:00,39,Premier League,2022,Regular Season - 14,51,Brighton,49,Chelsea,4,1,FT
868080,2022-10-29T14:00:00+00:00,39,Premier League,2022,Regular Season - 14,52,Crystal Palace,41,Southampton,1,0,FT
868078,2022-10-29T14:00:00+00:00,39,Premier League,2022,Regular Season - 14,55,Brentford,39,Wolves,1,1,FT
868081,2022-10-29T16:30:00+00:00,39,Premier League,2022,Regular Season - 14,36,Fulham,45,Everton,0,0,FT
868083,2022-10-29T18:45:00+00:00,39,Premier League,2022,Regular Season - 14,40,Liverpool,63,Leeds,1,2,FT
868077,2022-10-30T14:00:00+00:00,39,Premier League,2022,Regular Season - 14,42,Arsenal,65,Nottingham Forest,5,0,FT
868084,2022-10-30T16:15:00+00:00,39,Premier League,2022,Regular Season - 14,33,Manchester United,48,West Ham,1,0,FT
868095,2022-11-05T15:00:00+00:00,39,Premier League,2022,Regular Season - 15,39,Wolves,51,Brighton,2,3,FT
868090,2022-11-05T15:00:00+00:00,39,Premier League,2022,Regular Season - 15,50,Manchester City,36,Fulham,2,1,FT
868089,2022-11-05T15:00:00+00:00,39,Premier League,2022,Regular Season - 15,63,Leeds,35,Bournemouth,4,3,FT
868091,2022-11-05T15:00:00+00:00,39,Premier League,2022,Regular Season - 15,65,Nottingham Forest,55,Brentford,2,2,FT
868088,2022-11-05T17:30:00+00:00,39,Premier League,2022,Regular Season - 15,45,Everton,46,Leicester,0,2,FT
868087,2022-11-06T12:00:00+00:00,39,Premier League,2022,Regular Season - 15,49,Chelsea,42,Arsenal,0,1,FT
868092,2022-11-06T14:00:00+00:00,39,Premier League,2022,Regular Season - 15,41,Southampton,34,Newcastle,1,4,FT
868094,2022-11-06T14:00:00+00:00,39,Premier League,2022,Regular Season - 15,48,West Ham,52,Crystal Palace,1,2,FT
868086,2022-11-06T14:00:00+00:00,39,Premier League,2022,Regular Season - 15,66,Aston Villa,33,Manchester United,3,1,FT
868093,2022-11-06T16:30:00+00:00,39,Premier League,2022,Regular Season - 15,47,Tottenham,40,Liverpool,1,2,FT
868100,2022-11-12T12:30:00+00:00,39,Premier League,2022,Regular Season - 16,50,Manchester City,55,Brentford,1,2,FT
868096,2022-11-12T15:00:00+00:00,39,Premier League,2022,Regular Season - 16,35,Bournemouth,45,Everton,3,0,FT
868099,2022-11-12T15:00:00+00:00,39,Premier League,2022,Regular Season - 16,40,Liverpool,41,Southampton,3,1,FT
868103,2022-11-12T15:00:00+00:00,39,Premier League,2022,Regular Season - 16,47,Tottenham,63,Leeds,4,3,FT
868104,2022-11-12T15:00:00+00:00,39,Premier League,2022,Regular Season - 16,48,West Ham,46,Leicester,0,2,FT
868102,2022-11-12T15:00:00+00:00,39,Premier League,2022,Regular Season - 16,65,Nottingham Forest,52,Crystal Palace,1,0,FT
868101,2022-11-12T17:30:00+00:00,39,Premier League,2022,Regular Season - 16,34,Newcastle,49,Chelsea,1,0,FT
868105,2022-11-12T19:45:00+00:00,39,Premier League,2022,Regular Season - 16,39,Wolves,42,Arsenal,0,2,FT
868097,2022-11-13T14:00:00+00:00,39,Premier League,2022,Regular Season - 16,51,Brighton,66,Aston Villa,1,2,FT
868098,2022-11-13T16:30:00+00:00,39,Premier League,2022,Regular Season - 16,36,Fulham,33,Manchester United,1,2,FT
868108,2022-12-26T12:30:00+00:00,39,Premier League,2022,Regular Season - 17,55,Brentford,47,Tottenham,2,2,FT
868115,2022-12-26T15:00:00+00:00,39,Premier League,2022,Regular Season - 17,41,Southampton,51,Brighton,1,3,FT
868111,2022-12-26T15:00:00+00:00,39,Premier League,2022,Regular Season - 17,45,Everton,39,Wolves,1,2,FT
868113,2022-12-26T15:00:00+00:00,39,Premier League,2022,Regular Season - 17,46,Leicester,34,Newcastle,0,3,FT
868110,2022-12-26T15:00:00+00:00,39,Premier League,2022,Regular Season - 17,52,Crystal Palace,36,Fulham,0,3,FT
868107,2022-12-26T17:30:00+00:00,39,Premier League,2022,Regular Season - 17,66,Aston Villa,40,Liverpool,1,3,FT
868106,2022-12-26T20:00:00+00:00,39,Premier League,2022,Regular Season - 17,42,Arsenal,48,West Ham,3,1,FT
868109,2022-12-27T17:30:00+00:00,39,Premier League,2022,Regular Season - 17,49,Chelsea,35,Bournemouth,2,0,FT
868114,2022-12-27T20:00:00+00:00,39,Premier League,2022,Regular Season - 17,33,Manchester United,65,Nottingham Forest,3,0,FT
868112,2022-12-28T20:00:00+00:00,39,Premier League,2022,Regular Season - 17,63,Leeds,50,Manchester City,1,3,FT
868124,2022-12-30T19:45:00+00:00,39,Premier League,2022,Regular Season - 18,48,West Ham,55,Brentford,0,2,FT
868119,2022-12-30T20:00:00+00:00,39,Premier League,2022,Regular Season - 18,40,Liverpool,46,Leicester,2,1,FT
868125,2022-12-31T12:30:00+00:00,39,Premier League,2022,Regular Season - 18,39,Wolves,33,Manchester United,0,1,FT
868121,2022-12-31T15:00:00+00:00,39,Premier League,2022,Regular Season - 18,34,Newcastle,63,Leeds,0,0,FT
868116,2022-12-31T15:00:00+00:00,39,Premier League,2022,Regular Season - 18,35,Bournemouth,52,Crystal Palace,0,2,FT
868118,2022-12-31T15:00:00+00:00,39,Premier League,2022,Regular Season - 18,36,Fulham,41,Southampton,2,1,FT
868120,2022-12-31T15:00:00+00:00,39,Premier League,2022,Regular Season - 18,50,Manchester City,45,Everton,1,1,FT
868117,2022-12-31T17:30:00+00:00,39,Premier League,2022,Regular Season - 18,51,Brighton,42,Arsenal,2,4,FT
868123,2023-01-01T14:00:00+00:00,39,Premier League,2022,Regular Season - 18,47,Tottenham,66,Aston Villa,0,2,FT
868122,2023-01-01T16:30:00+00:00,39,Premier League,2022,Regular Season - 18,65,Nottingham Forest,49,Chelsea,1,1,FT
868128,2023-01-02T17:30:00+00:00,39,Premier League,2022,Regular Season - 19,55,Brentford,40,Liverpool,3,1,FT
868126,2023-01-03T19:45:00+00:00,39,Premier League,2022,Regular Season - 19,42,Arsenal,34,Newcastle,0,0,FT
868131,2023-01-03T19:45:00+00:00,39,Premier League,2022,Regular Season - 19,45,Everton,51,Brighton,1,4,FT
868133,2023-01-03T19:45:00+00:00,39,Premier League,2022,Regular Season - 19,46,Leicester,36,Fulham,0,1,FT
868134,2023-01-03T20:00:00+00:00,39,Premier League,2022,Regular Season - 19,33,Manchester United,35,Bournemouth,3,0,FT
868135,2023-01-04T19:30:00+00:00,39,Premier League,2022,Regular Season - 19,41,Southampton,65,Nottingham Forest,0,1,FT
868132,2023-01-04T19:45:00+00:00,39,Premier League,2022,Regular Season - 19,63,Leeds,48,West Ham,2,2,FT
868130,2023-01-04T20:00:00+00:00,39,Premier League,2022,Regular Season - 19,52,Crystal Palace,47,Tottenham,0,4,FT
868127,2023-01-04T20:00:00+00:00,39,Premier League,2022,Regular Season - 19,66,Aston Villa,39,Wolves,1,1,FT
868129,2023-01-05T20:00:00+00:00,39,Premier League,2022,Regular Season - 19,49,Chelsea,50,Manchester City,0,1,FT
868009,2023-01-12T20:00:00+00:00,39,Premier League,2022,Regular Season - 7,36,Fulham,49,Chelsea,2,1,FT
868136,2023-01-13T20:00:00+00:00,39,Premier League,2022,Regular Season - 20,66,Aston Villa,63,Leeds,2,1,FT
868141,2023-01-14T12:30:00+00:00,39,Premier League,2022,Regular Season - 20,33,Manchester United,50,Manchester City,2,1,FT
868145,2023-01-14T15:00:00+00:00,39,Premier League,2022,Regular Season - 20,39,Wolves,48,West Ham,1,0,FT
868140,2023-01-14T15:00:00+00:00,39,Premier League,2022,Regular Season - 20,45,Everton,41,Southampton,1,2,FT
868138,2023-01-14T15:00:00+00:00,39,Premier League,2022,Regular Season - 20,51,Brighton,40,Liverpool,3,0,FT
868143,2023-01-14T15:00:00+00:00,39,Premier League,2022,Regular Season - 20,65,Nottingham Forest,46,Leicester,2,0,FT
868137,2023-01-14T17:30:00+00:00,39,Premier League,2022,Regular Season - 20,55,Brentford,35,Bournemouth,2,0,FT
868142,2023-01-15T14:00:00+00:00,39,Premier League,2022,Regular Season - 20,34,Newcastle,36,Fulham,1,0,FT
868139,2023-01-15T14:00:00+00:00,39,Premier League,2022,Regular Season - 20,49,Chelsea,52,Crystal Palace,1,0,FT
868144,2023-01-15T16:30:00+00:00,39,Premier League,2022,Regular Season - 20,47,Tottenham,42,Arsenal,0,2,FT
868008,2023-01-18T20:00:00+00:00,39,Premier League,2022,Regular Season - 7,52,Crystal Palace,33,Manchester United,1,1,FT
868013,2023-01-19T20:00:00+00:00,39,Premier League,2022,Regular Season - 7,50,Manchester City,47,Tottenham,4,2,FT
868152,2023-01-21T12:30:00+00:00,39,Premier League,2022,Regular Season - 21,40,Liverpool,49,Chelsea,0,0,FT
868146,2023-01-21T15:00:00+00:00,39,Premier League,2022,Regular Season - 21,35,Bournemouth,65,Nottingham Forest,1,1,FT
868154,2023-01-21T15:00:00+00:00,39,Premier League,2022,Regular Season - 21,41,Southampton,66,Aston Villa,0,1,FT
868151,2023-01-21T15:00:00+00:00,39,Premier League,2022,Regular Season - 21,46,Leicester,51,Brighton,2,2,FT
868155,2023-01-21T15:00:00+00:00,39,Premier League,2022,Regular Season - 21,48,West Ham,45,Everton,2,0,FT
868148,2023-01-21T17:30:00+00:00,39,Premier League,2022,Regular Season - 21,52,Crystal Palace,34,Newcastle,0,0,FT
868153,2023-01-22T14:00:00+00:00,39,Premier League,2022,Regular Season - 21,50,Manchester City,39,Wolves,3,0,FT
868150,2023-01-22T14:00:00+00:00,39,Premier League,2022,Regular Season - 21,63,Leeds,55,Brentford,0,0,FT
868147,2023-01-22T16:30:00+00:00,39,Premier League,2022,Regular Season - 21,42,Arsenal,33,Manchester United,3,2,FT
868149,2023-01-23T20:00:00+00:00,39,Premier League,2022,Regular Season - 21,36,Fulham,47,Tottenham,0,1,FT
868159,2023-02-03T20:00:00+00:00,39,Premier League,2022,Regular Season - 22,49,Chelsea,36,Fulham,0,0,FT
868160,2023-02-04T12:30:00+00:00,39,Premier League,2022,Regular Season - 22,45,Everton,42,Arsenal,1,0,FT
868161,2023-02-04T15:00:00+00:00,39,Premier League,2022,Regular Season - 22,33,Manchester United,52,Crystal Palace,2,1,FT
868165,2023-02-04T15:00:00+00:00,39,Premier League,2022,Regular Season - 22,39,Wolves,40,Liverpool,3,0,FT
868158,2023-02-04T15:00:00+00:00,39,Premier League,2022,Regular Season - 22,51,Brighton,35,Bournemouth,1,0,FT
868157,2023-02-04T15:00:00+00:00,39,Premier League,2022,Regular Season - 22,55,Brentford,41,Southampton,3,0,FT
868156,2023-02-04T15:00:00+00:00,39,Premier League,2022,Regular Season - 22,66,Aston Villa,46,Leicester,2,4,FT
868162,2023-02-04T17:30:00+00:00,39,Premier League,2022,Regular Season - 22,34,Newcastle,48,West Ham,1,1,FT
868163,2023-02-05T14:00:00+00:00,39,Premier League,2022,Regular Season - 22,65,Nottingham Forest,63,Leeds,1,0,FT
868164,2023-02-05T16:30:00+00:00,39,Premier League,2022,Regular Season - 22,47,Tottenham,50,Manchester City,1,0,FT
868021,2023-02-08T20:00:00+00:00,39,Premier League,2022,Regular Season - 8,33,Manchester United,63,Leeds,2,2,FT
868175,2023-02-11T12:30:00+00:00,39,Premier League,2022,Regular Season - 23,48,West Ham,49,Chelsea,1,1,FT
868169,2023-02-11T15:00:00+00:00,39,Premier League,2022,Regular Season - 23,36,Fulham,65,Nottingham Forest,2,0,FT
868174,2023-02-11T15:00:00+00:00,39,Premier League,2022,Regular Season - 23,41,Southampton,39,Wolves,1,2,FT
868167,2023-02-11T15:00:00+00:00,39,Premier League,2022,Regular Season - 23,42,Arsenal,55,Brentford,1,1,FT
868171,2023-02-11T15:00:00+00:00,39,Premier League,2022,Regular Season - 23,46,Leicester,47,Tottenham,4,1,FT
868168,2023-02-11T15:00:00+00:00,39,Premier League,2022,Regular Season - 23,52,Crystal Palace,51,Brighton,1,1,FT
868166,2023-02-11T17:30:00+00:00,39,Premier League,2022,Regular Season - 23,35,Bournemouth,34,Newcastle,1,1,FT
868170,2023-02-12T14:00:00+00:00,39,Premier League,2022,Regular Season - 23,63,Leeds,33,Manchester United,0,2,FT
868173,2023-02-12T16:30:00+00:00,39,Premier League,2022,Regular Season - 23,50,Manchester City,66,Aston Villa,3,1,FT
868172,2023-02-13T20:00:00+00:00,39,Premier League,2022,Regular Season - 23,40,Liverpool,45,Everton,2,0,FT
868057,2023-02-15T19:30:00+00:00,39,Premier League,2022,Regular Season - 12,42,Arsenal,50,Manchester City,1,3,FT
868176,2023-02-18T12:30:00+00:00,39,Premier League,2022,Regular Season - 24,66,Aston Villa,42,Arsenal,2,4,FT
868185,2023-02-18T15:00:00+00:00,39,Premier League,2022,Regular Season - 24,39,Wolves,35,Bournemouth,0,1,FT
868180,2023-02-18T15:00:00+00:00,39,Premier League,2022,Regular Season - 24,45,Everton,63,Leeds,1,0,FT
868179,2023-02-18T15:00:00+00:00,39,Premier League,2022,Regular Season - 24,49,Chelsea,41,Southampton,0,1,FT
868178,2023-02-18T15:00:00+00:00,39,Premier League,2022,Regular Season - 24,51,Brighton,36,Fulham,0,1,FT
868177,2023-02-18T15:00:00+00:00,39,Premier League,2022,Regular Season - 24,55,Brentford,52,Crystal Palace,1,1,FT
868183,2023-02-18T15:00:00+00:00,39,Premier League,2022,Regular Season - 24,65,Nottingham Forest,50,Manchester City,1,1,FT
868182,2023-02-18T17:30:00+00:00,39,Premier League,2022,Regular Season - 24,34,Newcastle,40,Liverpool,0,2,FT
868181,2023-02-19T14:00:00+00:00,39,Premier League,2022,Regular Season - 24,33,Manchester United,46,Leicester,3,0,FT
868184,2023-02-19T16:30:00+00:00,39,Premier League,2022,Regular Season - 24,47,Tottenham,48,West Ham,2,0,FT
868189,2023-02-24T20:00:00+00:00,39,Premier League,2022,Regular Season - 25,36,Fulham,39,Wolves,1,1,FT
868188,2023-02-25T15:00:00+00:00,39,Premier League,2022,Regular Season - 25,45,Everton,66,Aston Villa,0,2,FT
868191,2023-02-25T15:00:00+00:00,39,Premier League,2022,Regular Season - 25,46,Leicester,42,Arsenal,0,1,FT
868195,2023-02-25T15:00:00+00:00,39,Premier League,2022,Regular Season - 25,48,West Ham,65,Nottingham Forest,4,0,FT
868190,2023-02-25T15:00:00+00:00,39,Premier League,2022,Regular Season - 25,63,Leeds,41,Southampton,1,0,FT
868186,2023-02-25T17:30:00+00:00,39,Premier League,2022,Regular Season - 25,35,Bournemouth,50,Manchester City,1,4,FT
868187,2023-02-25T19:45:00+00:00,39,Premier League,2022,Regular Season - 25,52,Crystal Palace,40,Liverpool,0,0,FT
868194,2023-02-26T13:30:00+00:00,39,Premier League,2022,Regular Season - 25,47,Tottenham,49,Chelsea,2,0,FT
868007,2023-03-01T19:45:00+00:00,39,Premier League,2022,Regular Season - 7,42,Arsenal,45,Everton,4,0,FT
868012,2023-03-01T20:00:00+00:00,39,Premier League,2022,Regular Season - 7,40,Liverpool,39,Wolves,2,0,FT
868202,2023-03-04T12:30:00+00:00,39,Premier League,2022,Regular Season - 26,50,Manchester City,34,Newcastle,2,0,FT
868205,2023-03-04T15:00:00+00:00,39,Premier League,2022,Regular Season - 26,39,Wolves,47,Tottenham,1,0,FT
868196,2023-03-04T15:00:00+00:00,39,Premier League,2022,Regular Season - 26,42,Arsenal,35,Bournemouth,3,2,FT
868200,2023-03-04T15:00:00+00:00,39,Premier League,2022,Regular Season - 26,49,Chelsea,63,Leeds,1,0,FT
868199,2023-03-04T15:00:00+00:00,39,Premier League,2022,Regular Season - 26,51,Brighton,48,West Ham,4,0,FT
868197,2023-03-04T15:00:00+00:00,39,Premier League,2022,Regular Season - 26,66,Aston Villa,52,Crystal Palace,1,0,FT
868204,2023-03-04T17:30:00+00:00,39,Premier League,2022,Regular Season - 26,41,Southampton,46,Leicester,1,0,FT
868203,2023-03-05T14:00:00+00:00,39,Premier League,2022,Regular Season - 26,65,Nottingham Forest,45,Everton,2,2,FT
868201,2023-03-05T16:30:00+00:00,39,Premier League,2022,Regular Season - 26,40,Liverpool,33,Manchester United,7,0,FT
868198,2023-03-06T20:00:00+00:00,39,Premier League,2022,Regular Season - 26,55,Brentford,36,Fulham,3,2,FT
868206,2023-03-11T12:30:00+00:00,39,Premier League,2022,Regular Season - 27,35,Bournemouth,40,Liverpool,1,0,FT
868208,2023-03-11T15:00:00+00:00,39,Premier League,2022,Regular Season - 27,45,Everton,55,Brentford,1,0,FT
868211,2023-03-11T15:00:00+00:00,39,Premier League,2022,Regular Season - 27,46,Leicester,49,Chelsea,1,3,FT
868214,2023-03-11T15:00:00+00:00,39,Premier League,2022,Regular Season - 27,47,Tottenham,65,Nottingham Forest,3,1,FT
868210,2023-03-11T15:00:00+00:00,39,Premier League,2022,Regular Season - 27,63,Leeds,51,Brighton,2,2,FT
868207,2023-03-11T17:30:00+00:00,39,Premier League,2022,Regular Season - 27,52,Crystal Palace,50,Manchester City,0,1,FT
868212,2023-03-12T14:00:00+00:00,39,Premier League,2022,Regular Season - 27,33,Manchester United,41,Southampton,0,0,FT
868209,2023-03-12T14:00:00+00:00,39,Premier League,2022,Regular Season - 27,36,Fulham,42,Arsenal,0,3,FT
868215,2023-03-12T14:00:00+00:00,39,Premier League,2022,Regular Season - 27,48,West Ham,66,Aston Villa,1,1,FT
868213,2023-03-12T16:30:00+00:00,39,Premier League,2022,Regular Season - 27,34,Newcastle,39,Wolves,2,1,FT
868014,2023-03-15T19:30:00+00:00,39,Premier League,2022,Regular Season - 7,41,Southampton,55,Brentford,0,2,FT
868018,2023-03-15T19:30:00+00:00,39,Premier League,2022,Regular Season - 8,51,Brighton,52,Crystal Palace,1,0,FT
868223,2023-03-17T20:00:00+00:00,39,Premier League,2022,Regular Season - 28,65,Nottingham Forest,34,Newcastle,1,2,FT
868225,2023-03-18T15:00:00+00:00,39,Premier League,2022,Regular Season - 28,39,Wolves,63,Leeds,2,4,FT
868224,2023-03-18T15:00:00+00:00,39,Premier League,2022,Regular Season - 28,41,Southampton,47,Tottenham,3,3,FT
868218,2023-03-18T15:00:00+00:00,39,Premier League,2022,Regular Season - 28,55,Brentford,46,Leicester,1,1,FT
868217,2023-03-18T15:00:00+00:00,39,Premier League,2022,Regular Season - 28,66,Aston Villa,35,Bournemouth,3,0,FT
868220,2023-03-18T17:30:00+00:00,39,Premier League,2022,Regular Season - 28,49,Chelsea,45,Everton,2,2,FT
868216,2023-03-19T14:00:00+00:00,39,Premier League,2022,Regular Season - 28,42,Arsenal,52,Crystal Palace,4,1,FT
868232,2023-04-01T11:30:00+00:00,39,Premier League,2022,Regular Season - 29,50,Manchester City,40,Liverpool,4,1,FT
868226,2023-04-01T14:00:00+00:00,39,Premier League,2022,Regular Season - 29,35,Bournemouth,36,Fulham,2,1,FT
868227,2023-04-01T14:00:00+00:00,39,Premier League,2022,Regular Season - 29,42,Arsenal,63,Leeds,4,1,FT
868228,2023-04-01T14:00:00+00:00,39,Premier League,2022,Regular Season - 29,51,Brighton,55,Brentford,3,3,FT
868230,2023-04-01T14:00:00+00:00,39,Premier League,2022,Regular Season - 29,52,Crystal Palace,46,Leicester,2,1,FT
868234,2023-04-01T14:00:00+00:00,39,Premier League,2022,Regular Season - 29,65,Nottingham Forest,39,Wolves,1,1,FT
868229,2023-04-01T16:30:00+00:00,39,Premier League,2022,Regular Season - 29,49,Chelsea,66,Aston Villa,0,2,FT
868235,2023-04-02T13:00:00+00:00,39,Premier League,2022,Regular Season - 29,48,West Ham,41,Southampton,1,0,FT
868233,2023-04-02T15:30:00+00:00,39,Premier League,2022,Regular Season - 29,34,Newcastle,33,Manchester United,2,0,FT
868231,2023-04-03T19:00:00+00:00,39,Premier League,2022,Regular Season - 29,45,Everton,47,Tottenham,1,1,FT
868006,2023-04-04T18:45:00+00:00,39,Premier League,2022,Regular Season - 7,35,Bournemouth,51,Brighton,0,2,FT
868011,2023-04-04T18:45:00+00:00,39,Premier League,2022,Regular Season - 7,46,Leicester,66,Aston Villa,1,2,FT
868010,2023-04-04T18:45:00+00:00,39,Premier League,2022,Regular Season - 7,63,Leeds,65,Nottingham Forest,2,1,FT
868019,2023-04-04T19:00:00+00:00,39,Premier League,2022,Regular Season - 8,49,Chelsea,40,Liverpool,0,0,FT
868192,2023-04-05T19:00:00+00:00,39,Premier League,2022,Regular Season - 25,33,Manchester United,55,Brentford,1,0,FT
868015,2023-04-05T19:00:00+00:00,39,Premier League,2022,Regular Season - 7,48,West Ham,34,Newcastle,1,5,FT
868242,2023-04-08T11:30:00+00:00,39,Premier League,2022,Regular Season - 30,33,Manchester United,45,Everton,2,0,FT
868238,2023-04-08T14:00:00+00:00,39,Premier League,2022,Regular Season - 30,36,Fulham,48,West Ham,0,1,FT
868245,2023-04-08T14:00:00+00:00,39,Premier League,2022,Regular Season - 30,39,Wolves,49,Chelsea,1,0,FT
868240,2023-04-08T14:00:00+00:00,39,Premier League,2022,Regular Season - 30,46,Leicester,35,Bournemouth,0,1,FT
868244,2023-04-08T14:00:00+00:00,39,Premier League,2022,Regular Season - 30,47,Tottenham,51,Brighton,2,1,FT
868237,2023-04-08T14:00:00+00:00,39,Premier League,2022,Regular Season - 30,55,Brentford,34,Newcastle,1,2,FT
868236,2023-04-08T14:00:00+00:00,39,Premier League,2022,Regular Season - 30,66,Aston Villa,65,Nottingham Forest,2,0,FT
868243,2023-04-08T16:30:00+00:00,39,Premier League,2022,Regular Season - 30,41,Southampton,50,Manchester City,1,4,FT
868239,2023-04-09T13:00:00+00:00,39,Premier League,2022,Regular Season - 30,63,Leeds,52,Crystal Palace,1,5,FT
868241,2023-04-09T15:30:00+00:00,39,Premier League,2022,Regular Season - 30,40,Liverpool,42,Arsenal,2,2,FT
868246,2023-04-15T11:30:00+00:00,39,Premier League,2022,Regular Season - 31,66,Aston Villa,34,Newcastle,3,0,FT
868255,2023-04-15T14:00:00+00:00,39,Premier League,2022,Regular Season - 31,39,Wolves,55,Brentford,2,0,FT
868252,2023-04-15T14:00:00+00:00,39,Premier League,2022,Regular Season - 31,41,Southampton,52,Crystal Palace,0,2,FT
868248,2023-04-15T14:00:00+00:00,39,Premier League,2022,Regular Season - 31,45,Everton,36,Fulham,1,3,FT
868247,2023-04-15T14:00:00+00:00,39,Premier League,2022,Regular Season - 31,49,Chelsea,51,Brighton,1,2,FT
868253,2023-04-15T14:15:00+00:00,39,Premier League,2022,Regular Season - 31,47,Tottenham,35,Bournemouth,2,3,FT
868250,2023-04-15T16:30:00+00:00,39,Premier League,2022,Regular Season - 31,50,Manchester City,46,Leicester,3,1,FT
868254,2023-04-16T13:00:00+00:00,39,Premier League,2022,Regular Season - 31,48,West Ham,42,Arsenal,2,2,FT
868251,2023-04-16T15:30:00+00:00,39,Premier League,2022,Regular Season - 31,65,Nottingham Forest,33,Manchester United,0,2,FT
868249,2023-04-17T19:00:00+00:00,39,Premier League,2022,Regular Season - 31,63,Leeds,40,Liverpool,1,6,FT
868257,2023-04-21T19:00:00+00:00,39,Premier League,2022,Regular Season - 32,42,Arsenal,41,Southampton,3,3,FT
868261,2023-04-22T11:30:00+00:00,39,Premier League,2022,Regular Season - 32,36,Fulham,63,Leeds,2,1,FT
868263,2023-04-22T14:00:00+00:00,39,Premier League,2022,Regular Season - 32,40,Liverpool,65,Nottingham Forest,3,2,FT
868262,2023-04-22T14:00:00+00:00,39,Premier League,2022,Regular Season - 32,46,Leicester,39,Wolves,2,1,FT
868260,2023-04-22T14:00:00+00:00,39,Premier League,2022,Regular Season - 32,52,Crystal Palace,45,Everton,0,0,FT
868258,2023-04-22T14:00:00+00:00,39,Premier League,2022,Regular Season - 32,55,Brentford,66,Aston Villa,1,1,FT
868265,2023-04-23T13:00:00+00:00,39,Premier League,2022,Regular Season - 32,34,Newcastle,47,Tottenham,6,1,FT
868256,2023-04-23T13:00:00+00:00,39,Premier League,2022,Regular Season - 32,35,Bournemouth,48,West Ham,0,4,FT
868271,2023-04-25T18:30:00+00:00,39,Premier League,2022,Regular Season - 33,39,Wolves,52,Crystal Palace,2,0,FT
868272,2023-04-25T18:45:00+00:00,39,Premier League,2022,Regular Season - 33,66,Aston Villa,36,Fulham,1,0,FT
868267,2023-04-25T19:00:00+00:00,39,Premier League,2022,Regular Season - 33,63,Leeds,46,Leicester,1,1,FT
868268,2023-04-26T18:30:00+00:00,39,Premier League,2022,Regular Season - 33,65,Nottingham Forest,51,Brighton,3,1,FT
868270,2023-04-26T18:45:00+00:00,39,Premier League,2022,Regular Season - 33,48,West Ham,40,Liverpool,1,2,FT
868273,2023-04-26T18:45:00+00:00,39,Premier League,2022,Regular Season - 33,49,Chelsea,55,Brentford,0,2,FT
868275,2023-04-26T19:00:00+00:00,39,Premier League,2022,Regular Season - 33,50,Manchester City,42,Arsenal,4,1,FT
868274,2023-04-27T18:45:00+00:00,39,Premier League,2022,Regular Season - 33,41,Southampton,35,Bournemouth,0,1,FT
868266,2023-04-27T18:45:00+00:00,39,Premier League,2022,Regular Season - 33,45,Everton,34,Newcastle,1,4,FT
868269,2023-04-27T19:15:00+00:00,39,Premier League,2022,Regular Season - 33,47,Tottenham,33,Manchester United,2,2,FT
868280,2023-04-29T11:30:00+00:00,39,Premier League,2022,Regular Season - 34,52,Crystal Palace,48,West Ham,4,3,FT
868279,2023-04-29T14:00:00+00:00,39,Premier League,2022,Regular Season - 34,51,Brighton,39,Wolves,6,0,FT
868278,2023-04-29T14:00:00+00:00,39,Premier League,2022,Regular Season - 34,55,Brentford,65,Nottingham Forest,2,1,FT
868284,2023-04-30T13:00:00+00:00,39,Premier League,2022,Regular Season - 34,33,Manchester United,66,Aston Villa,1,0,FT
868285,2023-04-30T13:00:00+00:00,39,Premier League,2022,Regular Season - 34,34,Newcastle,41,Southampton,3,1,FT
868276,2023-04-30T13:00:00+00:00,39,Premier League,2022,Regular Season - 34,35,Bournemouth,63,Leeds,4,1,FT
868281,2023-04-30T13:00:00+00:00,39,Premier League,2022,Regular Season - 34,36,Fulham,50,Manchester City,1,2,FT
868283,2023-04-30T15:30:00+00:00,39,Premier League,2022,Regular Season - 34,40,Liverpool,47,Tottenham,4,3,FT
868282,2023-05-01T19:00:00+00:00,39,Premier League,2022,Regular Season - 34,46,Leicester,45,Everton,2,2,FT
868277,2023-05-02T19:00:00+00:00,39,Premier League,2022,Regular Season - 34,42,Arsenal,49,Chelsea,3,1,FT
868221,2023-05-03T19:00:00+00:00,39,Premier League,2022,Regular Season - 28,40,Liverpool,36,Fulham,1,0,FT
868222,2023-05-03T19:00:00+00:00,39,Premier League,2022,Regular Season - 28,50,Manchester City,48,West Ham,3,0,FT
868219,2023-05-04T19:00:00+00:00,39,Premier League,2022,Regular Season - 28,51,Brighton,33,Manchester United,1,0,FT
868286,2023-05-06T14:00:00+00:00,39,Premier League,2022,Regular Season - 35,35,Bournemouth,49,Chelsea,1,3,FT
868295,2023-05-06T14:00:00+00:00,39,Premier League,2022,Regular Season - 35,39,Wolves,66,Aston Villa,1,0,FT
868293,2023-05-06T14:00:00+00:00,39,Premier League,2022,Regular Season - 35,47,Tottenham,52,Crystal Palace,1,0,FT
868290,2023-05-06T14:00:00+00:00,39,Premier League,2022,Regular Season - 35,50,Manchester City,63,Leeds,2,1,FT
868289,2023-05-06T16:30:00+00:00,39,Premier League,2022,Regular Season - 35,40,Liverpool,55,Brentford,1,0,FT
868291,2023-05-07T15:30:00+00:00,39,Premier League,2022,Regular Season - 35,34,Newcastle,42,Arsenal,0,2,FT
868294,2023-05-07T18:00:00+00:00,39,Premier League,2022,Regular Season - 35,48,West Ham,33,Manchester United,1,0,FT
868288,2023-05-08T14:00:00+00:00,39,Premier League,2022,Regular Season - 35,36,Fulham,46,Leicester,5,3,FT
868287,2023-05-08T16:30:00+00:00,39,Premier League,2022,Regular Season - 35,51,Brighton,45,Everton,1,5,FT
868292,2023-05-08T19:00:00+00:00,39,Premier League,2022,Regular Season - 35,65,Nottingham Forest,41,Southampton,4,3,FT
868302,2023-05-13T11:30:00+00:00,39,Premier League,2022,Regular Season - 36,63,Leeds,34,Newcastle,2,2,FT
868304,2023-05-13T14:00:00+00:00,39,Premier League,2022,Regular Season - 36,33,Manchester United,39,Wolves,2,0,FT
868305,2023-05-13T14:00:00+00:00,39,Premier League,2022,Regular Season - 36,41,Southampton,36,Fulham,0,2,FT
868299,2023-05-13T14:00:00+00:00,39,Premier League,2022,Regular Season - 36,49,Chelsea,65,Nottingham Forest,2,2,FT
868300,2023-05-13T14:00:00+00:00,39,Premier League,2022,Regular Season - 36,52,Crystal Palace,35,Bournemouth,2,0,FT
868297,2023-05-13T14:00:00+00:00,39,Premier League,2022,Regular Season - 36,66,Aston Villa,47,Tottenham,2,1,FT
868301,2023-05-14T13:00:00+00:00,39,Premier League,2022,Regular Season - 36,45,Everton,50,Manchester City,0,3,FT
868298,2023-05-14T13:00:00+00:00,39,Premier League,2022,Regular Season - 36,55,Brentford,48,West Ham,2,0,FT
868296,2023-05-14T15:30:00+00:00,39,Premier League,2022,Regular Season - 36,42,Arsenal,51,Brighton,0,3,FT
868303,2023-05-15T19:00:00+00:00,39,Premier League,2022,Regular Season - 36,46,Leicester,40,Liverpool,0,3,FT
868193,2023-05-18T18:30:00+00:00,39,Premier League,2022,Regular Season - 25,34,Newcastle,51,Brighton,4,1,FT
868313,2023-05-20T11:30:00+00:00,39,Premier League,2022,Regular Season - 37,47,Tottenham,55,Brentford,1,3,FT
868306,2023-05-20T14:00:00+00:00,39,Premier League,2022,Regular Season - 37,35,Bournemouth,33,Manchester United,0,1,FT
868308,2023-05-20T14:00:00+00:00,39,Premier League,2022,Regular Season - 37,36,Fulham,52,Crystal Palace,2,2,FT
868315,2023-05-20T14:00:00+00:00,39,Premier League,2022,Regular Season - 37,39,Wolves,45,Everton,1,1,FT
868309,2023-05-20T14:00:00+00:00,39,Premier League,2022,Regular Season - 37,40,Liverpool,66,Aston Villa,1,1,FT
868312,2023-05-20T16:30:00+00:00,39,Premier League,2022,Regular Season - 37,65,Nottingham Forest,42,Arsenal,1,0,FT
868314,2023-05-21T12:30:00+00:00,39,Premier League,2022,Regular Season - 37,48,West Ham,63,Leeds,3,1,FT
868307,2023-05-21T13:00:00+00:00,39,Premier League,2022,Regular Season - 37,51,Brighton,41,Southampton,3,1,FT
868310,2023-05-21T15:00:00+00:00,39,Premier League,2022,Regular Season - 37,50,Manchester City,49,Chelsea,1,0,FT
868311,2023-05-22T19:00:00+00:00,39,Premier League,2022,Regular Season - 37,34,Newcastle,46,Leicester,0,0,FT
868259,2023-05-24T19:00:00+00:00,39,Premier League,2022,Regular Season - 32,51,Brighton,50,Manchester City,1,1,FT
868264,2023-05-25T19:00:00+00:00,39,Premier League,2022,Regular Season - 32,33,Manchester United,49,Chelsea,4,1,FT
868324,2023-05-28T15:30:00+00:00,39,Premier League,2022,Regular Season - 38,33,Manchester United,36,Fulham,2,1,FT
868325,2023-05-28T15:30:00+00:00,39,Premier League,2022,Regular Season - 38,41,Southampton,40,Liverpool,4,4,FT
868316,2023-05-28T15:30:00+00:00,39,Premier League,2022,Regular Season - 38,42,Arsenal,39,Wolves,5,0,FT
868321,2023-05-28T15:30:00+00:00,39,Premier League,2022,Regular Season - 38,45,Everton,35,Bournemouth,1,0,FT
868323,2023-05-28T15:30:00+00:00,39,Premier League,2022,Regular Season - 38,46,Leicester,48,West Ham,2,1,FT
868319,2023-05-28T15:30:00+00:00,39,Premier League,2022,Regular Season - 38,49,Chelsea,34,Newcastle,1,1,FT
868320,2023-05-28T15:30:00+00:00,39,Premier League,2022,Regular Season - 38,52,Crystal Palace,65,Nottingham Forest,1,1,FT
868318,2023-05-28T15:30:00+00:00,39,Premier League,2022,Regular Season - 38,55,Brentford,50,Manchester City,1,0,FT
868322,2023-05-28T15:30:00+00:00,39,Premier League,2022,Regular Season - 38,63,Leeds,47,Tottenham,1,4,FT
868317,2023-05-28T15:30:00+00:00,39,Premier League,2022,Regular Season - 38,66,Aston Villa,51,Brighton,2,1,FT
1035037,2023-08-11T19:00:00+00:00,39,Premier League,2023,Regular Season - 1,44,Burnley,50,Manchester City,0,3,FT
1035038,2023-08-12T11:30:00+00:00,39,Premier League,2023,Regular Season - 1,42,Arsenal,65,Nottingham Forest,2,1,FT
1035039,2023-08-12T14:00:00+00:00,39,Premier League,2023,Regular Season - 1,35,Bournemouth,48,West Ham,1,1,FT
1035041,2023-08-12T14:00:00+00:00,39,Premier League,2023,Regular Season - 1,45,Everton,36,Fulham,0,1,FT
1035040,2023-08-12T14:00:00+00:00,39,Premier League,2023,Regular Season - 1,51,Brighton,1359,Luton,4,1,FT
1035042,2023-08-12T14:00:00+00:00,39,Premier League,2023,Regular Season - 1,62,Sheffield Utd,52,Crystal Palace,0,1,FT
1035043,2023-08-12T16:30:00+00:00,39,Premier League,2023,Regular Season - 1,34,Newcastle,66,Aston Villa,5,1,FT
1035044,2023-08-13T13:00:00+00:00,39,Premier League,2023,Regular Season - 1,55,Brentford,47,Tottenham,2,2,FT
1035045,2023-08-13T15:30:00+00:00,39,Premier League,2023,Regular Season - 1,49,Chelsea,40,Liverpool,1,1,FT
1035046,2023-08-14T19:00:00+00:00,39,Premier League,2023,Regular Season - 1,33,Manchester United,39,Wolves,1,0,FT
1035053,2023-08-18T18:45:00+00:00,39,Premier League,2023,Regular Season - 2,65,Nottingham Forest,62,Sheffield Utd,2,1,FT
1035049,2023-08-19T14:00:00+00:00,39,Premier League,2023,Regular Season - 2,36,Fulham,55,Brentford,0,3,FT
1035056,2023-08-19T14:00:00+00:00,39,Premier League,2023,Regular Season - 2,39,Wolves,51,Brighton,1,4,FT
1035050,2023-08-19T14:00:00+00:00,39,Premier League,2023,Regular Season - 2,40,Liverpool,35,Bournemouth,3,1,FT
1035054,2023-08-19T16:30:00+00:00,39,Premier League,2023,Regular Season - 2,47,Tottenham,33,Manchester United,2,0,FT
1035052,2023-08-19T19:00:00+00:00,39,Premier League,2023,Regular Season - 2,50,Manchester City,34,Newcastle,1,0,FT
1035047,2023-08-20T13:00:00+00:00,39,Premier League,2023,Regular Season - 2,66,Aston Villa,45,Everton,4,0,FT
1035055,2023-08-20T15:30:00+00:00,39,Premier League,2023,Regular Season - 2,48,West Ham,49,Chelsea,3,1,FT
1035048,2023-08-21T19:00:00+00:00,39,Premier League,2023,Regular Season - 2,52,Crystal Palace,42,Arsenal,0,1,FT
1035062,2023-08-25T19:00:00+00:00,39,Premier League,2023,Regular Season - 3,49,Chelsea,1359,Luton,3,0,FT
1035057,2023-08-26T11:30:00+00:00,39,Premier League,2023,Regular Season - 3,35,Bournemouth,47,Tottenham,0,2,FT
1035064,2023-08-26T14:00:00+00:00,39,Premier League,2023,Regular Season - 3,33,Manchester United,65,Nottingham Forest,3,2,FT
1035058,2023-08-26T14:00:00+00:00,39,Premier League,2023,Regular Season - 3,42,Arsenal,36,Fulham,2,2,FT
1035063,2023-08-26T14:00:00+00:00,39,Premier League,2023,Regular Season - 3,45,Everton,39,Wolves,0,1,FT
1035059,2023-08-26T14:00:00+00:00,39,Premier League,2023,Regular Season - 3,55,Brentford,52,Crystal Palace,1,1,FT
1035060,2023-08-26T16:30:00+00:00,39,Premier League,2023,Regular Season - 3,51,Brighton,48,West Ham,1,3,FT
1035061,2023-08-27T13:00:00+00:00,39,Premier League,2023,Regular Season - 3,44,Burnley,66,Aston Villa,1,3,FT
1035066,2023-08-27T13:00:00+00:00,39,Premier League,2023,Regular Season - 3,62,Sheffield Utd,50,Manchester City,1,2,FT
1035065,2023-08-27T15:30:00+00:00,39,Premier League,2023,Regular Season - 3,34,Newcastle,40,Liverpool,1,2,FT
1035074,2023-09-01T19:00:00+00:00,39,Premier League,2023,Regular Season - 4,1359,Luton,48,West Ham,1,2,FT
1035076,2023-09-02T11:30:00+00:00,39,Premier League,2023,Regular Season - 4,62,Sheffield Utd,45,Everton,2,2,FT
1035070,2023-09-02T14:00:00+00:00,39,Premier League,2023,Regular Season - 4,44,Burnley,47,Tottenham,2,5,FT
1035071,2023-09-02T14:00:00+00:00,39,Premier League,2023,Regular Season - 4,49,Chelsea,65,Nottingham Forest,0,1,FT
1035075,2023-09-02T14:00:00+00:00,39,Premier League,2023,Regular Season - 4,50,Manchester City,36,Fulham,5,1,FT
1035068,2023-09-02T14:00:00+00:00,39,Premier League,2023,Regular Season - 4,55,Brentford,35,Bournemouth,2,2,FT
1035069,2023-09-02T16:30:00+00:00,39,Premier League,2023,Regular Season - 4,51,Brighton,34,Newcastle,3,1,FT
1035073,2023-09-03T13:00:00+00:00,39,Premier League,2023,Regular Season - 4,40,Liverpool,66,Aston Villa,3,0,FT
1035072,2023-09-03T13:00:00+00:00,39,Premier League,2023,Regular Season - 4,52,Crystal Palace,39,Wolves,3,2,FT
1035067,2023-09-03T15:30:00+00:00,39,Premier League,2023,Regular Season - 4,42,Arsenal,33,Manchester United,3,1,FT
1035086,2023-09-16T11:30:00+00:00,39,Premier League,2023,Regular Season - 5,39,Wolves,40,Liverpool,1,3,FT
1035081,2023-09-16T14:00:00+00:00,39,Premier League,2023,Regular Season - 5,33,Manchester United,51,Brighton,1,3,FT
1035080,2023-09-16T14:00:00+00:00,39,Premier League,2023,Regular Season - 5,36,Fulham,1359,Luton,1,0,FT
1035084,2023-09-16T14:00:00+00:00,39,Premier League,2023,Regular Season - 5,47,Tottenham,62,Sheffield Utd,2,1,FT
1035085,2023-09-16T14:00:00+00:00,39,Premier League,2023,Regular Season - 5,48,West Ham,50,Manchester City,1,3,FT
1035078,2023-09-16T14:00:00+00:00,39,Premier League,2023,Regular Season - 5,66,Aston Villa,52,Crystal Palace,3,1,FT
1035082,2023-09-16T16:30:00+00:00,39,Premier League,2023,Regular Season - 5,34,Newcastle,55,Brentford,1,0,FT
1035077,2023-09-17T13:00:00+00:00,39,Premier League,2023,Regular Season - 5,35,Bournemouth,49,Chelsea,0,0,FT
1035079,2023-09-17T15:30:00+00:00,39,Premier League,2023,Regular Season - 5,45,Everton,42,Arsenal,0,1,FT
1035083,2023-09-18T18:45:00+00:00,39,Premier League,2023,Regular Season - 5,65,Nottingham Forest,44,Burnley,1,1,FT
1035095,2023-09-23T14:00:00+00:00,39,Premier League,2023,Regular Season - 6,50,Manchester City,65,Nottingham Forest,2,0,FT
1035092,2023-09-23T14:00:00+00:00,39,Premier League,2023,Regular Season - 6,52,Crystal Palace,36,Fulham,0,0,FT
1035094,2023-09-23T14:00:00+00:00,39,Premier League,2023,Regular Season - 6,1359,Luton,39,Wolves,1,1,FT
1035088,2023-09-23T16:30:00+00:00,39,Premier League,2023,Regular Season - 6,55,Brentford,45,Everton,1,3,FT
1035090,2023-09-23T19:00:00+00:00,39,Premier League,2023,Regular Season - 6,44,Burnley,33,Manchester United,0,1,FT
1035093,2023-09-24T13:00:00+00:00,39,Premier League,2023,Regular Season - 6,40,Liverpool,48,West Ham,3,1,FT
1035087,2023-09-24T13:00:00+00:00,39,Premier League,2023,Regular Season - 6,42,Arsenal,47,Tottenham,2,2,FT
1035091,2023-09-24T13:00:00+00:00,39,Premier League,2023,Regular Season - 6,49,Chelsea,66,Aston Villa,0,1,FT
1035089,2023-09-24T13:00:00+00:00,39,Premier League,2023,Regular Season - 6,51,Brighton,35,Bournemouth,3,1,FT
1035096,2023-09-24T15:30:00+00:00,39,Premier League,2023,Regular Season - 6,62,Sheffield Utd,34,Newcastle,0,8,FT
1035098,2023-09-30T11:30:00+00:00,39,Premier League,2023,Regular Season - 7,66,Aston Villa,51,Brighton,6,1,FT
1035101,2023-09-30T14:00:00+00:00,39,Premier League,2023,Regular Season - 7,33,Manchester United,52,Crystal Palace,0,1,FT
1035102,2023-09-30T14:00:00+00:00,39,Premier League,2023,Regular Season - 7,34,Newcastle,44,Burnley,2,0,FT
1035097,2023-09-30T14:00:00+00:00,39,Premier League,2023,Regular Season - 7,35,Bournemouth,42,Arsenal,0,4,FT
1035106,2023-09-30T14:00:00+00:00,39,Premier League,2023,Regular Season - 7,39,Wolves,50,Manchester City,2,1,FT
1035099,2023-09-30T14:00:00+00:00,39,Premier League,2023,Regular Season - 7,45,Everton,1359,Luton,1,2,FT
1035105,2023-09-30T14:00:00+00:00,39,Premier League,2023,Regular Season - 7,48,West Ham,62,Sheffield Utd,2,0,FT
1035104,2023-09-30T16:30:00+00:00,39,Premier League,2023,Regular Season - 7,47,Tottenham,40,Liverpool,2,1,FT
1035103,2023-10-01T13:00:00+00:00,39,Premier League,2023,Regular Season - 7,65,Nottingham Forest,55,Brentford,1,1,FT
1035100,2023-10-02T19:00:00+00:00,39,Premier League,2023,Regular Season - 7,36,Fulham,49,Chelsea,0,2,FT
1035051,2023-10-03T18:30:00+00:00,39,Premier League,2023,Regular Season - 2,1359,Luton,44,Burnley,1,2,FT
1035113,2023-10-07T11:30:00+00:00,39,Premier League,2023,Regular Season - 8,1359,Luton,47,Tottenham,0,1,FT
1035114,2023-10-07T14:00:00+00:00,39,Premier League,2023,Regular Season - 8,33,Manchester United,55,Brentford,2,1,FT
1035112,2023-10-07T14:00:00+00:00,39,Premier League,2023,Regular Season - 8,36,Fulham,62,Sheffield Utd,3,1,FT
1035109,2023-10-07T14:00:00+00:00,39,Premier League,2023,Regular Season - 8,44,Burnley,49,Chelsea,1,4,FT
1035111,2023-10-07T14:00:00+00:00,39,Premier League,2023,Regular Season - 8,45,Everton,35,Bournemouth,3,0,FT
1035110,2023-10-07T16:30:00+00:00,39,Premier League,2023,Regular Season - 8,52,Crystal Palace,65,Nottingham Forest,0,0,FT
1035116,2023-10-08T13:00:00+00:00,39,Premier League,2023,Regular Season - 8,39,Wolves,66,Aston Villa,1,1,FT
1035115,2023-10-08T13:00:00+00:00,39,Premier League,2023,Regular Season - 8,48,West Ham,34,Newcastle,2,2,FT
1035108,2023-10-08T13:00:00+00:00,39,Premier League,2023,Regular Season - 8,51,Brighton,40,Liverpool,2,2,FT
1035107,2023-10-08T15:30:00+00:00,39,Premier League,2023,Regular Season - 8,42,Arsenal,50,Manchester City,1,0,FT
1035121,2023-10-21T11:30:00+00:00,39,Premier League,2023,Regular Season - 9,40,Liverpool,45,Everton,2,0,FT
1035123,2023-10-21T14:00:00+00:00,39,Premier League,2023,Regular Season - 9,34,Newcastle,52,Crystal Palace,4,0,FT
1035117,2023-10-21T14:00:00+00:00,39,Premier League,2023,Regular Season - 9,35,Bournemouth,39,Wolves,1,2,FT
1035122,2023-10-21T14:00:00+00:00,39,Premier League,2023,Regular Season - 9,50,Manchester City,51,Brighton,2,1,FT
1035119,2023-10-21T14:00:00+00:00,39,Premier League,2023,Regular Season - 9,55,Brentford,44,Burnley,3,0,FT
1035124,2023-10-21T14:00:00+00:00,39,Premier League,2023,Regular Season - 9,65,Nottingham Forest,1359,Luton,2,2,FT
1035120,2023-10-21T16:30:00+00:00,39,Premier League,2023,Regular Season - 9,49,Chelsea,42,Arsenal,2,2,FT
1035125,2023-10-21T19:00:00+00:00,39,Premier League,2023,Regular Season - 9,62,Sheffield Utd,33,Manchester United,1,2,FT
1035118,2023-10-22T15:30:00+00:00,39,Premier League,2023,Regular Season - 9,66,Aston Villa,48,West Ham,4,1,FT
1035126,2023-10-23T19:00:00+00:00,39,Premier League,2023,Regular Season - 9,47,Tottenham,36,Fulham,2,0,FT
1035132,2023-10-27T19:00:00+00:00,39,Premier League,2023,Regular Season - 10,52,Crystal Palace,47,Tottenham,1,2,FT
1035131,2023-10-28T11:30:00+00:00,39,Premier League,2023,Regular Season - 10,49,Chelsea,55,Brentford,0,2,FT
1035127,2023-10-28T14:00:00+00:00,39,Premier League,2023,Regular Season - 10,35,Bournemouth,44,Burnley,2,1,FT
1035128,2023-10-28T14:00:00+00:00,39,Premier League,2023,Regular Season - 10,42,Arsenal,62,Sheffield Utd,5,0,FT
1035136,2023-10-28T16:30:00+00:00,39,Premier League,2023,Regular Season - 10,39,Wolves,34,Newcastle,2,2,FT
1035135,2023-10-29T13:00:00+00:00,39,Premier League,2023,Regular Season - 10,48,West Ham,45,Everton,0,1,FT
1035133,2023-10-29T14:00:00+00:00,39,Premier League,2023,Regular Season - 10,40,Liverpool,65,Nottingham Forest,3,0,FT
1035130,2023-10-29T14:00:00+00:00,39,Premier League,2023,Regular Season - 10,51,Brighton,36,Fulham,1,1,FT
1035129,2023-10-29T14:00:00+00:00,39,Premier League,2023,Regular Season - 10,66,Aston Villa,1359,Luton,3,1,FT
1035134,2023-10-29T15:30:00+00:00,39,Premier League,2023,Regular Season - 10,33,Manchester United,50,Manchester City,0,3,FT
1035140,2023-11-04T12:30:00+00:00,39,Premier League,2023,Regular Season - 11,36,Fulham,33,Manchester United,0,1,FT
1035138,2023-11-04T15:00:00+00:00,39,Premier League,2023,Regular Season - 11,44,Burnley,52,Crystal Palace,0,2,FT
1035139,2023-11-04T15:00:00+00:00,39,Premier League,2023,Regular Season - 11,45,Everton,51,Brighton,1,1,FT
1035142,2023-11-04T15:00:00+00:00,39,Premier League,2023,Regular Season - 11,50,Manchester City,35,Bournemouth,6,1,FT
1035137,2023-11-04T15:00:00+00:00,39,Premier League,2023,Regular Season - 11,55,Brentford,48,West Ham,3,2,FT
1035145,2023-11-04T15:00:00+00:00,39,Premier League,2023,Regular Season - 11,62,Sheffield Utd,39,Wolves,2,1,FT
1035143,2023-11-04T17:30:00+00:00,39,Premier League,2023,Regular Season - 11,34,Newcastle,42,Arsenal,1,0,FT
1035144,2023-11-05T14:00:00+00:00,39,Premier League,2023,Regular Season - 11,65,Nottingham Forest,66,Aston Villa,2,0,FT
1035141,2023-11-05T16:30:00+00:00,39,Premier League,2023,Regular Season - 11,1359,Luton,40,Liverpool,1,1,FT
1035146,2023-11-06T20:00:00+00:00,39,Premier League,2023,Regular Season - 11,47,Tottenham,49,Chelsea,1,4,FT
1035156,2023-11-11T12:30:00+00:00,39,Premier League,2023,Regular Season - 12,39,Wolves,47,Tottenham,2,1,FT
1035154,2023-11-11T15:00:00+00:00,39,Premier League,2023,Regular Season - 12,33,Manchester United,1359,Luton,1,0,FT
1035148,2023-11-11T15:00:00+00:00,39,Premier League,2023,Regular Season - 12,42,Arsenal,44,Burnley,3,1,FT
1035152,2023-11-11T15:00:00+00:00,39,Premier League,2023,Regular Season - 12,52,Crystal Palace,45,Everton,2,3,FT
1035147,2023-11-11T17:30:00+00:00,39,Premier League,2023,Regular Season - 12,35,Bournemouth,34,Newcastle,2,0,FT
1035153,2023-11-12T14:00:00+00:00,39,Premier League,2023,Regular Season - 12,40,Liverpool,55,Brentford,3,0,FT
1035155,2023-11-12T14:00:00+00:00,39,Premier League,2023,Regular Season - 12,48,West Ham,65,Nottingham Forest,3,2,FT
1035150,2023-11-12T14:00:00+00:00,39,Premier League,2023,Regular Season - 12,51,Brighton,62,Sheffield Utd,1,1,FT
1035149,2023-11-12T14:00:00+00:00,39,Premier League,2023,Regular Season - 12,66,Aston Villa,36,Fulham,3,1,FT
1035151,2023-11-12T16:30:00+00:00,39,Premier League,2023,Regular Season - 12,49,Chelsea,50,Manchester City,4,4,FT
1035299,2023-11-25T12:30:00+00:00,39,Premier League,2023,Regular Season - 13,50,Manchester City,40,Liverpool,1,1,FT
1035300,2023-11-25T15:00:00+00:00,39,Premier League,2023,Regular Season - 13,34,Newcastle,49,Chelsea,4,1,FT
1035295,2023-11-25T15:00:00+00:00,39,Premier League,2023,Regular Season - 13,44,Burnley,48,West Ham,1,2,FT
1035302,2023-11-25T15:00:00+00:00,39,Premier League,2023,Regular Season - 13,62,Sheffield Utd,35,Bournemouth,1,3,FT
1035301,2023-11-25T15:00:00+00:00,39,Premier League,2023,Regular Season - 13,65,Nottingham Forest,51,Brighton,2,3,FT
1035298,2023-11-25T15:00:00+00:00,39,Premier League,2023,Regular Season - 13,1359,Luton,52,Crystal Palace,2,1,FT
1035294,2023-11-25T17:30:00+00:00,39,Premier League,2023,Regular Season - 13,55,Brentford,42,Arsenal,0,1,FT
1035303,2023-11-26T14:00:00+00:00,39,Premier League,2023,Regular Season - 13,47,Tottenham,66,Aston Villa,1,2,FT
1035296,2023-11-26T16:30:00+00:00,39,Premier League,2023,Regular Season - 13,45,Everton,33,Manchester United,0,3,FT
1035297,2023-11-27T20:00:00+00:00,39,Premier League,2023,Regular Season - 13,36,Fulham,39,Wolves,3,2,FT
1035305,2023-12-02T15:00:00+00:00,39,Premier League,2023,Regular Season - 14,42,Arsenal,39,Wolves,2,1,FT
1035307,2023-12-02T15:00:00+00:00,39,Premier League,2023,Regular Season - 14,44,Burnley,62,Sheffield Utd,5,0,FT
1035306,2023-12-02T15:00:00+00:00,39,Premier League,2023,Regular Season - 14,55,Brentford,1359,Luton,3,1,FT
1035312,2023-12-02T17:30:00+00:00,39,Premier League,2023,Regular Season - 14,65,Nottingham Forest,45,Everton,0,1,FT
1035311,2023-12-02T20:00:00+00:00,39,Premier League,2023,Regular Season - 14,34,Newcastle,33,Manchester United,1,0,FT
1035304,2023-12-03T14:00:00+00:00,39,Premier League,2023,Regular Season - 14,35,Bournemouth,66,Aston Villa,2,2,FT
1035309,2023-12-03T14:00:00+00:00,39,Premier League,2023,Regular Season - 14,40,Liverpool,36,Fulham,4,3,FT
1035313,2023-12-03T14:00:00+00:00,39,Premier League,2023,Regular Season - 14,48,West Ham,52,Crystal Palace,1,1,FT
1035308,2023-12-03T14:00:00+00:00,39,Premier League,2023,Regular Season - 14,49,Chelsea,51,Brighton,3,2,FT
1035310,2023-12-03T16:30:00+00:00,39,Premier League,2023,Regular Season - 14,50,Manchester City,47,Tottenham,3,3,FT
1035321,2023-12-05T19:30:00+00:00,39,Premier League,2023,Regular Season - 15,39,Wolves,44,Burnley,1,0,FT
1035318,2023-12-05T20:15:00+00:00,39,Premier League,2023,Regular Season - 15,1359,Luton,42,Arsenal,3,4,FT
1035317,2023-12-06T19:30:00+00:00,39,Premier League,2023,Regular Season - 15,36,Fulham,65,Nottingham Forest,5,0,FT
1035315,2023-12-06T19:30:00+00:00,39,Premier League,2023,Regular Season - 15,51,Brighton,55,Brentford,2,1,FT
1035322,2023-12-06T19:30:00+00:00,39,Premier League,2023,Regular Season - 15,52,Crystal Palace,35,Bournemouth,0,2,FT
1035319,2023-12-06T19:30:00+00:00,39,Premier League,2023,Regular Season - 15,62,Sheffield Utd,40,Liverpool,0,2,FT
1035323,2023-12-06T20:15:00+00:00,39,Premier League,2023,Regular Season - 15,33,Manchester United,49,Chelsea,2,1,FT
1035314,2023-12-06T20:15:00+00:00,39,Premier League,2023,Regular Season - 15,66,Aston Villa,50,Manchester City,1,0,FT
1035316,2023-12-07T19:30:00+00:00,39,Premier League,2023,Regular Season - 15,45,Everton,34,Newcastle,3,0,FT
1035320,2023-12-07T20:15:00+00:00,39,Premier League,2023,Regular Season - 15,47,Tottenham,48,West Ham,1,2,FT
1035326,2023-12-09T12:30:00+00:00,39,Premier League,2023,Regular Season - 16,52,Crystal Palace,40,Liverpool,1,2,FT
1035330,2023-12-09T15:00:00+00:00,39,Premier League,2023,Regular Season - 16,33,Manchester United,35,Bournemouth,0,3,FT
1035333,2023-12-09T15:00:00+00:00,39,Premier League,2023,Regular Season - 16,39,Wolves,65,Nottingham Forest,1,1,FT
1035325,2023-12-09T15:00:00+00:00,39,Premier League,2023,Regular Season - 16,51,Brighton,44,Burnley,1,1,FT
1035331,2023-12-09T15:00:00+00:00,39,Premier League,2023,Regular Season - 16,62,Sheffield Utd,55,Brentford,1,0,FT
1035324,2023-12-09T17:30:00+00:00,39,Premier League,2023,Regular Season - 16,66,Aston Villa,42,Arsenal,1,0,FT
1035328,2023-12-10T14:00:00+00:00,39,Premier League,2023,Regular Season - 16,36,Fulham,48,West Ham,5,0,FT
1035327,2023-12-10T14:00:00+00:00,39,Premier League,2023,Regular Season - 16,45,Everton,49,Chelsea,2,0,FT
1035329,2023-12-10T14:00:00+00:00,39,Premier League,2023,Regular Season - 16,1359,Luton,50,Manchester City,1,2,FT
1035332,2023-12-10T16:30:00+00:00,39,Premier League,2023,Regular Season - 16,47,Tottenham,34,Newcastle,4,1,FT
1035342,2023-12-15T20:00:00+00:00,39,Premier League,2023,Regular Season - 17,65,Nottingham Forest,47,Tottenham,0,2,FT
1035341,2023-12-16T15:00:00+00:00,39,Premier League,2023,Regular Season - 17,34,Newcastle,36,Fulham,3,0,FT
1035338,2023-12-16T15:00:00+00:00,39,Premier League,2023,Regular Season - 17,49,Chelsea,62,Sheffield Utd,2,0,FT
1035340,2023-12-16T15:00:00+00:00,39,Premier League,2023,Regular Season - 17,50,Manchester City,52,Crystal Palace,2,2,FT
1035337,2023-12-16T17:30:00+00:00,39,Premier League,2023,Regular Season - 17,44,Burnley,45,Everton,0,2,FT
1035335,2023-12-17T14:00:00+00:00,39,Premier League,2023,Regular Season - 17,42,Arsenal,51,Brighton,2,0,FT
1035343,2023-12-17T14:00:00+00:00,39,Premier League,2023,Regular Season - 17,48,West Ham,39,Wolves,3,0,FT
1035336,2023-12-17T14:00:00+00:00,39,Premier League,2023,Regular Season - 17,55,Brentford,66,Aston Villa,1,2,FT
1035339,2023-12-17T16:30:00+00:00,39,Premier League,2023,Regular Season - 17,40,Liverpool,33,Manchester United,0,0,FT
1035345,2023-12-21T20:00:00+00:00,39,Premier League,2023,Regular Season - 18,52,Crystal Palace,51,Brighton,1,1,FT
1035344,2023-12-22T20:00:00+00:00,39,Premier League,2023,Regular Season - 18,66,Aston Villa,62,Sheffield Utd,1,1,FT
1035352,2023-12-23T12:30:00+00:00,39,Premier League,2023,Regular Season - 18,48,West Ham,33,Manchester United,2,0,FT
1035346,2023-12-23T15:00:00+00:00,39,Premier League,2023,Regular Season - 18,36,Fulham,44,Burnley,0,2,FT
1035351,2023-12-23T15:00:00+00:00,39,Premier League,2023,Regular Season - 18,47,Tottenham,45,Everton,2,1,FT
1035350,2023-12-23T15:00:00+00:00,39,Premier League,2023,Regular Season - 18,65,Nottingham Forest,35,Bournemouth,2,3,FT
1035348,2023-12-23T15:00:00+00:00,39,Premier League,2023,Regular Season - 18,1359,Luton,34,Newcastle,1,0,FT
1035347,2023-12-23T17:30:00+00:00,39,Premier League,2023,Regular Season - 18,40,Liverpool,42,Arsenal,1,1,FT
1035353,2023-12-24T13:00:00+00:00,39,Premier League,2023,Regular Season - 18,39,Wolves,49,Chelsea,2,1,FT
1035362,2023-12-26T12:30:00+00:00,39,Premier League,2023,Regular Season - 19,34,Newcastle,65,Nottingham Forest,1,3,FT
1035354,2023-12-26T15:00:00+00:00,39,Premier League,2023,Regular Season - 19,35,Bournemouth,36,Fulham,3,0,FT
1035363,2023-12-26T15:00:00+00:00,39,Premier League,2023,Regular Season - 19,62,Sheffield Utd,1359,Luton,2,3,FT
1035358,2023-12-26T17:30:00+00:00,39,Premier League,2023,Regular Season - 19,44,Burnley,40,Liverpool,0,2,FT
1035361,2023-12-26T20:00:00+00:00,39,Premier League,2023,Regular Season - 19,33,Manchester United,66,Aston Villa,3,2,FT
1035359,2023-12-27T19:30:00+00:00,39,Premier League,2023,Regular Season - 19,49,Chelsea,52,Crystal Palace,2,1,FT
1035356,2023-12-27T19:30:00+00:00,39,Premier League,2023,Regular Season - 19,55,Brentford,39,Wolves,1,4,FT
1035360,2023-12-27T20:15:00+00:00,39,Premier League,2023,Regular Season - 19,45,Everton,50,Manchester City,1,3,FT
1035357,2023-12-28T19:30:00+00:00,39,Premier League,2023,Regular Season - 19,51,Brighton,47,Tottenham,4,2,FT
1035355,2023-12-28T20:15:00+00:00,39,Premier League,2023,Regular Season - 19,42,Arsenal,48,West Ham,0,2,FT
1035368,2023-12-30T12:30:00+00:00,39,Premier League,2023,Regular Season - 20,1359,Luton,49,Chelsea,2,3,FT
1035373,2023-12-30T15:00:00+00:00,39,Premier League,2023,Regular Season - 20,39,Wolves,45,Everton,3,0,FT
1035369,2023-12-30T15:00:00+00:00,39,Premier League,2023,Regular Season - 20,50,Manchester City,62,Sheffield Utd,2,0,FT
1035365,2023-12-30T15:00:00+00:00,39,Premier League,2023,Regular Season - 20,52,Crystal Palace,55,Brentford,3,1,FT
1035364,2023-12-30T15:00:00+00:00,39,Premier League,2023,Regular Season - 20,66,Aston Villa,44,Burnley,3,2,FT
1035370,2023-12-30T17:30:00+00:00,39,Premier League,2023,Regular Season - 20,65,Nottingham Forest,33,Manchester United,2,1,FT
1035366,2023-12-31T14:00:00+00:00,39,Premier League,2023,Regular Season - 20,36,Fulham,42,Arsenal,2,1,FT
1035371,2023-12-31T14:00:00+00:00,39,Premier League,2023,Regular Season - 20,47,Tottenham,35,Bournemouth,3,1,FT
1035367,2024-01-01T20:00:00+00:00,39,Premier League,2023,Regular Season - 20,40,Liverpool,34,Newcastle,4,2,FT
1035372,2024-01-02T19:30:00+00:00,39,Premier League,2023,Regular Season - 20,48,West Ham,51,Brighton,0,0,FT
1035378,2024-01-12T19:45:00+00:00,39,Premier League,2023,Regular Season - 21,44,Burnley,1359,Luton,1,1,FT
1035379,2024-01-13T12:30:00+00:00,39,Premier League,2023,Regular Season - 21,49,Chelsea,36,Fulham,1,0,FT
1035382,2024-01-13T17:30:00+00:00,39,Premier League,2023,Regular Season - 21,34,Newcastle,50,Manchester City,2,3,FT
1035380,2024-01-14T14:00:00+00:00,39,Premier League,2023,Regular Season - 21,45,Everton,66,Aston Villa,0,0,FT
1035381,2024-01-14T16:30:00+00:00,39,Premier League,2023,Regular Season - 21,33,Manchester United,47,Tottenham,2,2,FT
1035375,2024-01-20T12:30:00+00:00,39,Premier League,2023,Regular Season - 21,42,Arsenal,52,Crystal Palace,5,0,FT
1035376,2024-01-20T17:30:00+00:00,39,Premier League,2023,Regular Season - 21,55,Brentford,65,Nottingham Forest,3,2,FT
1035383,2024-01-21T14:00:00+00:00,39,Premier League,2023,Regular Season - 21,62,Sheffield Utd,48,West Ham,2,2,FT
1035374,2024-01-21T16:30:00+00:00,39,Premier League,2023,Regular Season - 21,35,Bournemouth,40,Liverpool,0,4,FT
1035377,2024-01-22T19:45:00+00:00,39,Premier League,2023,Regular Season - 21,51,Brighton,39,Wolves,0,0,FT
1035387,2024-01-30T19:30:00+00:00,39,Premier League,2023,Regular Season - 22,65,Nottingham Forest,42,Arsenal,1,2,FT
1035385,2024-01-30T19:45:00+00:00,39,Premier League,2023,Regular Season - 22,36,Fulham,45,Everton,0,0,FT
1035386,2024-01-30T19:45:00+00:00,39,Premier League,2023,Regular Season - 22,1359,Luton,51,Brighton,4,0,FT
1035391,2024-01-30T20:00:00+00:00,39,Premier League,2023,Regular Season - 22,52,Crystal Palace,62,Sheffield Utd,3,2,FT
1035384,2024-01-30T20:15:00+00:00,39,Premier League,2023,Regular Season - 22,66,Aston Villa,34,Newcastle,1,3,FT
1035388,2024-01-31T19:30:00+00:00,39,Premier League,2023,Regular Season - 22,47,Tottenham,55,Brentford,3,2,FT
1035393,2024-01-31T19:30:00+00:00,39,Premier League,2023,Regular Season - 22,50,Manchester City,44,Burnley,3,1,FT
1035392,2024-01-31T20:15:00+00:00,39,Premier League,2023,Regular Season - 22,40,Liverpool,49,Chelsea,4,1,FT
1035389,2024-02-01T19:30:00+00:00,39,Premier League,2023,Regular Season - 22,48,West Ham,35,Bournemouth,1,1,FT
1035390,2024-02-01T20:15:00+00:00,39,Premier League,2023,Regular Season - 22,39,Wolves,33,Manchester United,3,4,FT
1035400,2024-02-03T12:30:00+00:00,39,Premier League,2023,Regular Season - 23,45,Everton,47,Tottenham,2,2,FT
1035402,2024-02-03T15:00:00+00:00,39,Premier League,2023,Regular Season - 23,34,Newcastle,1359,Luton,4,4,FT
1035398,2024-02-03T15:00:00+00:00,39,Premier League,2023,Regular Season - 23,44,Burnley,36,Fulham,2,2,FT
1035397,2024-02-03T15:00:00+00:00,39,Premier League,2023,Regular Season - 23,51,Brighton,52,Crystal Palace,4,1,FT
1035403,2024-02-03T17:30:00+00:00,39,Premier League,2023,Regular Season - 23,62,Sheffield Utd,66,Aston Villa,0,5,FT
1035401,2024-02-04T14:00:00+00:00,39,Premier League,2023,Regular Season - 23,33,Manchester United,48,West Ham,3,0,FT
1035394,2024-02-04T14:00:00+00:00,39,Premier League,2023,Regular Season - 23,35,Bournemouth,65,Nottingham Forest,1,1,FT
1035399,2024-02-04T14:00:00+00:00,39,Premier League,2023,Regular Season - 23,49,Chelsea,39,Wolves,2,4,FT
1035395,2024-02-04T16:30:00+00:00,39,Premier League,2023,Regular Season - 23,42,Arsenal,40,Liverpool,3,1,FT
1035396,2024-02-05T20:00:00+00:00,39,Premier League,2023,Regular Season - 23,55,Brentford,50,Manchester City,1,3,FT
1035409,2024-02-10T12:30:00+00:00,39,Premier League,2023,Regular Season - 24,50,Manchester City,45,Everton,2,0,FT
1035406,2024-02-10T15:00:00+00:00,39,Premier League,2023,Regular Season - 24,36,Fulham,35,Bournemouth,3,1,FT
1035413,2024-02-10T15:00:00+00:00,39,Premier League,2023,Regular Season - 24,39,Wolves,55,Brentford,0,2,FT
1035407,2024-02-10T15:00:00+00:00,39,Premier League,2023,Regular Season - 24,40,Liverpool,44,Burnley,3,1,FT
1035411,2024-02-10T15:00:00+00:00,39,Premier League,2023,Regular Season - 24,47,Tottenham,51,Brighton,2,1,FT
1035408,2024-02-10T15:00:00+00:00,39,Premier League,2023,Regular Season - 24,1359,Luton,62,Sheffield Utd,1,3,FT
1035410,2024-02-10T17:30:00+00:00,39,Premier League,2023,Regular Season - 24,65,Nottingham Forest,34,Newcastle,2,3,FT
1035412,2024-02-11T14:00:00+00:00,39,Premier League,2023,Regular Season - 24,48,West Ham,42,Arsenal,0,6,FT
1035404,2024-02-11T16:30:00+00:00,39,Premier League,2023,Regular Season - 24,66,Aston Villa,33,Manchester United,1,2,FT
1035405,2024-02-12T20:00:00+00:00,39,Premier League,2023,Regular Season - 24,52,Crystal Palace,49,Chelsea,1,3,FT
1035414,2024-02-17T12:30:00+00:00,39,Premier League,2023,Regular Season - 25,55,Brentford,40,Liverpool,1,4,FT
1035420,2024-02-17T15:00:00+00:00,39,Premier League,2023,Regular Season - 25,34,Newcastle,35,Bournemouth,2,2,FT
1035417,2024-02-17T15:00:00+00:00,39,Premier League,2023,Regular Season - 25,36,Fulham,66,Aston Villa,1,2,FT
1035415,2024-02-17T15:00:00+00:00,39,Premier League,2023,Regular Season - 25,44,Burnley,42,Arsenal,0,5,FT
1035423,2024-02-17T15:00:00+00:00,39,Premier League,2023,Regular Season - 25,47,Tottenham,39,Wolves,1,2,FT
1035421,2024-02-17T15:00:00+00:00,39,Premier League,2023,Regular Season - 25,65,Nottingham Forest,48,West Ham,2,0,FT
1035419,2024-02-17T17:30:00+00:00,39,Premier League,2023,Regular Season - 25,50,Manchester City,49,Chelsea,1,1,FT
1035422,2024-02-18T14:00:00+00:00,39,Premier League,2023,Regular Season - 25,62,Sheffield Utd,51,Brighton,0,5,FT
1035418,2024-02-18T16:30:00+00:00,39,Premier League,2023,Regular Season - 25,1359,Luton,33,Manchester United,1,2,FT
1035416,2024-02-19T20:00:00+00:00,39,Premier League,2023,Regular Season - 25,45,Everton,52,Crystal Palace,1,1,FT
1035349,2024-02-20T19:30:00+00:00,39,Premier League,2023,Regular Season - 18,50,Manchester City,55,Brentford,1,0,FT
1035430,2024-02-21T19:30:00+00:00,39,Premier League,2023,Regular Season - 26,40,Liverpool,1359,Luton,4,1,FT
1035431,2024-02-24T15:00:00+00:00,39,Premier League,2023,Regular Season - 26,33,Manchester United,36,Fulham,1,2,FT
1035427,2024-02-24T15:00:00+00:00,39,Premier League,2023,Regular Season - 26,51,Brighton,45,Everton,1,1,FT
1035429,2024-02-24T15:00:00+00:00,39,Premier League,2023,Regular Season - 26,52,Crystal Palace,44,Burnley,3,0,FT
1035426,2024-02-24T15:00:00+00:00,39,Premier League,2023,Regular Season - 26,66,Aston Villa,65,Nottingham Forest,4,2,FT
1035424,2024-02-24T17:30:00+00:00,39,Premier League,2023,Regular Season - 26,35,Bournemouth,50,Manchester City,0,1,FT
1035425,2024-02-24T20:00:00+00:00,39,Premier League,2023,Regular Season - 26,42,Arsenal,34,Newcastle,4,1,FT
1035433,2024-02-25T13:30:00+00:00,39,Premier League,2023,Regular Season - 26,39,Wolves,62,Sheffield Utd,1,0,FT
1035432,2024-02-26T20:00:00+00:00,39,Premier League,2023,Regular Season - 26,48,West Ham,55,Brentford,4,2,FT
1035440,2024-03-02T15:00:00+00:00,39,Premier League,2023,Regular Season - 27,34,Newcastle,39,Wolves,3,0,FT
1035437,2024-03-02T15:00:00+00:00,39,Premier League,2023,Regular Season - 27,36,Fulham,51,Brighton,3,0,FT
1035436,2024-03-02T15:00:00+00:00,39,Premier League,2023,Regular Season - 27,45,Everton,48,West Ham,1,3,FT
1035443,2024-03-02T15:00:00+00:00,39,Premier League,2023,Regular Season - 27,47,Tottenham,52,Crystal Palace,3,1,FT
1035434,2024-03-02T15:00:00+00:00,39,Premier League,2023,Regular Season - 27,55,Brentford,49,Chelsea,2,2,FT
1035441,2024-03-02T15:00:00+00:00,39,Premier League,2023,Regular Season - 27,65,Nottingham Forest,40,Liverpool,0,1,FT
1035438,2024-03-02T17:30:00+00:00,39,Premier League,2023,Regular Season - 27,1359,Luton,66,Aston Villa,2,3,FT
1035435,2024-03-03T13:00:00+00:00,39,Premier League,2023,Regular Season - 27,44,Burnley,35,Bournemouth,0,2,FT
1035439,2024-03-03T15:30:00+00:00,39,Premier League,2023,Regular Season - 27,50,Manchester City,33,Manchester United,3,1,FT
1035442,2024-03-04T20:00:00+00:00,39,Premier League,2023,Regular Season - 27,62,Sheffield Utd,42,Arsenal,0,6,FT
1035451,2024-03-09T12:30:00+00:00,39,Premier League,2023,Regular Season - 28,33,Manchester United,45,Everton,2,0,FT
1035444,2024-03-09T15:00:00+00:00,39,Premier League,2023,Regular Season - 28,35,Bournemouth,62,Sheffield Utd,2,2,FT
1035453,2024-03-09T15:00:00+00:00,39,Premier League,2023,Regular Season - 28,39,Wolves,36,Fulham,2,1,FT
1035449,2024-03-09T15:00:00+00:00,39,Premier League,2023,Regular Season - 28,52,Crystal Palace,1359,Luton,1,1,FT
1035445,2024-03-09T17:30:00+00:00,39,Premier League,2023,Regular Season - 28,42,Arsenal,55,Brentford,2,1,FT
1035446,2024-03-10T13:00:00+00:00,39,Premier League,2023,Regular Season - 28,66,Aston Villa,47,Tottenham,0,4,FT
1035452,2024-03-10T14:00:00+00:00,39,Premier League,2023,Regular Season - 28,48,West Ham,44,Burnley,2,2,FT
1035447,2024-03-10T14:00:00+00:00,39,Premier League,2023,Regular Season - 28,51,Brighton,65,Nottingham Forest,1,0,FT
1035450,2024-03-10T15:45:00+00:00,39,Premier League,2023,Regular Season - 28,40,Liverpool,50,Manchester City,1,1,FT
1035448,2024-03-11T20:00:00+00:00,39,Premier League,2023,Regular Season - 28,49,Chelsea,34,Newcastle,3,2,FT
1035334,2024-03-13T19:30:00+00:00,39,Premier League,2023,Regular Season - 17,35,Bournemouth,1359,Luton,4,3,FT
1035456,2024-03-16T15:00:00+00:00,39,Premier League,2023,Regular Season - 29,44,Burnley,55,Brentford,2,1,FT
1035460,2024-03-16T15:00:00+00:00,39,Premier League,2023,Regular Season - 29,1359,Luton,65,Nottingham Forest,1,1,FT
1035459,2024-03-16T17:30:00+00:00,39,Premier League,2023,Regular Season - 29,36,Fulham,47,Tottenham,3,0,FT
1035462,2024-03-17T14:00:00+00:00,39,Premier League,2023,Regular Season - 29,48,West Ham,66,Aston Villa,1,1,FT
1035470,2024-03-30T12:30:00+00:00,39,Premier League,2023,Regular Season - 30,34,Newcastle,48,West Ham,4,3,FT
1035464,2024-03-30T15:00:00+00:00,39,Premier League,2023,Regular Season - 30,35,Bournemouth,45,Everton,2,1,FT
1035473,2024-03-30T15:00:00+00:00,39,Premier League,2023,Regular Season - 30,47,Tottenham,1359,Luton,2,1,FT
1035467,2024-03-30T15:00:00+00:00,39,Premier League,2023,Regular Season - 30,49,Chelsea,44,Burnley,2,2,FT
1035472,2024-03-30T15:00:00+00:00,39,Premier League,2023,Regular Season - 30,62,Sheffield Utd,36,Fulham,3,3,FT
1035471,2024-03-30T15:00:00+00:00,39,Premier League,2023,Regular Season - 30,65,Nottingham Forest,52,Crystal Palace,1,1,FT
1035465,2024-03-30T17:30:00+00:00,39,Premier League,2023,Regular Season - 30,66,Aston Villa,39,Wolves,2,0,FT
1035466,2024-03-30T20:00:00+00:00,39,Premier League,2023,Regular Season - 30,55,Brentford,33,Manchester United,1,1,FT
1035468,2024-03-31T13:00:00+00:00,39,Premier League,2023,Regular Season - 30,40,Liverpool,51,Brighton,2,1,FT
1035469,2024-03-31T15:30:00+00:00,39,Premier League,2023,Regular Season - 30,50,Manchester City,42,Arsenal,0,0,FT
1035481,2024-04-02T18:30:00+00:00,39,Premier League,2023,Regular Season - 31,34,Newcastle,45,Everton,1,1,FT
1035478,2024-04-02T18:30:00+00:00,39,Premier League,2023,Regular Season - 31,65,Nottingham Forest,36,Fulham,3,1,FT
1035474,2024-04-02T18:45:00+00:00,39,Premier League,2023,Regular Season - 31,35,Bournemouth,52,Crystal Palace,1,0,FT
1035477,2024-04-02T18:45:00+00:00,39,Premier League,2023,Regular Season - 31,44,Burnley,39,Wolves,1,1,FT
1035479,2024-04-02T19:15:00+00:00,39,Premier League,2023,Regular Season - 31,48,West Ham,47,Tottenham,1,1,FT
1035475,2024-04-03T18:30:00+00:00,39,Premier League,2023,Regular Season - 31,42,Arsenal,1359,Luton,2,0,FT
1035476,2024-04-03T18:30:00+00:00,39,Premier League,2023,Regular Season - 31,55,Brentford,51,Brighton,0,0,FT
1035483,2024-04-03T19:15:00+00:00,39,Premier League,2023,Regular Season - 31,50,Manchester City,66,Aston Villa,4,1,FT
1035482,2024-04-04T18:30:00+00:00,39,Premier League,2023,Regular Season - 31,40,Liverpool,62,Sheffield Utd,3,1,FT
1035480,2024-04-04T19:15:00+00:00,39,Premier League,2023,Regular Season - 31,49,Chelsea,33,Manchester United,4,3,FT
1035486,2024-04-06T11:30:00+00:00,39,Premier League,2023,Regular Season - 32,52,Crystal Palace,50,Manchester City,2,4,FT
1035488,2024-04-06T14:00:00+00:00,39,Premier League,2023,Regular Season - 32,36,Fulham,34,Newcastle,0,1,FT
1035493,2024-04-06T14:00:00+00:00,39,Premier League,2023,Regular Season - 32,39,Wolves,48,West Ham,1,2,FT
1035487,2024-04-06T14:00:00+00:00,39,Premier League,2023,Regular Season - 32,45,Everton,44,Burnley,1,0,FT
1035484,2024-04-06T14:00:00+00:00,39,Premier League,2023,Regular Season - 32,66,Aston Villa,55,Brentford,3,3,FT
1035489,2024-04-06T14:00:00+00:00,39,Premier League,2023,Regular Season - 32,1359,Luton,35,Bournemouth,2,1,FT
1035485,2024-04-06T16:30:00+00:00,39,Premier League,2023,Regular Season - 32,51,Brighton,42,Arsenal,0,3,FT
1035490,2024-04-07T14:30:00+00:00,39,Premier League,2023,Regular Season - 32,33,Manchester United,40,Liverpool,2,2,FT
1035491,2024-04-07T16:30:00+00:00,39,Premier League,2023,Regular Season - 32,62,Sheffield Utd,49,Chelsea,2,2,FT
1035492,2024-04-07T17:00:00+00:00,39,Premier League,2023,Regular Season - 32,47,Tottenham,65,Nottingham Forest,3,1,FT
1035501,2024-04-13T11:30:00+00:00,39,Premier League,2023,Regular Season - 33,34,Newcastle,47,Tottenham,4,0,FT
1035497,2024-04-13T14:00:00+00:00,39,Premier League,2023,Regular Season - 33,44,Burnley,51,Brighton,1,1,FT
1035500,2024-04-13T14:00:00+00:00,39,Premier League,2023,Regular Season - 33,50,Manchester City,1359,Luton,5,1,FT
1035496,2024-04-13T14:00:00+00:00,39,Premier League,2023,Regular Season - 33,55,Brentford,62,Sheffield Utd,2,0,FT
1035502,2024-04-13T14:00:00+00:00,39,Premier League,2023,Regular Season - 33,65,Nottingham Forest,39,Wolves,2,2,FT
1035494,2024-04-13T16:30:00+00:00,39,Premier League,2023,Regular Season - 33,35,Bournemouth,33,Manchester United,2,2,FT
1035499,2024-04-14T13:00:00+00:00,39,Premier League,2023,Regular Season - 33,40,Liverpool,52,Crystal Palace,0,1,FT
1035503,2024-04-14T13:00:00+00:00,39,Premier League,2023,Regular Season - 33,48,West Ham,36,Fulham,0,2,FT
1035495,2024-04-14T15:30:00+00:00,39,Premier League,2023,Regular Season - 33,42,Arsenal,66,Aston Villa,0,2,FT
1035498,2024-04-15T19:00:00+00:00,39,Premier League,2023,Regular Season - 33,49,Chelsea,45,Everton,6,0,FT
1035511,2024-04-20T14:00:00+00:00,39,Premier League,2023,Regular Season - 34,62,Sheffield Utd,44,Burnley,1,4,FT
1035509,2024-04-20T14:00:00+00:00,39,Premier League,2023,Regular Season - 34,1359,Luton,55,Brentford,1,5,FT
1035513,2024-04-20T18:30:00+00:00,39,Premier League,2023,Regular Season - 34,39,Wolves,42,Arsenal,0,2,FT
1035507,2024-04-21T12:30:00+00:00,39,Premier League,2023,Regular Season - 34,45,Everton,65,Nottingham Forest,2,0,FT
1035506,2024-04-21T14:00:00+00:00,39,Premier League,2023,Regular Season - 34,52,Crystal Palace,48,West Ham,5,2,FT
1035504,2024-04-21T14:00:00+00:00,39,Premier League,2023,Regular Season - 34,66,Aston Villa,35,Bournemouth,3,1,FT
1035508,2024-04-21T15:30:00+00:00,39,Premier League,2023,Regular Season - 34,36,Fulham,40,Liverpool,1,3,FT
1035454,2024-04-23T19:00:00+00:00,39,Premier League,2023,Regular Season - 29,42,Arsenal,49,Chelsea,5,0,FT
1035463,2024-04-24T18:45:00+00:00,39,Premier League,2023,Regular Season - 29,39,Wolves,35,Bournemouth,0,1,FT
1035461,2024-04-24T19:00:00+00:00,39,Premier League,2023,Regular Season - 29,33,Manchester United,62,Sheffield Utd,4,2,FT
1035458,2024-04-24T19:00:00+00:00,39,Premier League,2023,Regular Season - 29,45,Everton,40,Liverpool,2,0,FT
1035457,2024-04-24T19:00:00+00:00,39,Premier League,2023,Regular Season - 29,52,Crystal Palace,34,Newcastle,2,0,FT
1035455,2024-04-25T19:00:00+00:00,39,Premier League,2023,Regular Season - 29,51,Brighton,50,Manchester City,0,4,FT
1035522,2024-04-27T11:30:00+00:00,39,Premier League,2023,Regular Season - 35,48,West Ham,40,Liverpool,2,2,FT
1035518,2024-04-27T14:00:00+00:00,39,Premier League,2023,Regular Season - 35,33,Manchester United,44,Burnley,1,1,FT
1035519,2024-04-27T14:00:00+00:00,39,Premier League,2023,Regular Season - 35,34,Newcastle,62,Sheffield Utd,5,1,FT
1035517,2024-04-27T14:00:00+00:00,39,Premier League,2023,Regular Season - 35,36,Fulham,52,Crystal Palace,1,1,FT
1035523,2024-04-27T14:00:00+00:00,39,Premier League,2023,Regular Season - 35,39,Wolves,1359,Luton,2,1,FT
1035516,2024-04-27T16:30:00+00:00,39,Premier League,2023,Regular Season - 35,45,Everton,55,Brentford,1,0,FT
1035515,2024-04-27T19:00:00+00:00,39,Premier League,2023,Regular Season - 35,66,Aston Villa,49,Chelsea,2,2,FT
1035514,2024-04-28T13:00:00+00:00,39,Premier League,2023,Regular Season - 35,35,Bournemouth,51,Brighton,3,0,FT
1035521,2024-04-28T13:00:00+00:00,39,Premier League,2023,Regular Season - 35,47,Tottenham,42,Arsenal,2,3,FT
1035520,2024-04-28T15:30:00+00:00,39,Premier League,2023,Regular Season - 35,65,Nottingham Forest,50,Manchester City,0,2,FT
1035428,2024-05-02T18:30:00+00:00,39,Premier League,2023,Regular Season - 26,49,Chelsea,47,Tottenham,2,0,FT
1035531,2024-05-03T19:00:00+00:00,39,Premier League,2023,Regular Season - 36,1359,Luton,45,Everton,1,1,FT
1035524,2024-05-04T11:30:00+00:00,39,Premier League,2023,Regular Season - 36,42,Arsenal,35,Bournemouth,3,0,FT
1035527,2024-05-04T14:00:00+00:00,39,Premier League,2023,Regular Season - 36,44,Burnley,34,Newcastle,1,4,FT
1035525,2024-05-04T14:00:00+00:00,39,Premier League,2023,Regular Season - 36,55,Brentford,36,Fulham,0,0,FT
1035533,2024-05-04T14:00:00+00:00,39,Premier League,2023,Regular Season - 36,62,Sheffield Utd,65,Nottingham Forest,1,3,FT
1035532,2024-05-04T16:30:00+00:00,39,Premier League,2023,Regular Season - 36,50,Manchester City,39,Wolves,5,1,FT
1035528,2024-05-05T13:00:00+00:00,39,Premier League,2023,Regular Season - 36,49,Chelsea,48,West Ham,5,0,FT
1035526,2024-05-05T13:00:00+00:00,39,Premier League,2023,Regular Season - 36,51,Brighton,66,Aston Villa,1,0,FT
1035530,2024-05-05T15:30:00+00:00,39,Premier League,2023,Regular Season - 36,40,Liverpool,47,Tottenham,4,2,FT
1035529,2024-05-06T19:00:00+00:00,39,Premier League,2023,Regular Season - 36,52,Crystal Palace,33,Manchester United,4,0,FT
1035537,2024-05-11T11:30:00+00:00,39,Premier League,2023,Regular Season - 37,36,Fulham,50,Manchester City,0,4,FT
1035539,2024-05-11T14:00:00+00:00,39,Premier League,2023,Regular Season - 37,34,Newcastle,51,Brighton,1,1,FT
1035534,2024-05-11T14:00:00+00:00,39,Premier League,2023,Regular Season - 37,35,Bournemouth,55,Brentford,1,2,FT
1035543,2024-05-11T14:00:00+00:00,39,Premier League,2023,Regular Season - 37,39,Wolves,52,Crystal Palace,1,3,FT
1035536,2024-05-11T14:00:00+00:00,39,Premier League,2023,Regular Season - 37,45,Everton,62,Sheffield Utd,1,0,FT
1035541,2024-05-11T14:00:00+00:00,39,Premier League,2023,Regular Season - 37,47,Tottenham,44,Burnley,2,1,FT
1035542,2024-05-11T14:00:00+00:00,39,Premier League,2023,Regular Season - 37,48,West Ham,1359,Luton,3,1,FT
1035540,2024-05-11T16:30:00+00:00,39,Premier League,2023,Regular Season - 37,65,Nottingham Forest,49,Chelsea,2,3,FT
1035538,2024-05-12T15:30:00+00:00,39,Premier League,2023,Regular Season - 37,33,Manchester United,42,Arsenal,0,1,FT
1035535,2024-05-13T19:00:00+00:00,39,Premier League,2023,Regular Season - 37,66,Aston Villa,40,Liverpool,3,3,FT
1035512,2024-05-14T19:00:00+00:00,39,Premier League,2023,Regular Season - 34,47,Tottenham,50,Manchester City,0,2,FT
1035505,2024-05-15T18:45:00+00:00,39,Premier League,2023,Regular Season - 34,51,Brighton,49,Chelsea,1,2,FT
1035510,2024-05-15T19:00:00+00:00,39,Premier League,2023,Regular Season - 34,33,Manchester United,34,Newcastle,3,2,FT
1035550,2024-05-19T15:00:00+00:00,39,Premier League,2023,Regular Season - 38,40,Liverpool,39,Wolves,2,0,FT
1035544,2024-05-19T15:00:00+00:00,39,Premier League,2023,Regular Season - 38,42,Arsenal,45,Everton,2,1,FT
1035547,2024-05-19T15:00:00+00:00,39,Premier League,2023,Regular Season - 38,44,Burnley,65,Nottingham Forest,1,2,FT
1035548,2024-05-19T15:00:00+00:00,39,Premier League,2023,Regular Season - 38,49,Chelsea,35,Bournemouth,2,1,FT
1035552,2024-05-19T15:00:00+00:00,39,Premier League,2023,Regular Season - 38,50,Manchester City,48,West Ham,3,1,FT
1035546,2024-05-19T15:00:00+00:00,39,Premier League,2023,Regular Season - 38,51,Brighton,33,Manchester United,0,2,FT
1035549,2024-05-19T15:00:00+00:00,39,Premier League,2023,Regular Season - 38,52,Crystal Palace,66,Aston Villa,5,0,FT
1035545,2024-05-19T15:00:00+00:00,39,Premier League,2023,Regular Season - 38,55,Brentford,34,Newcastle,2,4,FT
1035553,2024-05-19T15:00:00+00:00,39,Premier League,2023,Regular Season - 38,62,Sheffield Utd,47,Tottenham,0,3,FT
1035551,2024-05-19T15:00:00+00:00,39,Premier League,2023,Regular Season - 38,1359,Luton,36,Fulham,2,4,FT
1208021,2024-08-16T19:00:00+00:00,39,Premier League,2024,Regular Season - 1,33,Manchester United,36,Fulham,1,0,FT
1208022,2024-08-17T11:30:00+00:00,39,Premier League,2024,Regular Season - 1,57,Ipswich,40,Liverpool,0,2,FT
1208025,2024-08-17T14:00:00+00:00,39,Premier League,2024,Regular Season - 1,34,Newcastle,41,Southampton,1,0,FT
1208023,2024-08-17T14:00:00+00:00,39,Premier League,2024,Regular Season - 1,42,Arsenal,39,Wolves,2,0,FT
1208024,2024-08-17T14:00:00+00:00,39,Premier League,2024,Regular Season - 1,45,Everton,51,Brighton,0,3,FT
1208026,2024-08-17T14:00:00+00:00,39,Premier League,2024,Regular Season - 1,65,Nottingham Forest,35,Bournemouth,1,1,FT
1208027,2024-08-17T16:30:00+00:00,39,Premier League,2024,Regular Season - 1,48,West Ham,66,Aston Villa,1,2,FT
1208028,2024-08-18T13:00:00+00:00,39,Premier League,2024,Regular Season - 1,55,Brentford,52,Crystal Palace,2,1,FT
1208029,2024-08-18T15:30:00+00:00,39,Premier League,2024,Regular Season - 1,49,Chelsea,50,Manchester City,0,2,FT
1208030,2024-08-19T19:00:00+00:00,39,Premier League,2024,Regular Season - 1,46,Leicester,47,Tottenham,1,1,FT
1208033,2024-08-24T11:30:00+00:00,39,Premier League,2024,Regular Season - 2,51,Brighton,33,Manchester United,2,1,FT
1208035,2024-08-24T14:00:00+00:00,39,Premier League,2024,Regular Season - 2,36,Fulham,46,Leicester,2,1,FT
1208038,2024-08-24T14:00:00+00:00,39,Premier League,2024,Regular Season - 2,41,Southampton,65,Nottingham Forest,0,1,FT
1208039,2024-08-24T14:00:00+00:00,39,Premier League,2024,Regular Season - 2,47,Tottenham,45,Everton,4,0,FT
1208037,2024-08-24T14:00:00+00:00,39,Premier League,2024,Regular Season - 2,50,Manchester City,57,Ipswich,4,1,FT
1208034,2024-08-24T14:00:00+00:00,39,Premier League,2024,Regular Season - 2,52,Crystal Palace,48,West Ham,0,2,FT
1208032,2024-08-24T16:30:00+00:00,39,Premier League,2024,Regular Season - 2,66,Aston Villa,42,Arsenal,0,2,FT
1208031,2024-08-25T13:00:00+00:00,39,Premier League,2024,Regular Season - 2,35,Bournemouth,34,Newcastle,1,1,FT
1208040,2024-08-25T13:00:00+00:00,39,Premier League,2024,Regular Season - 2,39,Wolves,49,Chelsea,2,6,FT
1208036,2024-08-25T15:30:00+00:00,39,Premier League,2024,Regular Season - 2,40,Liverpool,55,Brentford,2,0,FT
1208041,2024-08-31T11:30:00+00:00,39,Premier League,2024,Regular Season - 3,42,Arsenal,51,Brighton,1,1,FT
1208044,2024-08-31T14:00:00+00:00,39,Premier League,2024,Regular Season - 3,45,Everton,35,Bournemouth,2,3,FT
1208046,2024-08-31T14:00:00+00:00,39,Premier League,2024,Regular Season - 3,46,Leicester,66,Aston Villa,1,2,FT
1208042,2024-08-31T14:00:00+00:00,39,Premier League,2024,Regular Season - 3,55,Brentford,41,Southampton,3,1,FT
1208045,2024-08-31T14:00:00+00:00,39,Premier League,2024,Regular Season - 3,57,Ipswich,36,Fulham,1,1,FT
1208049,2024-08-31T14:00:00+00:00,39,Premier League,2024,Regular Season - 3,65,Nottingham Forest,39,Wolves,1,1,FT
1208050,2024-08-31T16:30:00+00:00,39,Premier League,2024,Regular Season - 3,48,West Ham,50,Manchester City,1,3,FT
1208048,2024-09-01T12:30:00+00:00,39,Premier League,2024,Regular Season - 3,34,Newcastle,47,Tottenham,2,1,FT
1208043,2024-09-01T12:30:00+00:00,39,Premier League,2024,Regular Season - 3,49,Chelsea,52,Crystal Palace,1,1,FT
1208047,2024-09-01T15:00:00+00:00,39,Premier League,2024,Regular Season - 3,33,Manchester United,40,Liverpool,0,3,FT
1208058,2024-09-14T11:30:00+00:00,39,Premier League,2024,Regular Season - 4,41,Southampton,33,Manchester United,0,3,FT
1208055,2024-09-14T14:00:00+00:00,39,Premier League,2024,Regular Season - 4,36,Fulham,48,West Ham,1,1,FT
1208056,2024-09-14T14:00:00+00:00,39,Premier League,2024,Regular Season - 4,40,Liverpool,65,Nottingham Forest,0,1,FT
1208057,2024-09-14T14:00:00+00:00,39,Premier League,2024,Regular Season - 4,50,Manchester City,55,Brentford,2,1,FT
1208053,2024-09-14T14:00:00+00:00,39,Premier League,2024,Regular Season - 4,51,Brighton,57,Ipswich,0,0,FT
1208054,2024-09-14T14:00:00+00:00,39,Premier League,2024,Regular Season - 4,52,Crystal Palace,46,Leicester,2,2,FT
1208052,2024-09-14T16:30:00+00:00,39,Premier League,2024,Regular Season - 4,66,Aston Villa,45,Everton,3,2,FT
1208051,2024-09-14T19:00:00+00:00,39,Premier League,2024,Regular Season - 4,35,Bournemouth,49,Chelsea,0,1,FT
1208059,2024-09-15T13:00:00+00:00,39,Premier League,2024,Regular Season - 4,47,Tottenham,42,Arsenal,0,1,FT
1208060,2024-09-15T15:30:00+00:00,39,Premier League,2024,Regular Season - 4,39,Wolves,34,Newcastle,1,2,FT
1208070,2024-09-21T11:30:00+00:00,39,Premier League,2024,Regular Season - 5,48,West Ham,49,Chelsea,0,3,FT
1208064,2024-09-21T14:00:00+00:00,39,Premier League,2024,Regular Season - 5,36,Fulham,34,Newcastle,3,1,FT
1208066,2024-09-21T14:00:00+00:00,39,Premier League,2024,Regular Season - 5,40,Liverpool,35,Bournemouth,3,0,FT
1208068,2024-09-21T14:00:00+00:00,39,Premier League,2024,Regular Season - 5,41,Southampton,57,Ipswich,1,1,FT
1208065,2024-09-21T14:00:00+00:00,39,Premier League,2024,Regular Season - 5,46,Leicester,45,Everton,1,1,FT
1208069,2024-09-21T14:00:00+00:00,39,Premier League,2024,Regular Season - 5,47,Tottenham,55,Brentford,3,1,FT
1208061,2024-09-21T14:00:00+00:00,39,Premier League,2024,Regular Season - 5,66,Aston Villa,39,Wolves,3,1,FT
1208063,2024-09-21T16:30:00+00:00,39,Premier League,2024,Regular Season - 5,52,Crystal Palace,33,Manchester United,0,0,FT
1208062,2024-09-22T13:00:00+00:00,39,Premier League,2024,Regular Season - 5,51,Brighton,65,Nottingham Forest,2,2,FT
1208067,2024-09-22T15:30:00+00:00,39,Premier League,2024,Regular Season - 5,50,Manchester City,42,Arsenal,2,2,FT
1208078,2024-09-28T11:30:00+00:00,39,Premier League,2024,Regular Season - 6,34,Newcastle,50,Manchester City,1,1,FT
1208072,2024-09-28T14:00:00+00:00,39,Premier League,2024,Regular Season - 6,42,Arsenal,46,Leicester,4,2,FT
1208075,2024-09-28T14:00:00+00:00,39,Premier League,2024,Regular Season - 6,45,Everton,52,Crystal Palace,2,1,FT
1208074,2024-09-28T14:00:00+00:00,39,Premier League,2024,Regular Season - 6,49,Chelsea,51,Brighton,4,2,FT
1208073,2024-09-28T14:00:00+00:00,39,Premier League,2024,Regular Season - 6,55,Brentford,48,West Ham,1,1,FT
1208079,2024-09-28T14:00:00+00:00,39,Premier League,2024,Regular Season - 6,65,Nottingham Forest,36,Fulham,0,1,FT
1208080,2024-09-28T16:30:00+00:00,39,Premier League,2024,Regular Season - 6,39,Wolves,40,Liverpool,1,2,FT
1208076,2024-09-29T13:00:00+00:00,39,Premier League,2024,Regular Season - 6,57,Ipswich,66,Aston Villa,2,2,FT
1208077,2024-09-29T15:30:00+00:00,39,Premier League,2024,Regular Season - 6,33,Manchester United,47,Tottenham,0,3,FT
1208071,2024-09-30T19:00:00+00:00,39,Premier League,2024,Regular Season - 6,35,Bournemouth,41,Southampton,3,1,FT
1208086,2024-10-05T11:30:00+00:00,39,Premier League,2024,Regular Season - 7,52,Crystal Palace,40,Liverpool,0,1,FT
1208081,2024-10-05T14:00:00+00:00,39,Premier League,2024,Regular Season - 7,42,Arsenal,41,Southampton,3,1,FT
1208088,2024-10-05T14:00:00+00:00,39,Premier League,2024,Regular Season - 7,46,Leicester,35,Bournemouth,1,0,FT
1208090,2024-10-05T14:00:00+00:00,39,Premier League,2024,Regular Season - 7,48,West Ham,57,Ipswich,4,1,FT
1208089,2024-10-05T14:00:00+00:00,39,Premier League,2024,Regular Season - 7,50,Manchester City,36,Fulham,3,2,FT
1208083,2024-10-05T14:00:00+00:00,39,Premier League,2024,Regular Season - 7,55,Brentford,39,Wolves,5,3,FT
1208087,2024-10-05T16:30:00+00:00,39,Premier League,2024,Regular Season - 7,45,Everton,34,Newcastle,0,0,FT
1208085,2024-10-06T13:00:00+00:00,39,Premier League,2024,Regular Season - 7,49,Chelsea,65,Nottingham Forest,1,1,FT
1208082,2024-10-06T13:00:00+00:00,39,Premier League,2024,Regular Season - 7,66,Aston Villa,33,Manchester United,0,0,FT
1208084,2024-10-06T15:30:00+00:00,39,Premier League,2024,Regular Season - 7,51,Brighton,47,Tottenham,3,2,FT
1208099,2024-10-19T11:30:00+00:00,39,Premier League,2024,Regular Season - 8,47,Tottenham,48,West Ham,4,1,FT
1208095,2024-10-19T14:00:00+00:00,39,Premier League,2024,Regular Season - 8,33,Manchester United,55,Brentford,2,1,FT
1208096,2024-10-19T14:00:00+00:00,39,Premier League,2024,Regular Season - 8,34,Newcastle,51,Brighton,0,1,FT
1208092,2024-10-19T14:00:00+00:00,39,Premier League,2024,Regular Season - 8,36,Fulham,66,Aston Villa,1,3,FT
1208098,2024-10-19T14:00:00+00:00,39,Premier League,2024,Regular Season - 8,41,Southampton,46,Leicester,2,3,FT
1208093,2024-10-19T14:00:00+00:00,39,Premier League,2024,Regular Season - 8,57,Ipswich,45,Everton,0,2,FT
1208091,2024-10-19T16:30:00+00:00,39,Premier League,2024,Regular Season - 8,35,Bournemouth,42,Arsenal,2,0,FT
1208100,2024-10-20T13:00:00+00:00,39,Premier League,2024,Regular Season - 8,39,Wolves,50,Manchester City,1,2,FT
1208094,2024-10-20T15:30:00+00:00,39,Premier League,2024,Regular Season - 8,40,Liverpool,49,Chelsea,2,1,FT
1208097,2024-10-21T19:00:00+00:00,39,Premier League,2024,Regular Season - 8,65,Nottingham Forest,52,Crystal Palace,1,0,FT
1208110,2024-10-25T19:00:00+00:00,39,Premier League,2024,Regular Season - 9,46,Leicester,65,Nottingham Forest,1,3,FT
1208111,2024-10-26T14:00:00+00:00,39,Premier League,2024,Regular Season - 9,50,Manchester City,41,Southampton,1,0,FT
1208106,2024-10-26T14:00:00+00:00,39,Premier League,2024,Regular Season - 9,51,Brighton,39,Wolves,2,2,FT
1208105,2024-10-26T14:00:00+00:00,39,Premier League,2024,Regular Season - 9,55,Brentford,57,Ipswich,4,3,FT
1208104,2024-10-26T14:00:00+00:00,39,Premier League,2024,Regular Season - 9,66,Aston Villa,35,Bournemouth,1,1,FT
1208109,2024-10-26T16:30:00+00:00,39,Premier League,2024,Regular Season - 9,45,Everton,36,Fulham,1,1,FT
1208112,2024-10-27T13:00:00+00:00,39,Premier League,2024,Regular Season - 9,48,West Ham,33,Manchester United,2,1,FT
1208107,2024-10-27T13:00:00+00:00,39,Premier League,2024,Regular Season - 9,49,Chelsea,34,Newcastle,2,1,FT
1208108,2024-10-27T13:00:00+00:00,39,Premier League,2024,Regular Season - 9,52,Crystal Palace,47,Tottenham,1,0,FT
1208103,2024-10-27T15:30:00+00:00,39,Premier League,2024,Regular Season - 9,42,Arsenal,40,Liverpool,2,2,FT
1208118,2024-11-02T12:30:00+00:00,39,Premier League,2024,Regular Season - 10,34,Newcastle,42,Arsenal,1,0,FT
1208113,2024-11-02T15:00:00+00:00,39,Premier League,2024,Regular Season - 10,35,Bournemouth,50,Manchester City,2,1,FT
1208116,2024-11-02T15:00:00+00:00,39,Premier League,2024,Regular Season - 10,40,Liverpool,51,Brighton,2,1,FT
1208120,2024-11-02T15:00:00+00:00,39,Premier League,2024,Regular Season - 10,41,Southampton,45,Everton,1,0,FT
1208115,2024-11-02T15:00:00+00:00,39,Premier League,2024,Regular Season - 10,57,Ipswich,46,Leicester,1,1,FT
1208119,2024-11-02T15:00:00+00:00,39,Premier League,2024,Regular Season - 10,65,Nottingham Forest,48,West Ham,3,0,FT
1208122,2024-11-02T17:30:00+00:00,39,Premier League,2024,Regular Season - 10,39,Wolves,52,Crystal Palace,2,2,FT
1208121,2024-11-03T14:00:00+00:00,39,Premier League,2024,Regular Season - 10,47,Tottenham,66,Aston Villa,4,1,FT
1208117,2024-11-03T16:30:00+00:00,39,Premier League,2024,Regular Season - 10,33,Manchester United,49,Chelsea,1,1,FT
1208114,2024-11-04T20:00:00+00:00,39,Premier League,2024,Regular Season - 10,36,Fulham,55,Brentford,2,1,FT
1208132,2024-11-09T15:00:00+00:00,39,Premier League,2024,Regular Season - 11,39,Wolves,41,Southampton,2,0,FT
1208131,2024-11-09T15:00:00+00:00,39,Premier League,2024,Regular Season - 11,48,West Ham,45,Everton,0,0,FT
1208126,2024-11-09T15:00:00+00:00,39,Premier League,2024,Regular Season - 11,52,Crystal Palace,36,Fulham,0,2,FT
1208123,2024-11-09T15:00:00+00:00,39,Premier League,2024,Regular Season - 11,55,Brentford,35,Bournemouth,3,2,FT
1208124,2024-11-09T17:30:00+00:00,39,Premier League,2024,Regular Season - 11,51,Brighton,50,Manchester City,2,1,FT
1208127,2024-11-09T20:00:00+00:00,39,Premier League,2024,Regular Season - 11,40,Liverpool,66,Aston Villa,2,0,FT
1208128,2024-11-10T14:00:00+00:00,39,Premier League,2024,Regular Season - 11,33,Manchester United,46,Leicester,3,0,FT
1208130,2024-11-10T14:00:00+00:00,39,Premier League,2024,Regular Season - 11,47,Tottenham,57,Ipswich,1,2,FT
1208129,2024-11-10T14:00:00+00:00,39,Premier League,2024,Regular Season - 11,65,Nottingham Forest,34,Newcastle,1,3,FT
1208125,2024-11-10T16:30:00+00:00,39,Premier League,2024,Regular Season - 11,49,Chelsea,42,Arsenal,1,1,FT
1208139,2024-11-23T12:30:00+00:00,39,Premier League,2024,Regular Season - 12,46,Leicester,49,Chelsea,1,2,FT
1208133,2024-11-23T15:00:00+00:00,39,Premier League,2024,Regular Season - 12,35,Bournemouth,51,Brighton,1,2,FT
1208137,2024-11-23T15:00:00+00:00,39,Premier League,2024,Regular Season - 12,36,Fulham,39,Wolves,1,4,FT
1208134,2024-11-23T15:00:00+00:00,39,Premier League,2024,Regular Season - 12,42,Arsenal,65,Nottingham Forest,3,0,FT
1208136,2024-11-23T15:00:00+00:00,39,Premier League,2024,Regular Season - 12,45,Everton,55,Brentford,0,0,FT
1208135,2024-11-23T15:00:00+00:00,39,Premier League,2024,Regular Season - 12,66,Aston Villa,52,Crystal Palace,2,2,FT
1208140,2024-11-23T17:30:00+00:00,39,Premier League,2024,Regular Season - 12,50,Manchester City,47,Tottenham,0,4,FT
1208142,2024-11-24T14:00:00+00:00,39,Premier League,2024,Regular Season - 12,41,Southampton,40,Liverpool,2,3,FT
1208138,2024-11-24T16:30:00+00:00,39,Premier League,2024,Regular Season - 12,57,Ipswich,33,Manchester United,1,1,FT
1208141,2024-11-25T20:00:00+00:00,39,Premier League,2024,Regular Season - 12,34,Newcastle,48,West Ham,0,2,FT
1208144,2024-11-29T20:00:00+00:00,39,Premier League,2024,Regular Season - 13,51,Brighton,41,Southampton,1,1,FT
1208152,2024-11-30T15:00:00+00:00,39,Premier League,2024,Regular Season - 13,39,Wolves,35,Bournemouth,2,4,FT
1208146,2024-11-30T15:00:00+00:00,39,Premier League,2024,Regular Season - 13,52,Crystal Palace,34,Newcastle,1,1,FT
1208143,2024-11-30T15:00:00+00:00,39,Premier League,2024,Regular Season - 13,55,Brentford,46,Leicester,4,1,FT
1208149,2024-11-30T15:00:00+00:00,39,Premier League,2024,Regular Season - 13,65,Nottingham Forest,57,Ipswich,1,0,FT
1208151,2024-11-30T17:30:00+00:00,39,Premier League,2024,Regular Season - 13,48,West Ham,42,Arsenal,2,5,FT
1208148,2024-12-01T13:30:00+00:00,39,Premier League,2024,Regular Season - 13,33,Manchester United,45,Everton,4,0,FT
1208150,2024-12-01T13:30:00+00:00,39,Premier League,2024,Regular Season - 13,47,Tottenham,36,Fulham,1,1,FT
1208145,2024-12-01T13:30:00+00:00,39,Premier League,2024,Regular Season - 13,49,Chelsea,66,Aston Villa,3,0,FT
1208147,2024-12-01T16:00:00+00:00,39,Premier League,2024,Regular Season - 13,40,Liverpool,50,Manchester City,2,0,FT
1208158,2024-12-03T19:30:00+00:00,39,Premier League,2024,Regular Season - 14,57,Ipswich,52,Crystal Palace,0,1,FT
1208159,2024-12-03T20:15:00+00:00,39,Premier League,2024,Regular Season - 14,46,Leicester,48,West Ham,3,1,FT
1208161,2024-12-04T19:30:00+00:00,39,Premier League,2024,Regular Season - 14,34,Newcastle,40,Liverpool,3,3,FT
1208162,2024-12-04T19:30:00+00:00,39,Premier League,2024,Regular Season - 14,41,Southampton,49,Chelsea,1,5,FT
1208156,2024-12-04T19:30:00+00:00,39,Premier League,2024,Regular Season - 14,45,Everton,39,Wolves,4,0,FT
1208160,2024-12-04T19:30:00+00:00,39,Premier League,2024,Regular Season - 14,50,Manchester City,65,Nottingham Forest,3,0,FT
1208154,2024-12-04T20:15:00+00:00,39,Premier League,2024,Regular Season - 14,42,Arsenal,33,Manchester United,2,0,FT
1208155,2024-12-04T20:15:00+00:00,39,Premier League,2024,Regular Season - 14,66,Aston Villa,55,Brentford,3,1,FT
1208157,2024-12-05T19:30:00+00:00,39,Premier League,2024,Regular Season - 14,36,Fulham,51,Brighton,3,1,FT
1208153,2024-12-05T20:15:00+00:00,39,Premier League,2024,Regular Season - 14,35,Bournemouth,47,Tottenham,1,0,FT
1208165,2024-12-07T15:00:00+00:00,39,Premier League,2024,Regular Season - 15,52,Crystal Palace,50,Manchester City,2,2,FT
1208164,2024-12-07T15:00:00+00:00,39,Premier League,2024,Regular Season - 15,55,Brentford,34,Newcastle,4,2,FT
1208163,2024-12-07T15:00:00+00:00,39,Premier League,2024,Regular Season - 15,66,Aston Villa,41,Southampton,1,0,FT
1208170,2024-12-07T17:30:00+00:00,39,Premier League,2024,Regular Season - 15,33,Manchester United,65,Nottingham Forest,2,3,FT
1208167,2024-12-08T14:00:00+00:00,39,Premier League,2024,Regular Season - 15,36,Fulham,42,Arsenal,1,1,FT
1208169,2024-12-08T14:00:00+00:00,39,Premier League,2024,Regular Season - 15,46,Leicester,51,Brighton,2,2,FT
1208168,2024-12-08T14:00:00+00:00,39,Premier League,2024,Regular Season - 15,57,Ipswich,35,Bournemouth,1,2,FT
1208171,2024-12-08T16:30:00+00:00,39,Premier League,2024,Regular Season - 15,47,Tottenham,49,Chelsea,3,4,FT
1208172,2024-12-09T20:00:00+00:00,39,Premier League,2024,Regular Season - 15,48,West Ham,39,Wolves,2,1,FT
1208179,2024-12-14T15:00:00+00:00,39,Premier League,2024,Regular Season - 16,34,Newcastle,46,Leicester,4,0,FT
1208182,2024-12-14T15:00:00+00:00,39,Premier League,2024,Regular Season - 16,39,Wolves,57,Ipswich,1,2,FT
1208177,2024-12-14T15:00:00+00:00,39,Premier League,2024,Regular Season - 16,40,Liverpool,36,Fulham,2,2,FT
1208174,2024-12-14T15:00:00+00:00,39,Premier League,2024,Regular Season - 16,42,Arsenal,45,Everton,0,0,FT
1208180,2024-12-14T17:30:00+00:00,39,Premier League,2024,Regular Season - 16,65,Nottingham Forest,66,Aston Villa,2,1,FT
1208175,2024-12-15T14:00:00+00:00,39,Premier League,2024,Regular Season - 16,51,Brighton,52,Crystal Palace,1,3,FT
1208178,2024-12-15T16:30:00+00:00,39,Premier League,2024,Regular Season - 16,50,Manchester City,33,Manchester United,1,2,FT
1208181,2024-12-15T19:00:00+00:00,39,Premier League,2024,Regular Season - 16,41,Southampton,47,Tottenham,0,5,FT
1208176,2024-12-15T19:00:00+00:00,39,Premier League,2024,Regular Season - 16,49,Chelsea,55,Brentford,2,1,FT
1208173,2024-12-16T20:00:00+00:00,39,Premier League,2024,Regular Season - 16,35,Bournemouth,48,West Ham,1,1,FT
1208183,2024-12-21T12:30:00+00:00,39,Premier League,2024,Regular Season - 17,66,Aston Villa,50,Manchester City,2,1,FT
1208192,2024-12-21T15:00:00+00:00,39,Premier League,2024,Regular Season - 17,48,West Ham,51,Brighton,1,1,FT
1208184,2024-12-21T15:00:00+00:00,39,Premier League,2024,Regular Season - 17,55,Brentford,65,Nottingham Forest,0,2,FT
1208188,2024-12-21T15:00:00+00:00,39,Premier League,2024,Regular Season - 17,57,Ipswich,34,Newcastle,0,4,FT
1208185,2024-12-21T17:30:00+00:00,39,Premier League,2024,Regular Season - 17,52,Crystal Palace,42,Arsenal,1,5,FT
1208190,2024-12-22T14:00:00+00:00,39,Premier League,2024,Regular Season - 17,33,Manchester United,35,Bournemouth,0,3,FT
1208187,2024-12-22T14:00:00+00:00,39,Premier League,2024,Regular Season - 17,36,Fulham,41,Southampton,0,0,FT
1208186,2024-12-22T14:00:00+00:00,39,Premier League,2024,Regular Season - 17,45,Everton,49,Chelsea,0,0,FT
1208189,2024-12-22T14:00:00+00:00,39,Premier League,2024,Regular Season - 17,46,Leicester,39,Wolves,0,3,FT
1208191,2024-12-22T16:30:00+00:00,39,Premier League,2024,Regular Season - 17,47,Tottenham,40,Liverpool,3,6,FT
1208198,2024-12-26T12:30:00+00:00,39,Premier League,2024,Regular Season - 18,50,Manchester City,45,Everton,1,1,FT
1208199,2024-12-26T15:00:00+00:00,39,Premier League,2024,Regular Season - 18,34,Newcastle,66,Aston Villa,3,0,FT
1208193,2024-12-26T15:00:00+00:00,39,Premier League,2024,Regular Season - 18,35,Bournemouth,52,Crystal Palace,0,0,FT
1208201,2024-12-26T15:00:00+00:00,39,Premier League,2024,Regular Season - 18,41,Southampton,48,West Ham,0,1,FT
1208196,2024-12-26T15:00:00+00:00,39,Premier League,2024,Regular Season - 18,49,Chelsea,36,Fulham,1,2,FT
1208200,2024-12-26T15:00:00+00:00,39,Premier League,2024,Regular Season - 18,65,Nottingham Forest,47,Tottenham,1,0,FT
1208202,2024-12-26T17:30:00+00:00,39,Premier League,2024,Regular Season - 18,39,Wolves,33,Manchester United,2,0,FT
1208197,2024-12-26T20:00:00+00:00,39,Premier League,2024,Regular Season - 18,40,Liverpool,46,Leicester,3,1,FT
1208195,2024-12-27T19:30:00+00:00,39,Premier League,2024,Regular Season - 18,51,Brighton,55,Brentford,0,0,FT
1208194,2024-12-27T20:15:00+00:00,39,Premier League,2024,Regular Season - 18,42,Arsenal,57,Ipswich,1,0,FT
1208209,2024-12-29T14:30:00+00:00,39,Premier League,2024,Regular Season - 19,46,Leicester,50,Manchester City,0,2,FT
1208207,2024-12-29T15:00:00+00:00,39,Premier League,2024,Regular Season - 19,36,Fulham,35,Bournemouth,2,2,FT
1208206,2024-12-29T15:00:00+00:00,39,Premier League,2024,Regular Season - 19,45,Everton,65,Nottingham Forest,0,2,FT
1208211,2024-12-29T15:00:00+00:00,39,Premier League,2024,Regular Season - 19,47,Tottenham,39,Wolves,2,2,FT
1208205,2024-12-29T15:00:00+00:00,39,Premier League,2024,Regular Season - 19,52,Crystal Palace,41,Southampton,2,1,FT
1208212,2024-12-29T17:15:00+00:00,39,Premier League,2024,Regular Season - 19,48,West Ham,40,Liverpool,0,5,FT
1208208,2024-12-30T19:45:00+00:00,39,Premier League,2024,Regular Season - 19,57,Ipswich,49,Chelsea,2,0,FT
1208203,2024-12-30T19:45:00+00:00,39,Premier League,2024,Regular Season - 19,66,Aston Villa,51,Brighton,2,2,FT
1208210,2024-12-30T20:00:00+00:00,39,Premier League,2024,Regular Season - 19,33,Manchester United,34,Newcastle,0,2,FT
1208204,2025-01-01T17:30:00+00:00,39,Premier League,2024,Regular Season - 19,55,Brentford,42,Arsenal,1,3,FT
1208221,2025-01-04T12:30:00+00:00,39,Premier League,2024,Regular Season - 20,47,Tottenham,34,Newcastle,1,2,FT
1208213,2025-01-04T15:00:00+00:00,39,Premier League,2024,Regular Season - 20,35,Bournemouth,45,Everton,1,0,FT
1208220,2025-01-04T15:00:00+00:00,39,Premier League,2024,Regular Season - 20,41,Southampton,55,Brentford,0,5,FT
1208219,2025-01-04T15:00:00+00:00,39,Premier League,2024,Regular Season - 20,50,Manchester City,48,West Ham,4,1,FT
1208216,2025-01-04T15:00:00+00:00,39,Premier League,2024,Regular Season - 20,52,Crystal Palace,49,Chelsea,1,1,FT
1208214,2025-01-04T15:00:00+00:00,39,Premier League,2024,Regular Season - 20,66,Aston Villa,46,Leicester,2,1,FT
1208215,2025-01-04T17:30:00+00:00,39,Premier League,2024,Regular Season - 20,51,Brighton,42,Arsenal,1,1,FT
1208217,2025-01-05T14:00:00+00:00,39,Premier League,2024,Regular Season - 20,36,Fulham,57,Ipswich,2,2,FT
1208218,2025-01-05T16:30:00+00:00,39,Premier League,2024,Regular Season - 20,40,Liverpool,33,Manchester United,2,2,FT
1208222,2025-01-06T20:00:00+00:00,39,Premier League,2024,Regular Season - 20,39,Wolves,65,Nottingham Forest,0,3,FT
1208229,2025-01-14T19:30:00+00:00,39,Premier League,2024,Regular Season - 21,48,West Ham,36,Fulham,3,2,FT
1208230,2025-01-14T19:30:00+00:00,39,Premier League,2024,Regular Season - 21,49,Chelsea,35,Bournemouth,2,2,FT
1208224,2025-01-14T19:30:00+00:00,39,Premier League,2024,Regular Season - 21,55,Brentford,50,Manchester City,2,2,FT
1208228,2025-01-14T20:00:00+00:00,39,Premier League,2024,Regular Season - 21,65,Nottingham Forest,40,Liverpool,1,1,FT
1208231,2025-01-15T19:30:00+00:00,39,Premier League,2024,Regular Season - 21,34,Newcastle,39,Wolves,3,0,FT
1208225,2025-01-15T19:30:00+00:00,39,Premier League,2024,Regular Season - 21,45,Everton,66,Aston Villa,0,1,FT
1208227,2025-01-15T19:30:00+00:00,39,Premier League,2024,Regular Season - 21,46,Leicester,52,Crystal Palace,0,2,FT
1208223,2025-01-15T20:00:00+00:00,39,Premier League,2024,Regular Season - 21,42,Arsenal,47,Tottenham,2,1,FT
1208226,2025-01-16T19:30:00+00:00,39,Premier League,2024,Regular Season - 21,57,Ipswich,51,Brighton,0,2,FT
1208232,2025-01-16T20:00:00+00:00,39,Premier League,2024,Regular Season - 21,33,Manchester United,41,Southampton,3,1,FT
1208240,2025-01-18T12:30:00+00:00,39,Premier League,2024,Regular Season - 22,34,Newcastle,35,Bournemouth,1,4,FT
1208238,2025-01-18T15:00:00+00:00,39,Premier League,2024,Regular Season - 22,46,Leicester,36,Fulham,0,2,FT
1208242,2025-01-18T15:00:00+00:00,39,Premier League,2024,Regular Season - 22,48,West Ham,52,Crystal Palace,0,2,FT
1208234,2025-01-18T15:00:00+00:00,39,Premier League,2024,Regular Season - 22,55,Brentford,40,Liverpool,0,2,FT
1208233,2025-01-18T17:30:00+00:00,39,Premier League,2024,Regular Season - 22,42,Arsenal,66,Aston Villa,2,2,FT
1208239,2025-01-19T14:00:00+00:00,39,Premier League,2024,Regular Season - 22,33,Manchester United,51,Brighton,1,3,FT
1208236,2025-01-19T14:00:00+00:00,39,Premier League,2024,Regular Season - 22,45,Everton,47,Tottenham,3,2,FT
1208241,2025-01-19T14:00:00+00:00,39,Premier League,2024,Regular Season - 22,65,Nottingham Forest,41,Southampton,3,2,FT
1208237,2025-01-19T16:30:00+00:00,39,Premier League,2024,Regular Season - 22,57,Ipswich,50,Manchester City,0,6,FT
1208235,2025-01-20T20:00:00+00:00,39,Premier League,2024,Regular Season - 22,49,Chelsea,39,Wolves,3,1,FT
1208243,2025-01-25T15:00:00+00:00,39,Premier League,2024,Regular Season - 23,35,Bournemouth,65,Nottingham Forest,5,0,FT
1208252,2025-01-25T15:00:00+00:00,39,Premier League,2024,Regular Season - 23,39,Wolves,42,Arsenal,0,1,FT
1208248,2025-01-25T15:00:00+00:00,39,Premier League,2024,Regular Season - 23,40,Liverpool,57,Ipswich,4,1,FT
1208250,2025-01-25T15:00:00+00:00,39,Premier League,2024,Regular Season - 23,41,Southampton,34,Newcastle,1,3,FT
1208245,2025-01-25T15:00:00+00:00,39,Premier League,2024,Regular Season - 23,51,Brighton,45,Everton,0,1,FT
1208249,2025-01-25T17:30:00+00:00,39,Premier League,2024,Regular Season - 23,50,Manchester City,49,Chelsea,3,1,FT
1208251,2025-01-26T14:00:00+00:00,39,Premier League,2024,Regular Season - 23,47,Tottenham,46,Leicester,1,2,FT
1208246,2025-01-26T14:00:00+00:00,39,Premier League,2024,Regular Season - 23,52,Crystal Palace,55,Brentford,1,2,FT
1208244,2025-01-26T16:30:00+00:00,39,Premier League,2024,Regular Season - 23,66,Aston Villa,48,West Ham,1,1,FT
1208247,2025-01-26T19:00:00+00:00,39,Premier League,2024,Regular Season - 23,36,Fulham,33,Manchester United,0,1,FT
1208261,2025-02-01T12:30:00+00:00,39,Premier League,2024,Regular Season - 24,65,Nottingham Forest,51,Brighton,7,0,FT
1208260,2025-02-01T15:00:00+00:00,39,Premier League,2024,Regular Season - 24,34,Newcastle,36,Fulham,1,2,FT
1208253,2025-02-01T15:00:00+00:00,39,Premier League,2024,Regular Season - 24,35,Bournemouth,40,Liverpool,0,2,FT
1208257,2025-02-01T15:00:00+00:00,39,Premier League,2024,Regular Season - 24,45,Everton,46,Leicester,4,0,FT
1208258,2025-02-01T15:00:00+00:00,39,Premier League,2024,Regular Season - 24,57,Ipswich,41,Southampton,1,2,FT
1208262,2025-02-01T17:30:00+00:00,39,Premier League,2024,Regular Season - 24,39,Wolves,66,Aston Villa,2,0,FT
1208259,2025-02-02T14:00:00+00:00,39,Premier League,2024,Regular Season - 24,33,Manchester United,52,Crystal Palace,0,2,FT
1208255,2025-02-02T14:00:00+00:00,39,Premier League,2024,Regular Season - 24,55,Brentford,47,Tottenham,0,2,FT
1208254,2025-02-02T16:30:00+00:00,39,Premier League,2024,Regular Season - 24,42,Arsenal,50,Manchester City,5,1,FT
1208256,2025-02-03T20:00:00+00:00,39,Premier League,2024,Regular Season - 24,49,Chelsea,48,West Ham,2,1,FT
1208166,2025-02-12T19:30:00+00:00,39,Premier League,2024,Regular Season - 15,45,Everton,40,Liverpool,2,2,FT
1208264,2025-02-14T20:00:00+00:00,39,Premier League,2024,Regular Season - 25,51,Brighton,49,Chelsea,3,0,FT
1208267,2025-02-15T12:30:00+00:00,39,Premier League,2024,Regular Season - 25,46,Leicester,42,Arsenal,0,2,FT
1208266,2025-02-15T15:00:00+00:00,39,Premier League,2024,Regular Season - 25,36,Fulham,65,Nottingham Forest,2,1,FT
1208270,2025-02-15T15:00:00+00:00,39,Premier League,2024,Regular Season - 25,41,Southampton,35,Bournemouth,1,3,FT
1208272,2025-02-15T15:00:00+00:00,39,Premier League,2024,Regular Season - 25,48,West Ham,55,Brentford,0,1,FT
1208269,2025-02-15T15:00:00+00:00,39,Premier League,2024,Regular Season - 25,50,Manchester City,34,Newcastle,4,0,FT
1208263,2025-02-15T15:00:00+00:00,39,Premier League,2024,Regular Season - 25,66,Aston Villa,57,Ipswich,1,1,FT
1208265,2025-02-15T17:30:00+00:00,39,Premier League,2024,Regular Season - 25,52,Crystal Palace,45,Everton,1,2,FT
1208268,2025-02-16T14:00:00+00:00,39,Premier League,2024,Regular Season - 25,40,Liverpool,39,Wolves,2,1,FT
1208271,2025-02-16T16:30:00+00:00,39,Premier League,2024,Regular Season - 25,47,Tottenham,33,Manchester United,1,0,FT
1208305,2025-02-19T19:30:00+00:00,39,Premier League,2024,Regular Season - 29,66,Aston Villa,40,Liverpool,2,2,FT
1208279,2025-02-21T20:00:00+00:00,39,Premier League,2024,Regular Season - 26,46,Leicester,55,Brentford,0,4,FT
1208276,2025-02-22T12:30:00+00:00,39,Premier League,2024,Regular Season - 26,45,Everton,33,Manchester United,2,2,FT
1208273,2025-02-22T15:00:00+00:00,39,Premier League,2024,Regular Season - 26,35,Bournemouth,39,Wolves,0,1,FT
1208277,2025-02-22T15:00:00+00:00,39,Premier League,2024,Regular Season - 26,36,Fulham,52,Crystal Palace,0,2,FT
1208282,2025-02-22T15:00:00+00:00,39,Premier League,2024,Regular Season - 26,41,Southampton,51,Brighton,0,4,FT
1208274,2025-02-22T15:00:00+00:00,39,Premier League,2024,Regular Season - 26,42,Arsenal,48,West Ham,0,1,FT
1208278,2025-02-22T15:00:00+00:00,39,Premier League,2024,Regular Season - 26,57,Ipswich,47,Tottenham,1,4,FT
1208275,2025-02-22T17:30:00+00:00,39,Premier League,2024,Regular Season - 26,66,Aston Villa,49,Chelsea,2,1,FT
1208281,2025-02-23T14:00:00+00:00,39,Premier League,2024,Regular Season - 26,34,Newcastle,65,Nottingham Forest,4,3,FT
1208280,2025-02-23T16:30:00+00:00,39,Premier League,2024,Regular Season - 26,50,Manchester City,40,Liverpool,0,2,FT
1208288,2025-02-25T19:30:00+00:00,39,Premier League,2024,Regular Season - 27,39,Wolves,36,Fulham,1,2,FT
1208284,2025-02-25T19:30:00+00:00,39,Premier League,2024,Regular Season - 27,51,Brighton,35,Bournemouth,2,1,FT
1208289,2025-02-25T19:30:00+00:00,39,Premier League,2024,Regular Season - 27,52,Crystal Palace,66,Aston Villa,4,1,FT
1208290,2025-02-25T20:15:00+00:00,39,Premier League,2024,Regular Season - 27,49,Chelsea,41,Southampton,4,0,FT
1208292,2025-02-26T19:30:00+00:00,39,Premier League,2024,Regular Season - 27,33,Manchester United,57,Ipswich,3,2,FT
1208286,2025-02-26T19:30:00+00:00,39,Premier League,2024,Regular Season - 27,47,Tottenham,50,Manchester City,0,1,FT
1208283,2025-02-26T19:30:00+00:00,39,Premier League,2024,Regular Season - 27,55,Brentford,45,Everton,1,1,FT
1208285,2025-02-26T19:30:00+00:00,39,Premier League,2024,Regular Season - 27,65,Nottingham Forest,42,Arsenal,0,0,FT
1208291,2025-02-26T20:15:00+00:00,39,Premier League,2024,Regular Season - 27,40,Liverpool,34,Newcastle,2,0,FT
1208287,2025-02-27T20:00:00+00:00,39,Premier League,2024,Regular Season - 27,48,West Ham,46,Leicester,2,0,FT
1208299,2025-03-08T12:30:00+00:00,39,Premier League,2024,Regular Season - 28,65,Nottingham Forest,50,Manchester City,1,0,FT
1208297,2025-03-08T15:00:00+00:00,39,Premier League,2024,Regular Season - 28,40,Liverpool,41,Southampton,3,1,FT
1208294,2025-03-08T15:00:00+00:00,39,Premier League,2024,Regular Season - 28,51,Brighton,36,Fulham,2,1,FT
1208296,2025-03-08T15:00:00+00:00,39,Premier League,2024,Regular Season - 28,52,Crystal Palace,57,Ipswich,1,0,FT
1208293,2025-03-08T17:30:00+00:00,39,Premier League,2024,Regular Season - 28,55,Brentford,66,Aston Villa,0,1,FT
1208302,2025-03-08T20:00:00+00:00,39,Premier League,2024,Regular Season - 28,39,Wolves,45,Everton,1,1,FT
1208300,2025-03-09T14:00:00+00:00,39,Premier League,2024,Regular Season - 28,47,Tottenham,35,Bournemouth,2,2,FT
1208295,2025-03-09T14:00:00+00:00,39,Premier League,2024,Regular Season - 28,49,Chelsea,46,Leicester,1,0,FT
1208298,2025-03-09T16:30:00+00:00,39,Premier League,2024,Regular Season - 28,33,Manchester United,42,Arsenal,1,1,FT
1208301,2025-03-10T20:00:00+00:00,39,Premier League,2024,Regular Season - 28,48,West Ham,34,Newcastle,0,1,FT
1208312,2025-03-15T15:00:00+00:00,39,Premier League,2024,Regular Season - 29,41,Southampton,39,Wolves,1,2,FT
1208306,2025-03-15T15:00:00+00:00,39,Premier League,2024,Regular Season - 29,45,Everton,48,West Ham,1,1,FT
1208310,2025-03-15T15:00:00+00:00,39,Premier League,2024,Regular Season - 29,50,Manchester City,51,Brighton,2,2,FT
1208308,2025-03-15T15:00:00+00:00,39,Premier League,2024,Regular Season - 29,57,Ipswich,65,Nottingham Forest,2,4,FT
1208303,2025-03-15T17:30:00+00:00,39,Premier League,2024,Regular Season - 29,35,Bournemouth,55,Brentford,1,2,FT
1208307,2025-03-16T13:30:00+00:00,39,Premier League,2024,Regular Season - 29,36,Fulham,47,Tottenham,2,0,FT
1208304,2025-03-16T13:30:00+00:00,39,Premier League,2024,Regular Season - 29,42,Arsenal,49,Chelsea,1,0,FT
1208309,2025-03-16T19:00:00+00:00,39,Premier League,2024,Regular Season - 29,46,Leicester,33,Manchester United,0,3,FT
1208317,2025-04-01T18:45:00+00:00,39,Premier League,2024,Regular Season - 30,39,Wolves,48,West Ham,1,0,FT
1208314,2025-04-01T18:45:00+00:00,39,Premier League,2024,Regular Season - 30,42,Arsenal,36,Fulham,2,1,FT
1208316,2025-04-01T19:00:00+00:00,39,Premier League,2024,Regular Season - 30,65,Nottingham Forest,33,Manchester United,1,0,FT
1208320,2025-04-02T18:45:00+00:00,39,Premier League,2024,Regular Season - 30,34,Newcastle,55,Brentford,2,1,FT
1208313,2025-04-02T18:45:00+00:00,39,Premier League,2024,Regular Season - 30,35,Bournemouth,57,Ipswich,1,2,FT
1208321,2025-04-02T18:45:00+00:00,39,Premier League,2024,Regular Season - 30,41,Southampton,52,Crystal Palace,1,1,FT
1208319,2025-04-02T18:45:00+00:00,39,Premier League,2024,Regular Season - 30,50,Manchester City,46,Leicester,2,0,FT
1208315,2025-04-02T18:45:00+00:00,39,Premier League,2024,Regular Season - 30,51,Brighton,66,Aston Villa,0,3,FT
1208322,2025-04-02T19:00:00+00:00,39,Premier League,2024,Regular Season - 30,40,Liverpool,45,Everton,1,0,FT
1208318,2025-04-03T19:00:00+00:00,39,Premier League,2024,Regular Season - 30,49,Chelsea,47,Tottenham,1,0,FT
1208326,2025-04-05T11:30:00+00:00,39,Premier League,2024,Regular Season - 31,45,Everton,42,Arsenal,1,1,FT
1208332,2025-04-05T14:00:00+00:00,39,Premier League,2024,Regular Season - 31,48,West Ham,35,Bournemouth,2,2,FT
1208325,2025-04-05T14:00:00+00:00,39,Premier League,2024,Regular Season - 31,52,Crystal Palace,51,Brighton,2,1,FT
1208328,2025-04-05T14:00:00+00:00,39,Premier League,2024,Regular Season - 31,57,Ipswich,39,Wolves,1,2,FT
1208323,2025-04-05T16:30:00+00:00,39,Premier League,2024,Regular Season - 31,66,Aston Villa,65,Nottingham Forest,2,1,FT
1208327,2025-04-06T13:00:00+00:00,39,Premier League,2024,Regular Season - 31,36,Fulham,40,Liverpool,3,2,FT
1208331,2025-04-06T13:00:00+00:00,39,Premier League,2024,Regular Season - 31,47,Tottenham,41,Southampton,3,1,FT
1208324,2025-04-06T13:00:00+00:00,39,Premier League,2024,Regular Season - 31,55,Brentford,49,Chelsea,0,0,FT
1208330,2025-04-06T15:30:00+00:00,39,Premier League,2024,Regular Season - 31,33,Manchester United,50,Manchester City,0,0,FT
1208329,2025-04-07T19:00:00+00:00,39,Premier League,2024,Regular Season - 31,46,Leicester,34,Newcastle,0,3,FT
1208338,2025-04-12T11:30:00+00:00,39,Premier League,2024,Regular Season - 32,50,Manchester City,52,Crystal Palace,5,2,FT
1208341,2025-04-12T14:00:00+00:00,39,Premier League,2024,Regular Season - 32,41,Southampton,66,Aston Villa,0,3,FT
1208335,2025-04-12T14:00:00+00:00,39,Premier League,2024,Regular Season - 32,51,Brighton,46,Leicester,2,2,FT
1208340,2025-04-12T14:00:00+00:00,39,Premier League,2024,Regular Season - 32,65,Nottingham Forest,45,Everton,0,1,FT
1208334,2025-04-12T16:30:00+00:00,39,Premier League,2024,Regular Season - 32,42,Arsenal,55,Brentford,1,1,FT
1208342,2025-04-13T13:00:00+00:00,39,Premier League,2024,Regular Season - 32,39,Wolves,47,Tottenham,4,2,FT
1208337,2025-04-13T13:00:00+00:00,39,Premier League,2024,Regular Season - 32,40,Liverpool,48,West Ham,2,1,FT
1208336,2025-04-13T13:00:00+00:00,39,Premier League,2024,Regular Season - 32,49,Chelsea,57,Ipswich,2,2,FT
1208339,2025-04-13T15:30:00+00:00,39,Premier League,2024,Regular Season - 32,34,Newcastle,33,Manchester United,4,1,FT
1208333,2025-04-14T19:00:00+00:00,39,Premier League,2024,Regular Season - 32,35,Bournemouth,36,Fulham,1,0,FT
1208311,2025-04-16T18:30:00+00:00,39,Premier League,2024,Regular Season - 29,34,Newcastle,52,Crystal Palace,5,0,FT
1208346,2025-04-19T14:00:00+00:00,39,Premier League,2024,Regular Season - 33,45,Everton,50,Manchester City,0,2,FT
1208352,2025-04-19T14:00:00+00:00,39,Premier League,2024,Regular Season - 33,48,West Ham,41,Southampton,1,1,FT
1208345,2025-04-19T14:00:00+00:00,39,Premier League,2024,Regular Season - 33,52,Crystal Palace,35,Bournemouth,0,0,FT
1208344,2025-04-19T14:00:00+00:00,39,Premier League,2024,Regular Season - 33,55,Brentford,51,Brighton,4,2,FT
1208343,2025-04-19T16:30:00+00:00,39,Premier League,2024,Regular Season - 33,66,Aston Villa,34,Newcastle,4,1,FT
1208350,2025-04-20T13:00:00+00:00,39,Premier League,2024,Regular Season - 33,33,Manchester United,39,Wolves,0,1,FT
1208347,2025-04-20T13:00:00+00:00,39,Premier League,2024,Regular Season - 33,36,Fulham,49,Chelsea,1,2,FT
1208348,2025-04-20T13:00:00+00:00,39,Premier League,2024,Regular Season - 33,57,Ipswich,42,Arsenal,0,4,FT
1208349,2025-04-20T15:30:00+00:00,39,Premier League,2024,Regular Season - 33,46,Leicester,40,Liverpool,0,1,FT
1208351,2025-04-21T19:00:00+00:00,39,Premier League,2024,Regular Season - 33,47,Tottenham,65,Nottingham Forest,1,2,FT
1208358,2025-04-22T19:00:00+00:00,39,Premier League,2024,Regular Season - 34,50,Manchester City,66,Aston Villa,2,1,FT
1208354,2025-04-23T19:00:00+00:00,39,Premier League,2024,Regular Season - 34,42,Arsenal,52,Crystal Palace,2,2,FT
1208356,2025-04-26T11:30:00+00:00,39,Premier League,2024,Regular Season - 34,49,Chelsea,45,Everton,1,0,FT
1208359,2025-04-26T14:00:00+00:00,39,Premier League,2024,Regular Season - 34,34,Newcastle,57,Ipswich,3,0,FT
1208362,2025-04-26T14:00:00+00:00,39,Premier League,2024,Regular Season - 34,39,Wolves,46,Leicester,3,0,FT
1208361,2025-04-26T14:00:00+00:00,39,Premier League,2024,Regular Season - 34,41,Southampton,36,Fulham,1,2,FT
1208355,2025-04-26T14:00:00+00:00,39,Premier League,2024,Regular Season - 34,51,Brighton,48,West Ham,3,2,FT
1208353,2025-04-27T13:00:00+00:00,39,Premier League,2024,Regular Season - 34,35,Bournemouth,33,Manchester United,1,1,FT
1208357,2025-04-27T15:30:00+00:00,39,Premier League,2024,Regular Season - 34,40,Liverpool,47,Tottenham,5,1,FT
1208360,2025-05-01T18:30:00+00:00,39,Premier League,2024,Regular Season - 34,65,Nottingham Forest,55,Brentford,0,2,FT
1208371,2025-05-02T19:00:00+00:00,39,Premier League,2024,Regular Season - 35,50,Manchester City,39,Wolves,1,0,FT
1208364,2025-05-03T11:30:00+00:00,39,Premier League,2024,Regular Season - 35,66,Aston Villa,36,Fulham,1,0,FT
1208369,2025-05-03T14:00:00+00:00,39,Premier League,2024,Regular Season - 35,45,Everton,57,Ipswich,2,2,FT
1208370,2025-05-03T14:00:00+00:00,39,Premier League,2024,Regular Season - 35,46,Leicester,41,Southampton,2,0,FT
1208363,2025-05-03T16:30:00+00:00,39,Premier League,2024,Regular Season - 35,42,Arsenal,35,Bournemouth,1,2,FT
1208372,2025-05-04T13:00:00+00:00,39,Premier League,2024,Regular Season - 35,48,West Ham,47,Tottenham,1,1,FT
1208366,2025-05-04T13:00:00+00:00,39,Premier League,2024,Regular Season - 35,51,Brighton,34,Newcastle,1,1,FT
1208365,2025-05-04T13:00:00+00:00,39,Premier League,2024,Regular Season - 35,55,Brentford,33,Manchester United,4,3,FT
1208367,2025-05-04T15:30:00+00:00,39,Premier League,2024,Regular Season - 35,49,Chelsea,40,Liverpool,3,1,FT
1208368,2025-05-05T19:00:00+00:00,39,Premier League,2024,Regular Season - 35,52,Crystal Palace,65,Nottingham Forest,1,1,FT
1208374,2025-05-10T14:00:00+00:00,39,Premier League,2024,Regular Season - 36,36,Fulham,45,Everton,1,3,FT
1208382,2025-05-10T14:00:00+00:00,39,Premier League,2024,Regular Season - 36,39,Wolves,51,Brighton,0,2,FT
1208380,2025-05-10T14:00:00+00:00,39,Premier League,2024,Regular Season - 36,41,Southampton,50,Manchester City,0,0,FT
1208375,2025-05-10T14:00:00+00:00,39,Premier League,2024,Regular Season - 36,57,Ipswich,55,Brentford,0,1,FT
1208373,2025-05-10T16:30:00+00:00,39,Premier League,2024,Regular Season - 36,35,Bournemouth,66,Aston Villa,0,1,FT
1208378,2025-05-11T11:00:00+00:00,39,Premier League,2024,Regular Season - 36,34,Newcastle,49,Chelsea,2,0,FT
1208377,2025-05-11T13:15:00+00:00,39,Premier League,2024,Regular Season - 36,33,Manchester United,48,West Ham,0,2,FT
1208381,2025-05-11T13:15:00+00:00,39,Premier League,2024,Regular Season - 36,47,Tottenham,52,Crystal Palace,0,2,FT
1208379,2025-05-11T13:15:00+00:00,39,Premier League,2024,Regular Season - 36,65,Nottingham Forest,46,Leicester,2,2,FT
1208376,2025-05-11T15:30:00+00:00,39,Premier League,2024,Regular Season - 36,40,Liverpool,42,Arsenal,2,2,FT
1208384,2025-05-16T18:30:00+00:00,39,Premier League,2024,Regular Season - 37,66,Aston Villa,47,Tottenham,2,0,FT
1208387,2025-05-16T19:15:00+00:00,39,Premier League,2024,Regular Season - 37,49,Chelsea,33,Manchester United,1,0,FT
1208389,2025-05-18T11:00:00+00:00,39,Premier League,2024,Regular Season - 37,45,Everton,41,Southampton,2,0,FT
1208392,2025-05-18T13:15:00+00:00,39,Premier League,2024,Regular Season - 37,48,West Ham,65,Nottingham Forest,1,2,FT
1208390,2025-05-18T14:00:00+00:00,39,Premier League,2024,Regular Season - 37,46,Leicester,57,Ipswich,2,0,FT
1208385,2025-05-18T14:00:00+00:00,39,Premier League,2024,Regular Season - 37,55,Brentford,36,Fulham,2,3,FT
1208383,2025-05-18T15:30:00+00:00,39,Premier League,2024,Regular Season - 37,42,Arsenal,34,Newcastle,1,0,FT
1208386,2025-05-19T19:00:00+00:00,39,Premier League,2024,Regular Season - 37,51,Brighton,40,Liverpool,3,2,FT
1208391,2025-05-20T19:00:00+00:00,39,Premier League,2024,Regular Season - 37,50,Manchester City,35,Bournemouth,3,1,FT
1208388,2025-05-20T19:00:00+00:00,39,Premier League,2024,Regular Season - 37,52,Crystal Palace,39,Wolves,4,2,FT
1208397,2025-05-25T15:00:00+00:00,39,Premier League,2024,Regular Season - 38,33,Manchester United,66,Aston Villa,2,0,FT
1208398,2025-05-25T15:00:00+00:00,39,Premier League,2024,Regular Season - 38,34,Newcastle,45,Everton,0,1,FT
1208393,2025-05-25T15:00:00+00:00,39,Premier League,2024,Regular Season - 38,35,Bournemouth,46,Leicester,2,0,FT
1208394,2025-05-25T15:00:00+00:00,39,Premier League,2024,Regular Season - 38,36,Fulham,50,Manchester City,0,2,FT
1208402,2025-05-25T15:00:00+00:00,39,Premier League,2024,Regular Season - 38,39,Wolves,55,Brentford,1,1,FT
1208396,2025-05-25T15:00:00+00:00,39,Premier League,2024,Regular Season - 38,40,Liverpool,52,Crystal Palace,1,1,FT
1208400,2025-05-25T15:00:00+00:00,39,Premier League,2024,Regular Season - 38,41,Southampton,42,Arsenal,1,2,FT
1208401,2025-05-25T15:00:00+00:00,39,Premier League,2024,Regular Season - 38,47,Tottenham,51,Brighton,1,4,FT
1208395,2025-05-25T15:00:00+00:00,39,Premier League,2024,Regular Season - 38,57,Ipswich,48,West Ham,1,3,FT
1208399,2025-05-25T15:00:00+00:00,39,Premier League,2024,Regular Season - 38,65,Nottingham Forest,49,Chelsea,0,1,FT
