date,home_team,away_team,home_goals,away_goals,home_matches_before,home_recent_points,home_recent_points_per_game,home_recent_goals_for,home_recent_goals_against,home_recent_goal_difference,home_recent_wins,home_recent_draws,home_recent_losses,home_win_rate,home_draw_rate,home_loss_rate,away_matches_before,away_recent_points,away_recent_points_per_game,away_recent_goals_for,away_recent_goals_against,away_recent_goal_difference,away_recent_wins,away_recent_draws,away_recent_losses,away_win_rate,away_draw_rate,away_loss_rate,home_home_matches_before,home_home_points_per_game,home_home_goals_for,home_home_goals_against,home_home_goal_difference,home_home_win_rate,away_away_matches_before,away_away_points_per_game,away_away_goals_for,away_away_goals_against,away_away_goal_difference,away_away_win_rate,h2h_matches_before,h2h_home_team_points_per_game,h2h_home_team_goals_for,h2h_home_team_goals_against,h2h_home_team_win_rate,form_edge,attack_edge,defense_edge,goal_difference_edge,home_away_form_edge,home_away_attack_edge,home_away_defense_edge,home_history_available,away_history_available,home_home_history_available,away_away_history_available,h2h_history_available,history_quality_score,result,target
2022-08-05 19:00:00+00:00,Crystal Palace,Arsenal,0.0,2.0,0,0.0,0.0,0.0,0.0,0.0,0,0,0,0.0,0.0,0.0,0,0.0,0.0,0.0,0.0,0.0,0,0,0,0.0,0.0,0.0,0,0.0,0.0,0.0,0.0,0.0,0,0.0,0.0,0.0,0.0,0.0,0,0.0,0.0,0.0,0.0,0.0,0.0,0.0,0.0,0.0,0.0,0.0,0,0,0,0,0,0.0,AWAY_WIN,2
2022-08-06 11:30:00+00:00,Fulham,Liverpool,2.0,2.0,0,0.0,0.0,0.0,0.0,0.0,0,0,0,0.0,0.0,0.0,0,0.0,0.0,0.0,0.0,0.0,0,0,0,0.0,0.0,0.0,0,0.0,0.0,0.0,0.0,0.0,0,0.0,0.0,0.0,0.0,0.0,0,0.0,0.0,0.0,0.0,0.0,0.0,0.0,0.0,0.0,0.0,0.0,0,0,0,0,0,0.0,DRAW,1
2022-08-06 14:00:00+00:00,Bournemouth,Aston Villa,2.0,0.0,0,0.0,0.0,0.0,0.0,0.0,0,0,0,0.0,0.0,0.0,0,0.0,0.0,0.0,0.0,0.0,0,0,0,0.0,0.0,0.0,0,0.0,0.0,0.0,0.0,0.0,0,0.0,0.0,0.0,0.0,0.0,0,0.0,0.0,0.0,0.0,0.0,0.0,0.0,0.0,0.0,0.0,0.0,0,0,0,0,0,0.0,HOME_WIN,0
2022-08-06 14:00:00+00:00,Leeds,Wolves,2.0,1.0,0,0.0,0.0,0.0,0.0,0.0,0,0,0,0.0,0.0,0.0,0,0.0,0.0,0.0,0.0,0.0,0,0,0,0.0,0.0,0.0,0,0.0,0.0,0.0,0.0,0.0,0,0.0,0.0,0.0,0.0,0.0,0,0.0,0.0,0.0,0.0,0.0,0.0,0.0,0.0,0.0,0.0,0.0,0,0,0,0,0,0.0,HOME_WIN,0
2022-08-06 14:00:00+00:00,Newcastle,Nottingham Forest,2.0,0.0,0,0.0,0.0,0.0,0.0,0.0,0,0,0,0.0,0.0,0.0,0,0.0,0.0,0.0,0.0,0.0,0,0,0,0.0,0.0,0.0,0,0.0,0.0,0.0,0.0,0.0,0,0.0,0.0,0.0,0.0,0.0,0,0.0,0.0,0.0,0.0,0.0,0.0,0.0,0.0,0.0,0.0,0.0,0,0,0,0,0,0.0,HOME_WIN,0
2022-08-06 14:00:00+00:00,Tottenham,Southampton,4.0,1.0,0,0.0,0.0,0.0,0.0,0.0,0,0,0,0.0,0.0,0.0,0,0.0,0.0,0.0,0.0,0.0,0,0,0,0.0,0.0,0.0,0,0.0,0.0,0.0,0.0,0.0,0,0.0,0.0,0.0,0.0,0.0,0,0.0,0.0,0.0,0.0,0.0,0.0,0.0,0.0,0.0,0.0,0.0,0,0,0,0,0,0.0,HOME_WIN,0
2022-08-06 16:30:00+00:00,Everton,Chelsea,0.0,1.0,0,0.0,0.0,0.0,0.0,0.0,0,0,0,0.0,0.0,0.0,0,0.0,0.0,0.0,0.0,0.0,0,0,0,0.0,0.0,0.0,0,0.0,0.0,0.0,0.0,0.0,0,0.0,0.0,0.0,0.0,0.0,0,0.0,0.0,0.0,0.0,0.0,0.0,0.0,0.0,0.0,0.0,0.0,0,0,0,0,0,0.0,AWAY_WIN,2
2022-08-07 13:00:00+00:00,Leicester,Brentford,2.0,2.0,0,0.0,0.0,0.0,0.0,0.0,0,0,0,0.0,0.0,0.0,0,0.0,0.0,0.0,0.0,0.0,0,0,0,0.0,0.0,0.0,0,0.0,0.0,0.0,0.0,0.0,0,0.0,0.0,0.0,0.0,0.0,0,0.0,0.0,0.0,0.0,0.0,0.0,0.0,0.0,0.0,0.0,0.0,0,0,0,0,0,0.0,DRAW,1
2022-08-07 13:00:00+00:00,Manchester United,Brighton,1.0,2.0,0,0.0,0.0,0.0,0.0,0.0,0,0,0,0.0,0.0,0.0,0,0.0,0.0,0.0,0.0,0.0,0,0,0,0.0,0.0,0.0,0,0.0,0.0,0.0,0.0,0.0,0,0.0,0.0,0.0,0.0,0.0,0,0.0,0.0,0.0,0.0,0.0,0.0,0.0,0.0,0.0,0.0,0.0,0,0,0,0,0,0.0,AWAY_WIN,2
2022-08-07 15:30:00+00:00,West Ham,Manchester City,0.0,2.0,0,0.0,0.0,0.0,0.0,0.0,0,0,0,0.0,0.0,0.0,0,0.0,0.0,0.0,0.0,0.0,0,0,0,0.0,0.0,0.0,0,0.0,0.0,0.0,0.0,0.0,0,0.0,0.0,0.0,0.0,0.0,0,0.0,0.0,0.0,0.0,0.0,0.0,0.0,0.0,0.0,0.0,0.0,0,0,0,0,0,0.0,AWAY_WIN,2
2022-08-13 11:30:00+00:00,Aston Villa,Everton,2.0,1.0,1,0.0,0.0,0.0,2.0,-2.0,0,0,1,0.0,0.0,1.0,1,0.0,0.0,0.0,1.0,-1.0,0,0,1,0.0,0.0,1.0,0,0.0,0.0,0.0,0.0,0.0,0,0.0,0.0,0.0,0.0,0.0,0,0.0,0.0,0.0,0.0,0.0,0.0,-1.0,-1.0,0.0,0.0,0.0,1,1,0,0,0,0.4,HOME_WIN,0
2022-08-13 14:00:00+00:00,Arsenal,Leicester,4.0,2.0,1,3.0,3.0,2.0,0.0,2.0,1,0,0,1.0,0.0,0.0,1,1.0,1.0,2.0,2.0,0.0,0,1,0,0.0,1.0,0.0,0,0.0,0.0,0.0,0.0,0.0,0,0.0,0.0,0.0,0.0,0.0,0,0.0,0.0,0.0,0.0,2.0,0.0,2.0,2.0,0.0,0.0,0.0,1,1,0,0,0,0.4,HOME_WIN,0
2022-08-13 14:00:00+00:00,Brighton,Newcastle,0.0,0.0,1,3.0,3.0,2.0,1.0,1.0,1,0,0,1.0,0.0,0.0,1,3.0,3.0,2.0,0.0,2.0,1,0,0,1.0,0.0,0.0,0,0.0,0.0,0.0,0.0,0.0,0,0.0,0.0,0.0,0.0,0.0,0,0.0,0.0,0.0,0.0,0.0,0.0,-1.0,-1.0,0.0,0.0,0.0,1,1,0,0,0,0.4,DRAW,1
2022-08-13 14:00:00+00:00,Manchester City,Bournemouth,4.0,0.0,1,3.0,3.0,2.0,0.0,2.0,1,0,0,1.0,0.0,0.0,1,3.0,3.0,2.0,0.0,2.0,1,0,0,1.0,0.0,0.0,0,0.0,0.0,0.0,0.0,0.0,0,0.0,0.0,0.0,0.0,0.0,0,0.0,0.0,0.0,0.0,0.0,0.0,0.0,0.0,0.0,0.0,0.0,1,1,0,0,0,0.4,HOME_WIN,0
2022-08-13 14:00:00+00:00,Southampton,Leeds,2.0,2.0,1,0.0,0.0,1.0,4.0,-3.0,0,0,1,0.0,0.0,1.0,1,3.0,3.0,2.0,1.0,1.0,1,0,0,1.0,0.0,0.0,0,0.0,0.0,0.0,0.0,0.0,0,0.0,0.0,0.0,0.0,0.0,0,0.0,0.0,0.0,0.0,-3.0,-1.0,-3.0,-4.0,0.0,0.0,0.0,1,1,0,0,0,0.4,DRAW,1
2022-08-13 14:00:00+00:00,Wolves,Fulham,0.0,0.0,1,0.0,0.0,1.0,2.0,-1.0,0,0,1,0.0,0.0,1.0,1,1.0,1.0,2.0,2.0,0.0,0,1,0,0.0,1.0,0.0,0,0.0,0.0,0.0,0.0,0.0,0,0.0,0.0,0.0,0.0,0.0,0,0.0,0.0,0.0,0.0,-1.0,-1.0,0.0,-1.0,0.0,0.0,0.0,1,1,0,0,0,0.4,DRAW,1
2022-08-13 16:30:00+00:00,Brentford,Manchester United,4.0,0.0,1,1.0,1.0,2.0,2.0,0.0,0,1,0,0.0,1.0,0.0,1,0.0,0.0,1.0,2.0,-1.0,0,0,1,0.0,0.0,1.0,0,0.0,0.0,0.0,0.0,0.0,0,0.0,0.0,0.0,0.0,0.0,0,0.0,0.0,0.0,0.0,1.0,1.0,0.0,1.0,0.0,0.0,0.0,1,1,0,0,0,0.4,HOME_WIN,0
2022-08-14 13:00:00+00:00,Nottingham Forest,West Ham,1.0,0.0,1,0.0,0.0,0.0,2.0,-2.0,0,0,1,0.0,0.0,1.0,1,0.0,0.0,0.0,2.0,-2.0,0,0,1,0.0,0.0,1.0,0,0.0,0.0,0.0,0.0,0.0,0,0.0,0.0,0.0,0.0,0.0,0,0.0,0.0,0.0,0.0,0.0,0.0,0.0,0.0,0.0,0.0,0.0,1,1,0,0,0,0.4,HOME_WIN,0
2022-08-14 15:30:00+00:00,Chelsea,Tottenham,2.0,2.0,1,3.0,3.0,1.0,0.0,1.0,1,0,0,1.0,0.0,0.0,1,3.0,3.0,4.0,1.0,3.0,1,0,0,1.0,0.0,0.0,0,0.0,0.0,0.0,0.0,0.0,0,0.0,0.0,0.0,0.0,0.0,0,0.0,0.0,0.0,0.0,0.0,-3.0,1.0,-2.0,0.0,0.0,0.0,1,1,0,0,0,0.4,DRAW,1
2022-08-15 19:00:00+00:00,Liverpool,Crystal Palace,1.0,1.0,1,1.0,1.0,2.0,2.0,0.0,0,1,0,0.0,1.0,0.0,1,0.0,0.0,0.0,2.0,-2.0,0,0,1,0.0,0.0,1.0,0,0.0,0.0,0.0,0.0,0.0,0,0.0,0.0,0.0,0.0,0.0,0,0.0,0.0,0.0,0.0,1.0,2.0,0.0,2.0,0.0,0.0,0.0,1,1,0,0,0,0.4,DRAW,1
2022-08-20 11:30:00+00:00,Tottenham,Wolves,1.0,0.0,2,4.0,2.0,3.0,1.5,1.5,1,1,0,0.5,0.5,0.0,2,1.0,0.5,0.5,1.0,-0.5,0,1,1,0.0,0.5,0.5,1,3.0,4.0,1.0,3.0,1.0,1,0.0,1.0,2.0,-1.0,0.0,0,0.0,0.0,0.0,0.0,1.5,2.5,-0.5,2.0,3.0,3.0,1.0,1,1,1,1,0,0.8,HOME_WIN,0
2022-08-20 14:00:00+00:00,Crystal Palace,Aston Villa,3.0,1.0,2,1.0,0.5,0.5,1.5,-1.0,0,1,1,0.0,0.5,0.5,2,3.0,1.5,1.0,1.5,-0.5,1,0,1,0.5,0.0,0.5,1,0.0,0.0,2.0,-2.0,0.0,1,0.0,0.0,2.0,-2.0,0.0,0,0.0,0.0,0.0,0.0,-1.0,-0.5,0.0,-0.5,0.0,0.0,0.0,1,1,1,1,0,0.8,HOME_WIN,0
2022-08-20 14:00:00+00:00,Everton,Nottingham Forest,1.0,1.0,2,0.0,0.0,0.5,1.5,-1.0,0,0,2,0.0,0.0,1.0,2,3.0,1.5,0.5,1.0,-0.5,1,0,1,0.5,0.0,0.5,1,0.0,0.0,1.0,-1.0,0.0,1,0.0,0.0,2.0,-2.0,0.0,0,0.0,0.0,0.0,0.0,-1.5,0.0,-0.5,-0.5,0.0,0.0,1.0,1,1,1,1,0,0.8,DRAW,1
2022-08-20 14:00:00+00:00,Fulham,Brentford,3.0,2.0,2,2.0,1.0,1.0,1.0,0.0,0,2,0,0.0,1.0,0.0,2,4.0,2.0,3.0,1.0,2.0,1,1,0,0.5,0.5,0.0,1,1.0,2.0,2.0,0.0,0.0,1,1.0,2.0,2.0,0.0,0.0,0,0.0,0.0,0.0,0.0,-1.0,-2.0,0.0,-2.0,0.0,0.0,0.0,1,1,1,1,0,0.8,HOME_WIN,0
2022-08-20 14:00:00+00:00,Leicester,Southampton,1.0,2.0,2,1.0,0.5,2.0,3.0,-1.0,0,1,1,0.0,0.5,0.5,2,1.0,0.5,1.5,3.0,-1.5,0,1,1,0.0,0.5,0.5,1,1.0,2.0,2.0,0.0,0.0,1,0.0,1.0,4.0,-3.0,0.0,0,0.0,0.0,0.0,0.0,0.0,0.5,0.0,0.5,1.0,1.0,2.0,1,1,1,1,0,0.8,AWAY_WIN,2
2022-08-20 16:30:00+00:00,Bournemouth,Arsenal,0.0,3.0,2,3.0,1.5,1.0,2.0,-1.0,1,0,1,0.5,0.0,0.5,2,6.0,3.0,3.0,1.0,2.0,2,0,0,1.0,0.0,0.0,1,3.0,2.0,0.0,2.0,1.0,1,3.0,2.0,0.0,2.0,1.0,0,0.0,0.0,0.0,0.0,-1.5,-2.0,-1.0,-3.0,0.0,0.0,0.0,1,1,1,1,0,0.8,AWAY_WIN,2
2022-08-21 13:00:00+00:00,Leeds,Chelsea,3.0,0.0,2,4.0,2.0,2.0,1.5,0.5,1,1,0,0.5,0.5,0.0,2,4.0,2.0,1.5,1.0,0.5,1,1,0,0.5,0.5,0.0,1,3.0,2.0,1.0,1.0,1.0,1,3.0,1.0,0.0,1.0,1.0,0,0.0,0.0,0.0,0.0,0.0,0.5,-0.5,0.0,0.0,1.0,-1.0,1,1,1,1,0,0.8,HOME_WIN,0
2022-08-21 13:00:00+00:00,West Ham,Brighton,0.0,2.0,2,0.0,0.0,0.0,1.5,-1.5,0,0,2,0.0,0.0,1.0,2,4.0,2.0,1.0,0.5,0.5,1,1,0,0.5,0.5,0.0,1,0.0,0.0,2.0,-2.0,0.0,1,3.0,2.0,1.0,1.0,1.0,0,0.0,0.0,0.0,0.0,-2.0,-1.0,-1.0,-2.0,-3.0,-2.0,-1.0,1,1,1,1,0,0.8,AWAY_WIN,2
2022-08-21 15:30:00+00:00,Newcastle,Manchester City,3.0,3.0,2,4.0,2.0,1.0,0.0,1.0,1,1,0,0.5,0.5,0.0,2,6.0,3.0,3.0,0.0,3.0,2,0,0,1.0,0.0,0.0,1,3.0,2.0,0.0,2.0,1.0,1,3.0,2.0,0.0,2.0,1.0,0,0.0,0.0,0.0,0.0,-1.0,-2.0,0.0,-2.0,0.0,0.0,0.0,1,1,1,1,0,0.8,DRAW,1
2022-08-22 19:00:00+00:00,Manchester United,Liverpool,2.0,1.0,2,0.0,0.0,0.5,3.0,-2.5,0,0,2,0.0,0.0,1.0,2,2.0,1.0,1.5,1.5,0.0,0,2,0,0.0,1.0,0.0,1,0.0,1.0,2.0,-1.0,0.0,1,1.0,2.0,2.0,0.0,0.0,0,0.0,0.0,0.0,0.0,-1.0,-1.0,-1.5,-2.5,-1.0,-1.0,0.0,1,1,1,1,0,0.8,HOME_WIN,0
2022-08-27 11:30:00+00:00,Southampton,Manchester United,0.0,1.0,3,4.0,1.3333333333333333,1.6666666666666667,2.3333333333333335,-0.6666666666666666,1,1,1,0.3333333333333333,0.3333333333333333,0.3333333333333333,3,3.0,1.0,1.0,2.3333333333333335,-1.3333333333333333,1,0,2,0.3333333333333333,0.0,0.6666666666666666,1,1.0,2.0,2.0,0.0,0.0,1,0.0,0.0,4.0,-4.0,0.0,0,0.0,0.0,0.0,0.0,0.33333333333333326,0.6666666666666667,0.0,0.6666666666666666,1.0,2.0,2.0,1,1,1,1,0,0.8,AWAY_WIN,2
2022-08-27 14:00:00+00:00,Manchester City,Crystal Palace,4.0,2.0,3,7.0,2.3333333333333335,3.0,1.0,2.0,2,1,0,0.6666666666666666,0.3333333333333333,0.0,3,4.0,1.3333333333333333,1.3333333333333333,1.3333333333333333,0.0,1,1,1,0.3333333333333333,0.3333333333333333,0.3333333333333333,1,3.0,4.0,0.0,4.0,1.0,1,1.0,1.0,1.0,0.0,0.0,0,0.0,0.0,0.0,0.0,1.0000000000000002,1.6666666666666667,0.33333333333333326,2.0,2.0,3.0,1.0,1,1,1,1,0,0.8,HOME_WIN,0
2022-08-27 14:00:00+00:00,Chelsea,Leicester,2.0,1.0,3,4.0,1.3333333333333333,1.0,1.6666666666666667,-0.6666666666666666,1,1,1,0.3333333333333333,0.3333333333333333,0.3333333333333333,3,1.0,0.3333333333333333,1.6666666666666667,2.6666666666666665,-1.0,0,1,2,0.0,0.3333333333333333,0.6666666666666666,1,1.0,2.0,2.0,0.0,0.0,1,0.0,2.0,4.0,-2.0,0.0,0,0.0,0.0,0.0,0.0,1.0,-0.6666666666666667,0.9999999999999998,0.33333333333333337,1.0,0.0,2.0,1,1,1,1,0,0.8,HOME_WIN,0
2022-08-27 14:00:00+00:00,Liverpool,Bournemouth,9.0,0.0,3,2.0,0.6666666666666666,1.3333333333333333,1.6666666666666667,-0.3333333333333333,0,2,1,0.0,0.6666666666666666,0.3333333333333333,3,3.0,1.0,0.6666666666666666,2.3333333333333335,-1.6666666666666667,1,0,2,0.3333333333333333,0.0,0.6666666666666666,1,1.0,1.0,1.0,0.0,0.0,1,0.0,0.0,4.0,-4.0,0.0,0,0.0,0.0,0.0,0.0,-0.33333333333333337,0.6666666666666666,0.6666666666666667,1.3333333333333335,1.0,1.0,3.0,1,1,1,1,0,0.8,HOME_WIN,0
2022-08-27 14:00:00+00:00,Brentford,Everton,1.0,1.0,3,4.0,1.3333333333333333,2.6666666666666665,1.6666666666666667,1.0,1,1,1,0.3333333333333333,0.3333333333333333,0.3333333333333333,3,1.0,0.3333333333333333,0.6666666666666666,1.3333333333333333,-0.6666666666666666,0,1,2,0.0,0.3333333333333333,0.6666666666666666,1,3.0,4.0,0.0,4.0,1.0,1,0.0,1.0,2.0,-1.0,0.0,0,0.0,0.0,0.0,0.0,1.0,2.0,-0.3333333333333335,1.6666666666666665,3.0,3.0,2.0,1,1,1,1,0,0.8,DRAW,1
2022-08-27 14:00:00+00:00,Brighton,Leeds,1.0,0.0,3,7.0,2.3333333333333335,1.3333333333333333,0.3333333333333333,1.0,2,1,0,0.6666666666666666,0.3333333333333333,0.0,3,7.0,2.3333333333333335,2.3333333333333335,1.0,1.3333333333333333,2,1,0,0.6666666666666666,0.3333333333333333,0.0,1,1.0,0.0,0.0,0.0,0.0,1,1.0,2.0,2.0,0.0,0.0,0,0.0,0.0,0.0,0.0,0.0,-1.0000000000000002,0.6666666666666667,-0.33333333333333326,0.0,-2.0,2.0,1,1,1,1,0,0.8,HOME_WIN,0
2022-08-27 16:30:00+00:00,Arsenal,Fulham,2.0,1.0,3,9.0,3.0,3.0,0.6666666666666666,2.3333333333333335,3,0,0,1.0,0.0,0.0,3,5.0,1.6666666666666667,1.6666666666666667,1.3333333333333333,0.3333333333333333,1,2,0,0.3333333333333333,0.6666666666666666,0.0,1,3.0,4.0,2.0,2.0,1.0,1,1.0,0.0,0.0,0.0,0.0,0,0.0,0.0,0.0,0.0,1.3333333333333333,1.3333333333333333,0.6666666666666666,2.0,2.0,4.0,-2.0,1,1,1,1,0,0.8,HOME_WIN,0
2022-08-28 13:00:00+00:00,Aston Villa,West Ham,0.0,1.0,3,3.0,1.0,1.0,2.0,-1.0,1,0,2,0.3333333333333333,0.0,0.6666666666666666,3,0.0,0.0,0.0,1.6666666666666667,-1.6666666666666667,0,0,3,0.0,0.0,1.0,1,3.0,2.0,1.0,1.0,1.0,1,0.0,0.0,1.0,-1.0,0.0,0,0.0,0.0,0.0,0.0,1.0,1.0,-0.33333333333333326,0.6666666666666667,3.0,2.0,0.0,1,1,1,1,0,0.8,AWAY_WIN,2
2022-08-28 13:00:00+00:00,Wolves,Newcastle,1.0,1.0,3,1.0,0.3333333333333333,0.3333333333333333,1.0,-0.6666666666666666,0,1,2,0.0,0.3333333333333333,0.6666666666666666,3,5.0,1.6666666666666667,1.6666666666666667,1.0,0.6666666666666666,1,2,0,0.3333333333333333,0.6666666666666666,0.0,1,1.0,0.0,0.0,0.0,0.0,1,1.0,0.0,0.0,0.0,0.0,0,0.0,0.0,0.0,0.0,-1.3333333333333335,-1.3333333333333335,0.0,-1.3333333333333333,0.0,0.0,0.0,1,1,1,1,0,0.8,DRAW,1
2022-08-28 15:30:00+00:00,Nottingham Forest,Tottenham,0.0,2.0,3,4.0,1.3333333333333333,0.6666666666666666,1.0,-0.3333333333333333,1,1,1,0.3333333333333333,0.3333333333333333,0.3333333333333333,3,7.0,2.3333333333333335,2.3333333333333335,1.0,1.3333333333333333,2,1,0,0.6666666666666666,0.3333333333333333,0.0,1,3.0,1.0,0.0,1.0,1.0,1,1.0,2.0,2.0,0.0,0.0,0,0.0,0.0,0.0,0.0,-1.0000000000000002,-1.666666666666667,0.0,-1.6666666666666665,2.0,-1.0,2.0,1,1,1,1,0,0.8,AWAY_WIN,2
2022-08-30 18:30:00+00:00,Fulham,Brighton,2.0,1.0,4,5.0,1.25,1.5,1.5,0.0,1,2,1,0.25,0.5,0.25,4,10.0,2.5,1.25,0.25,1.0,3,1,0,0.75,0.25,0.0,2,2.0,2.5,2.0,0.5,0.5,2,3.0,2.0,0.5,1.5,1.0,0,0.0,0.0,0.0,0.0,-1.25,0.25,-1.25,-1.0,-1.0,0.5,-1.5,1,1,1,1,0,0.8,HOME_WIN,0
2022-08-30 18:30:00+00:00,Crystal Palace,Brentford,1.0,1.0,4,4.0,1.0,1.5,2.0,-0.5,1,1,2,0.25,0.25,0.5,4,5.0,1.25,2.25,1.5,0.75,1,2,1,0.25,0.5,0.25,2,1.5,1.5,1.5,0.0,0.5,2,0.5,2.0,2.5,-0.5,0.0,0,0.0,0.0,0.0,0.0,-0.25,-0.75,-0.5,-1.25,1.0,-0.5,1.0,1,1,1,1,0,0.8,DRAW,1
2022-08-30 18:45:00+00:00,Southampton,Chelsea,2.0,1.0,4,4.0,1.0,1.25,2.0,-0.75,1,1,2,0.25,0.25,0.5,4,7.0,1.75,1.25,1.5,-0.25,2,1,1,0.5,0.25,0.25,2,0.5,1.0,1.5,-0.5,0.0,2,1.5,0.5,1.5,-1.0,0.5,0,0.0,0.0,0.0,0.0,-0.75,0.0,-0.5,-0.5,-1.0,0.5,0.0,1,1,1,1,0,0.8,HOME_WIN,0
2022-08-30 19:00:00+00:00,Leeds,Everton,1.0,1.0,4,7.0,1.75,1.75,1.0,0.75,2,1,1,0.5,0.25,0.25,4,2.0,0.5,0.75,1.25,-0.5,0,2,2,0.0,0.5,0.5,2,3.0,2.5,0.5,2.0,1.0,2,0.5,1.0,1.5,-0.5,0.0,0,0.0,0.0,0.0,0.0,1.25,1.0,0.25,1.25,2.5,1.5,1.0,1,1,1,1,0,0.8,DRAW,1
2022-08-31 18:30:00+00:00,Bournemouth,Wolves,0.0,0.0,4,3.0,0.75,0.5,4.0,-3.5,1,0,3,0.25,0.0,0.75,4,2.0,0.5,0.5,1.0,-0.5,0,2,2,0.0,0.5,0.5,2,1.5,1.0,1.5,-0.5,0.5,2,0.0,0.5,1.5,-1.0,0.0,0,0.0,0.0,0.0,0.0,0.25,0.0,-3.0,-3.0,1.5,0.5,0.0,1,1,1,1,0,0.8,DRAW,1
2022-08-31 18:30:00+00:00,Arsenal,Aston Villa,2.0,1.0,4,12.0,3.0,2.75,0.75,2.0,4,0,0,1.0,0.0,0.0,4,3.0,0.75,0.75,1.75,-1.0,1,0,3,0.25,0.0,0.75,2,3.0,3.0,1.5,1.5,1.0,2,0.0,0.5,2.5,-2.0,0.0,0,0.0,0.0,0.0,0.0,2.25,2.0,1.0,3.0,3.0,2.5,1.0,1,1,1,1,0,0.8,HOME_WIN,0
2022-08-31 18:30:00+00:00,Manchester City,Nottingham Forest,6.0,0.0,4,10.0,2.5,3.25,1.25,2.0,3,1,0,0.75,0.25,0.0,4,4.0,1.0,0.5,1.25,-0.75,1,1,2,0.25,0.25,0.5,2,3.0,4.0,1.0,3.0,1.0,2,0.5,0.5,1.5,-1.0,0.0,0,0.0,0.0,0.0,0.0,1.5,2.75,0.0,2.75,2.5,3.5,0.5,1,1,1,1,0,0.8,HOME_WIN,0
2022-08-31 18:45:00+00:00,West Ham,Tottenham,1.0,1.0,4,3.0,0.75,0.25,1.25,-1.0,1,0,3,0.25,0.0,0.75,4,10.0,2.5,2.25,0.75,1.5,3,1,0,0.75,0.25,0.0,2,0.0,0.0,2.0,-2.0,0.0,2,2.0,2.0,1.0,1.0,0.5,0,0.0,0.0,0.0,0.0,-1.75,-2.0,-0.5,-2.5,-2.0,-2.0,-1.0,1,1,1,1,0,0.8,DRAW,1
2022-08-31 19:00:00+00:00,Liverpool,Newcastle,2.0,1.0,4,5.0,1.25,3.25,1.25,2.0,1,2,1,0.25,0.5,0.25,4,6.0,1.5,1.5,1.0,0.5,1,3,0,0.25,0.75,0.0,2,2.0,5.0,0.5,4.5,0.5,2,1.0,0.5,0.5,0.0,0.0,0,0.0,0.0,0.0,0.0,-0.25,1.75,-0.25,1.5,1.0,4.5,0.0,1,1,1,1,0,0.8,HOME_WIN,0
2022-09-01 19:00:00+00:00,Leicester,Manchester United,0.0,1.0,4,1.0,0.25,1.5,2.5,-1.0,0,1,3,0.0,0.25,0.75,4,6.0,1.5,1.0,1.75,-0.75,2,0,2,0.5,0.0,0.5,2,0.5,1.5,2.0,-0.5,0.0,2,1.5,0.5,2.0,-1.5,0.5,0,0.0,0.0,0.0,0.0,-1.25,0.5,-0.75,-0.25,-1.0,1.0,0.0,1,1,1,1,0,0.8,AWAY_WIN,2
2022-09-03 11:30:00+00:00,Everton,Liverpool,0.0,0.0,5,3.0,0.6,0.8,1.2,-0.4,0,3,2,0.0,0.6,0.4,5,8.0,1.6,3.0,1.2,1.8,2,2,1,0.4,0.4,0.2,2,0.5,0.5,1.0,-0.5,0.0,2,0.5,1.5,2.0,-0.5,0.0,0,0.0,0.0,0.0,0.0,-1.0,-2.2,0.0,-2.2,0.0,-1.0,1.0,1,1,1,1,0,0.8,DRAW,1
2022-09-03 14:00:00+00:00,Tottenham,Fulham,2.0,1.0,5,11.0,2.2,2.0,0.8,1.2,3,2,0,0.6,0.4,0.0,5,8.0,1.6,1.6,1.4,0.2,2,2,1,0.4,0.4,0.2,2,3.0,2.5,0.5,2.0,1.0,2,0.5,0.5,1.0,-0.5,0.0,0,0.0,0.0,0.0,0.0,0.6000000000000001,0.3999999999999999,0.5999999999999999,1.0,2.5,2.0,0.5,1,1,1,1,0,0.8,HOME_WIN,0
2022-09-03 14:00:00+00:00,Wolves,Southampton,1.0,0.0,5,3.0,0.6,0.4,0.8,-0.4,0,3,2,0.0,0.6,0.4,5,7.0,1.4,1.4,1.8,-0.4,2,1,2,0.4,0.2,0.4,2,1.0,0.5,0.5,0.0,0.0,2,1.5,1.5,2.5,-1.0,0.5,0,0.0,0.0,0.0,0.0,-0.7999999999999999,-0.9999999999999999,1.0,0.0,-0.5,-1.0,2.0,1,1,1,1,0,0.8,HOME_WIN,0
2022-09-03 14:00:00+00:00,Nottingham Forest,Bournemouth,2.0,3.0,5,4.0,0.8,0.4,2.2,-1.8,1,1,3,0.2,0.2,0.6,5,4.0,0.8,0.4,3.2,-2.8,1,1,3,0.2,0.2,0.6,2,1.5,0.5,1.0,-0.5,0.5,2,0.0,0.0,6.5,-6.5,0.0,0,0.0,0.0,0.0,0.0,0.0,0.0,1.0,0.9999999999999998,1.5,0.5,5.5,1,1,1,1,0,0.8,AWAY_WIN,2
2022-09-03 14:00:00+00:00,Brentford,Leeds,5.0,2.0,5,6.0,1.2,2.0,1.4,0.6,1,3,1,0.2,0.6,0.2,5,8.0,1.6,1.6,1.0,0.6,2,2,1,0.4,0.4,0.2,2,2.0,2.5,0.5,2.0,0.5,2,0.5,1.0,1.5,-0.5,0.0,0,0.0,0.0,0.0,0.0,-0.40000000000000013,0.3999999999999999,-0.3999999999999999,0.0,1.5,1.5,1.0,1,1,1,1,0,0.8,HOME_WIN,0
2022-09-03 14:00:00+00:00,Chelsea,West Ham,2.0,1.0,5,7.0,1.4,1.2,1.6,-0.4,2,1,2,0.4,0.2,0.4,5,4.0,0.8,0.4,1.2,-0.8,1,1,3,0.2,0.2,0.6,2,2.0,2.0,1.5,0.5,0.5,2,1.5,0.5,0.5,0.0,0.5,0,0.0,0.0,0.0,0.0,0.5999999999999999,0.7999999999999999,-0.40000000000000013,0.4,0.5,1.5,-1.0,1,1,1,1,0,0.8,HOME_WIN,0
2022-09-03 14:00:00+00:00,Newcastle,Crystal Palace,0.0,0.0,5,6.0,1.2,1.4,1.2,0.2,1,3,1,0.2,0.6,0.2,5,5.0,1.0,1.4,1.8,-0.4,1,2,2,0.2,0.4,0.4,2,2.0,2.5,1.5,1.0,0.5,2,0.5,1.5,2.5,-1.0,0.0,0,0.0,0.0,0.0,0.0,0.19999999999999996,0.0,0.6000000000000001,0.6000000000000001,1.5,1.0,1.0,1,1,1,1,0,0.8,DRAW,1
2022-09-03 16:30:00+00:00,Aston Villa,Manchester City,1.0,1.0,5,3.0,0.6,0.8,1.8,-1.0,1,0,4,0.2,0.0,0.8,5,13.0,2.6,3.8,1.0,2.8,4,1,0,0.8,0.2,0.0,2,1.5,1.0,1.0,0.0,0.5,2,2.0,2.5,1.5,1.0,0.5,0,0.0,0.0,0.0,0.0,-2.0,-3.0,-0.8,-3.8,-0.5,-1.5,0.5,1,1,1,1,0,0.8,DRAW,1
2022-09-04 13:00:00+00:00,Brighton,Leicester,5.0,2.0,5,10.0,2.0,1.2,0.6,0.6,3,1,1,0.6,0.2,0.2,5,1.0,0.2,1.2,2.2,-1.0,0,1,4,0.0,0.2,0.8,2,2.0,0.5,0.0,0.5,0.5,2,0.0,1.5,3.0,-1.5,0.0,0,0.0,0.0,0.0,0.0,1.8,0.0,1.6,1.6,2.0,-1.0,3.0,1,1,1,1,0,0.8,HOME_WIN,0
2022-09-04 15:30:00+00:00,Manchester United,Arsenal,3.0,1.0,5,9.0,1.8,1.0,1.4,-0.4,3,0,2,0.6,0.0,0.4,5,15.0,3.0,2.6,0.8,1.8,5,0,0,1.0,0.0,0.0,2,1.5,1.5,1.5,0.0,0.5,2,3.0,2.5,0.0,2.5,1.0,0,0.0,0.0,0.0,0.0,-1.2,-1.6,-0.5999999999999999,-2.2,-1.5,-1.0,-1.5,1,1,1,1,0,0.8,HOME_WIN,0
2022-09-16 19:00:00+00:00,Aston Villa,Southampton,1.0,0.0,6,4.0,0.8,1.0,1.6,-0.6,1,1,3,0.2,0.2,0.6,6,7.0,1.4,1.2,1.2,0.0,2,1,2,0.4,0.2,0.4,3,1.3333333333333333,1.0,1.0,0.0,0.3333333333333333,3,1.0,1.0,2.0,-1.0,0.3333333333333333,0,0.0,0.0,0.0,0.0,-0.5999999999999999,-0.19999999999999996,-0.40000000000000013,-0.6,0.33333333333333326,0.0,1.0,1,1,1,1,0,0.8,HOME_WIN,0
2022-09-16 19:00:00+00:00,Nottingham Forest,Fulham,2.0,3.0,6,4.0,0.8,0.8,2.4,-1.6,1,1,3,0.2,0.2,0.6,6,7.0,1.4,1.4,1.4,0.0,2,1,2,0.4,0.2,0.4,3,1.0,1.0,1.6666666666666667,-0.6666666666666666,0.3333333333333333,3,0.3333333333333333,0.6666666666666666,1.3333333333333333,-0.6666666666666666,0.0,0,0.0,0.0,0.0,0.0,-0.5999999999999999,-0.5999999999999999,-1.0,-1.6,0.6666666666666667,0.33333333333333337,-0.3333333333333335,1,1,1,1,0,0.8,AWAY_WIN,2
2022-09-17 11:30:00+00:00,Wolves,Manchester City,0.0,3.0,6,6.0,1.2,0.4,0.4,0.0,1,3,1,0.2,0.6,0.2,6,11.0,2.2,3.6,1.2,2.4,3,2,0,0.6,0.4,0.0,3,1.6666666666666667,0.6666666666666666,0.3333333333333333,0.3333333333333333,0.3333333333333333,3,1.6666666666666667,2.0,1.3333333333333333,0.6666666666666666,0.3333333333333333,0,0.0,0.0,0.0,0.0,-1.0000000000000002,-3.2,0.7999999999999999,-2.4,0.0,-1.3333333333333335,1.0,1,1,1,1,0,0.8,AWAY_WIN,2
2022-09-17 14:00:00+00:00,Newcastle,Bournemouth,1.0,1.0,6,4.0,0.8,1.0,1.2,-0.2,0,4,1,0.0,0.8,0.2,6,4.0,0.8,0.6,3.6,-3.0,1,1,3,0.2,0.2,0.6,3,1.6666666666666667,1.6666666666666667,1.0,0.6666666666666666,0.3333333333333333,3,1.0,1.0,5.0,-4.0,0.3333333333333333,0,0.0,0.0,0.0,0.0,0.0,0.4,2.4000000000000004,2.8,0.6666666666666667,0.6666666666666667,4.0,1,1,1,1,0,0.8,DRAW,1
2022-09-17 16:30:00+00:00,Tottenham,Leicester,6.0,2.0,6,11.0,2.2,1.6,0.8,0.8,3,2,0,0.6,0.4,0.0,6,0.0,0.0,1.2,2.8,-1.6,0,0,5,0.0,0.0,1.0,3,3.0,2.3333333333333335,0.6666666666666666,1.6666666666666667,1.0,3,0.0,1.6666666666666667,3.6666666666666665,-2.0,0.0,0,0.0,0.0,0.0,0.0,2.2,0.40000000000000013,1.9999999999999998,2.4000000000000004,3.0,0.6666666666666667,3.0,1,1,1,1,0,0.8,HOME_WIN,0
2022-09-18 11:00:00+00:00,Brentford,Arsenal,0.0,3.0,6,8.0,1.6,2.6,1.4,1.2,2,2,1,0.4,0.4,0.2,6,12.0,2.4,2.4,1.4,1.0,4,0,1,0.8,0.0,0.2,3,2.3333333333333335,3.3333333333333335,1.0,2.3333333333333335,0.6666666666666666,3,2.0,2.0,1.0,1.0,0.6666666666666666,0,0.0,0.0,0.0,0.0,-0.7999999999999998,0.20000000000000018,0.0,0.19999999999999996,0.3333333333333335,1.3333333333333335,0.0,1,1,1,1,0,0.8,AWAY_WIN,2
2022-09-18 13:15:00+00:00,Everton,West Ham,1.0,0.0,6,4.0,0.8,0.8,1.0,-0.2,0,4,1,0.0,0.8,0.2,6,4.0,0.8,0.6,1.2,-0.6,1,1,3,0.2,0.2,0.6,3,0.6666666666666666,0.3333333333333333,0.6666666666666666,-0.3333333333333333,0.0,3,1.0,0.6666666666666666,1.0,-0.3333333333333333,0.3333333333333333,0,0.0,0.0,0.0,0.0,0.0,0.20000000000000007,0.19999999999999996,0.39999999999999997,-0.33333333333333337,-0.3333333333333333,0.33333333333333337,1,1,1,1,0,0.8,HOME_WIN,0
2022-10-01 11:30:00+00:00,Arsenal,Tottenham,3.0,1.0,7,12.0,2.4,2.2,1.0,1.2,4,0,1,0.8,0.0,0.2,7,13.0,2.6,2.4,0.8,1.6,4,1,0,0.8,0.2,0.0,3,3.0,2.6666666666666665,1.3333333333333333,1.3333333333333333,1.0,3,1.6666666666666667,1.6666666666666667,1.0,0.6666666666666666,0.3333333333333333,0,0.0,0.0,0.0,0.0,-0.20000000000000018,-0.19999999999999973,-0.19999999999999996,-0.40000000000000013,1.3333333333333333,0.9999999999999998,-0.33333333333333326,1,1,1,1,0,0.8,HOME_WIN,0
2022-10-01 14:00:00+00:00,Southampton,Everton,1.0,2.0,7,6.0,1.2,0.8,1.0,-0.2,2,0,3,0.4,0.0,0.6,7,7.0,1.4,0.8,0.6,0.2,1,4,0,0.2,0.8,0.0,3,1.3333333333333333,1.3333333333333333,1.3333333333333333,0.0,0.3333333333333333,3,0.6666666666666666,1.0,1.3333333333333333,-0.3333333333333333,0.0,0,0.0,0.0,0.0,0.0,-0.19999999999999996,0.0,-0.4,-0.4,0.6666666666666666,0.33333333333333326,0.0,1,1,1,1,0,0.8,AWAY_WIN,2
2022-10-01 14:00:00+00:00,Liverpool,Brighton,3.0,3.0,6,8.0,1.6,2.6,0.8,1.8,2,2,1,0.4,0.4,0.2,6,10.0,2.0,1.8,0.8,1.0,3,1,1,0.6,0.2,0.2,3,2.3333333333333335,4.0,0.6666666666666666,3.3333333333333335,0.6666666666666666,3,2.0,1.6666666666666667,1.0,0.6666666666666666,0.6666666666666666,0,0.0,0.0,0.0,0.0,-0.3999999999999999,0.8,0.0,0.8,0.3333333333333335,2.333333333333333,0.33333333333333337,1,1,1,1,0,0.8,DRAW,1
2022-10-01 14:00:00+00:00,Crystal Palace,Chelsea,1.0,2.0,6,6.0,1.2,1.4,1.4,0.0,1,3,1,0.2,0.6,0.2,6,7.0,1.4,1.4,1.8,-0.4,2,1,2,0.4,0.2,0.4,3,1.3333333333333333,1.3333333333333333,1.3333333333333333,0.0,0.3333333333333333,3,1.0,0.6666666666666666,1.6666666666666667,-1.0,0.3333333333333333,0,0.0,0.0,0.0,0.0,-0.19999999999999996,0.0,0.40000000000000013,0.4,0.33333333333333326,0.6666666666666666,0.3333333333333335,1,1,1,1,0,0.8,AWAY_WIN,2
2022-10-01 14:00:00+00:00,Fulham,Newcastle,1.0,4.0,7,9.0,1.8,2.0,1.8,0.2,3,0,2,0.6,0.0,0.4,7,4.0,0.8,1.2,1.4,-0.2,0,4,1,0.0,0.8,0.2,3,2.3333333333333335,2.3333333333333335,1.6666666666666667,0.6666666666666666,0.6666666666666666,3,0.6666666666666666,0.6666666666666666,1.0,-0.3333333333333333,0.0,0,0.0,0.0,0.0,0.0,1.0,0.8,-0.40000000000000013,0.4,1.666666666666667,1.666666666666667,-0.6666666666666667,1,1,1,1,0,0.8,AWAY_WIN,2
2022-10-01 14:00:00+00:00,Bournemouth,Brentford,0.0,0.0,7,5.0,1.0,0.8,3.0,-2.2,1,2,2,0.2,0.4,0.4,7,5.0,1.0,1.8,2.0,-0.2,1,2,2,0.2,0.4,0.4,3,1.3333333333333333,0.6666666666666666,1.0,-0.3333333333333333,0.3333333333333333,3,0.6666666666666666,1.6666666666666667,2.0,-0.3333333333333333,0.0,0,0.0,0.0,0.0,0.0,0.0,-1.0,-1.0,-2.0,0.6666666666666666,-1.0,1.0,1,1,1,1,0,0.8,DRAW,1
2022-10-01 16:30:00+00:00,West Ham,Wolves,2.0,0.0,7,4.0,0.8,0.6,1.2,-0.6,1,1,3,0.2,0.2,0.6,7,5.0,1.0,0.4,1.0,-0.6,1,2,2,0.2,0.4,0.4,3,0.3333333333333333,0.3333333333333333,1.6666666666666667,-1.3333333333333333,0.0,3,0.3333333333333333,0.3333333333333333,1.0,-0.6666666666666666,0.0,0,0.0,0.0,0.0,0.0,-0.19999999999999996,0.19999999999999996,-0.19999999999999996,0.0,0.0,0.0,-0.6666666666666667,1,1,1,1,0,0.8,HOME_WIN,0
2022-10-02 13:00:00+00:00,Manchester City,Manchester United,6.0,3.0,7,11.0,2.2,3.4,1.2,2.2,3,2,0,0.6,0.4,0.0,6,12.0,2.4,1.4,1.2,0.2,4,0,1,0.8,0.0,0.2,3,3.0,4.666666666666667,0.6666666666666666,4.0,1.0,3,2.0,0.6666666666666666,1.3333333333333333,-0.6666666666666666,0.6666666666666666,0,0.0,0.0,0.0,0.0,-0.19999999999999973,2.0,0.0,2.0,1.0,4.0,0.6666666666666666,1,1,1,1,0,0.8,HOME_WIN,0
2022-10-02 15:30:00+00:00,Leeds,Aston Villa,0.0,0.0,6,5.0,1.0,1.6,1.8,-0.2,1,2,2,0.2,0.4,0.4,7,4.0,0.8,0.8,1.4,-0.6,1,1,3,0.2,0.2,0.6,3,2.3333333333333335,2.0,0.6666666666666666,1.3333333333333333,0.6666666666666666,3,0.0,0.6666666666666666,2.3333333333333335,-1.6666666666666667,0.0,0,0.0,0.0,0.0,0.0,0.19999999999999996,0.8,-0.40000000000000013,0.39999999999999997,2.3333333333333335,1.3333333333333335,1.666666666666667,1,1,1,1,0,0.8,DRAW,1
2022-10-03 19:00:00+00:00,Leicester,Nottingham Forest,4.0,0.0,7,0.0,0.0,1.2,3.2,-2.0,0,0,5,0.0,0.0,1.0,7,1.0,0.2,1.0,3.0,-2.0,0,1,4,0.0,0.2,0.8,3,0.3333333333333333,1.0,1.6666666666666667,-0.6666666666666666,0.0,3,0.3333333333333333,0.3333333333333333,3.0,-2.6666666666666665,0.0,0,0.0,0.0,0.0,0.0,-0.2,0.19999999999999996,-0.20000000000000018,0.0,0.0,0.6666666666666667,1.3333333333333333,1,1,1,1,0,0.8,HOME_WIN,0
2022-10-08 14:00:00+00:00,Bournemouth,Leicester,2.0,1.0,8,6.0,1.2,0.8,2.4,-1.6,1,3,1,0.2,0.6,0.2,8,3.0,0.6,1.8,2.8,-1.0,1,0,4,0.2,0.0,0.8,4,1.25,0.5,0.75,-0.25,0.25,4,0.0,1.75,4.25,-2.5,0.0,0,0.0,0.0,0.0,0.0,0.6,-1.0,0.3999999999999999,-0.6000000000000001,1.25,-1.25,3.5,1,1,1,1,0,0.8,HOME_WIN,0
2022-10-08 14:00:00+00:00,Chelsea,Wolves,3.0,0.0,7,9.0,1.8,1.4,1.6,-0.2,3,0,2,0.6,0.0,0.4,8,5.0,1.0,0.4,1.2,-0.8,1,2,2,0.2,0.4,0.4,3,2.3333333333333335,2.0,1.3333333333333333,0.6666666666666666,0.6666666666666666,4,0.25,0.25,1.25,-1.0,0.0,0,0.0,0.0,0.0,0.0,0.8,0.9999999999999999,-0.40000000000000013,0.6000000000000001,2.0833333333333335,1.75,-0.08333333333333326,1,1,1,1,0,0.8,HOME_WIN,0
2022-10-08 14:00:00+00:00,Manchester City,Southampton,4.0,0.0,8,13.0,2.6,4.0,1.2,2.8,4,1,0,0.8,0.2,0.0,8,3.0,0.6,0.6,1.2,-0.6,1,0,4,0.2,0.0,0.8,4,3.0,5.0,1.25,3.75,1.0,4,0.75,0.75,1.75,-1.0,0.25,0,0.0,0.0,0.0,0.0,2.0,3.4,0.0,3.4,2.25,4.25,0.5,1,1,1,1,0,0.8,HOME_WIN,0
2022-10-08 14:00:00+00:00,Newcastle,Brentford,5.0,1.0,8,6.0,1.2,1.4,1.0,0.4,1,3,1,0.2,0.6,0.2,8,6.0,1.2,1.4,1.4,0.0,1,3,1,0.2,0.6,0.2,4,1.5,1.5,1.0,0.5,0.25,4,0.75,1.25,1.5,-0.25,0.0,0,0.0,0.0,0.0,0.0,0.0,0.0,0.3999999999999999,0.4,0.75,0.25,0.5,1,1,1,1,0,0.8,HOME_WIN,0
2022-10-08 16:30:00+00:00,Brighton,Tottenham,0.0,1.0,7,10.0,2.0,2.4,1.4,1.0,3,1,1,0.6,0.2,0.2,8,10.0,2.0,2.4,1.4,1.0,3,1,1,0.6,0.2,0.2,3,2.3333333333333335,2.0,0.6666666666666666,1.3333333333333333,0.6666666666666666,4,1.25,1.5,1.5,0.0,0.25,0,0.0,0.0,0.0,0.0,0.0,0.0,0.0,0.0,1.0833333333333335,0.5,0.8333333333333334,1,1,1,1,0,0.8,AWAY_WIN,2
2022-10-09 13:00:00+00:00,Crystal Palace,Leeds,2.0,1.0,7,5.0,1.0,1.4,1.6,-0.2,1,2,2,0.2,0.4,0.4,7,5.0,1.0,1.2,1.4,-0.2,1,2,2,0.2,0.4,0.4,4,1.0,1.25,1.5,-0.25,0.25,3,0.3333333333333333,1.3333333333333333,2.6666666666666665,-1.3333333333333333,0.0,0,0.0,0.0,0.0,0.0,0.0,0.19999999999999996,-0.20000000000000018,0.0,0.6666666666666667,-0.08333333333333326,1.1666666666666665,1,1,1,1,0,0.8,HOME_WIN,0
2022-10-09 13:00:00+00:00,West Ham,Fulham,3.0,1.0,8,7.0,1.4,1.0,0.8,0.2,2,1,2,0.4,0.2,0.4,8,6.0,1.2,1.6,2.2,-0.6,2,0,3,0.4,0.0,0.6,4,1.0,0.75,1.25,-0.5,0.25,4,1.0,1.25,1.5,-0.25,0.25,0,0.0,0.0,0.0,0.0,0.19999999999999996,-0.6000000000000001,1.4000000000000001,0.8,0.0,-0.5,0.25,1,1,1,1,0,0.8,HOME_WIN,0
2022-10-09 15:30:00+00:00,Arsenal,Liverpool,3.0,2.0,8,12.0,2.4,2.2,1.2,1.0,4,0,1,0.8,0.0,0.2,7,8.0,1.6,3.0,1.2,1.8,2,2,1,0.4,0.4,0.2,4,3.0,2.75,1.25,1.5,1.0,3,0.6666666666666666,1.0,1.3333333333333333,-0.3333333333333333,0.0,0,0.0,0.0,0.0,0.0,0.7999999999999998,-0.7999999999999998,0.0,-0.8,2.3333333333333335,1.75,0.08333333333333326,1,1,1,1,0,0.8,HOME_WIN,0
2022-10-09 18:00:00+00:00,Everton,Manchester United,1.0,2.0,8,9.0,1.8,1.0,0.6,0.4,2,3,0,0.4,0.6,0.0,7,12.0,2.4,2.0,1.6,0.4,4,0,1,0.8,0.0,0.2,4,1.25,0.5,0.5,0.0,0.25,4,1.5,1.25,2.5,-1.25,0.5,0,0.0,0.0,0.0,0.0,-0.5999999999999999,-1.0,1.0,0.0,-0.25,-0.75,2.0,1,1,1,1,0,0.8,AWAY_WIN,2
2022-10-10 19:00:00+00:00,Nottingham Forest,Aston Villa,1.0,1.0,8,0.0,0.0,0.8,3.6,-2.8,0,0,5,0.0,0.0,1.0,8,5.0,1.0,0.6,0.8,-0.2,1,2,2,0.2,0.4,0.4,4,0.75,1.25,2.0,-0.75,0.25,4,0.25,0.5,1.75,-1.25,0.0,0,0.0,0.0,0.0,0.0,-1.0,0.20000000000000007,-2.8,-2.5999999999999996,0.5,0.75,-0.25,1,1,1,1,0,0.8,DRAW,1
2022-10-14 19:00:00+00:00,Brentford,Brighton,2.0,0.0,9,5.0,1.0,1.4,2.2,-0.8,1,2,2,0.2,0.4,0.4,8,7.0,1.4,2.0,1.6,0.4,2,1,2,0.4,0.2,0.4,4,1.75,2.5,1.5,1.0,0.5,4,1.75,2.0,1.5,0.5,0.5,0,0.0,0.0,0.0,0.0,-0.3999999999999999,-0.6000000000000001,-0.6000000000000001,-1.2000000000000002,0.0,0.5,0.0,1,1,1,1,0,0.8,HOME_WIN,0
2022-10-15 11:30:00+00:00,Leicester,Crystal Palace,0.0,0.0,9,3.0,0.6,1.8,2.8,-1.0,1,0,4,0.2,0.0,0.8,8,5.0,1.0,1.2,1.6,-0.4,1,2,2,0.2,0.4,0.4,4,1.0,1.75,1.25,0.5,0.25,3,0.6666666666666666,1.0,1.6666666666666667,-0.6666666666666666,0.0,0,0.0,0.0,0.0,0.0,-0.4,0.6000000000000001,-1.1999999999999997,-0.6,0.33333333333333337,0.75,0.41666666666666674,1,1,1,1,0,0.8,DRAW,1
2022-10-15 14:00:00+00:00,Fulham,Bournemouth,2.0,2.0,9,6.0,1.2,1.6,2.4,-0.8,2,0,3,0.4,0.0,0.6,9,9.0,1.8,1.2,0.8,0.4,2,3,0,0.4,0.6,0.0,4,1.75,2.0,2.25,-0.25,0.5,4,1.0,1.0,4.0,-3.0,0.25,0,0.0,0.0,0.0,0.0,-0.6000000000000001,0.40000000000000013,-1.5999999999999999,-1.2000000000000002,0.75,1.0,1.75,1,1,1,1,0,0.8,DRAW,1
2022-10-15 14:00:00+00:00,Wolves,Nottingham Forest,1.0,0.0,9,4.0,0.8,0.2,1.6,-1.4,1,1,3,0.2,0.2,0.6,9,1.0,0.2,1.0,3.4,-2.4,0,1,4,0.0,0.2,0.8,4,1.25,0.5,1.0,-0.5,0.25,4,0.25,0.25,3.25,-3.0,0.0,0,0.0,0.0,0.0,0.0,0.6000000000000001,-0.8,1.7999999999999998,1.0,1.0,0.25,2.25,1,1,1,1,0,0.8,HOME_WIN,0
2022-10-15 16:30:00+00:00,Tottenham,Everton,2.0,0.0,9,10.0,2.0,2.2,1.4,0.8,3,1,1,0.6,0.2,0.2,9,8.0,1.6,1.0,0.8,0.2,2,2,1,0.4,0.4,0.2,4,3.0,3.25,1.0,2.25,1.0,4,1.25,1.25,1.25,0.0,0.25,0,0.0,0.0,0.0,0.0,0.3999999999999999,1.2000000000000002,-0.5999999999999999,0.6000000000000001,1.75,2.0,0.25,1,1,1,1,0,0.8,HOME_WIN,0
2022-10-16 13:00:00+00:00,Aston Villa,Chelsea,0.0,2.0,9,6.0,1.2,0.8,0.8,0.0,1,3,1,0.2,0.6,0.2,8,12.0,2.4,2.0,1.0,1.0,4,0,1,0.8,0.0,0.2,4,1.75,1.0,0.75,0.25,0.5,4,1.5,1.0,1.5,-0.5,0.5,0,0.0,0.0,0.0,0.0,-1.2,-1.2,0.19999999999999996,-1.0,0.25,0.0,0.75,1,1,1,1,0,0.8,AWAY_WIN,2
2022-10-16 13:00:00+00:00,Leeds,Arsenal,0.0,1.0,8,2.0,0.4,0.8,1.8,-1.0,0,2,3,0.0,0.4,0.6,9,12.0,2.4,2.4,1.4,1.0,4,0,1,0.8,0.0,0.2,4,2.0,1.5,0.5,1.0,0.5,4,2.25,2.25,0.75,1.5,0.75,0,0.0,0.0,0.0,0.0,-2.0,-1.5999999999999999,-0.40000000000000013,-2.0,-0.25,-0.75,0.25,1,1,1,1,0,0.8,AWAY_WIN,2
2022-10-16 13:00:00+00:00,Manchester United,Newcastle,0.0,0.0,8,12.0,2.4,2.0,1.6,0.4,4,0,1,0.8,0.0,0.2,9,8.0,1.6,2.2,1.0,1.2,2,2,1,0.4,0.4,0.2,3,2.0,2.0,1.3333333333333333,0.6666666666666666,0.6666666666666666,4,1.25,1.5,1.0,0.5,0.25,0,0.0,0.0,0.0,0.0,0.7999999999999998,-0.20000000000000018,-0.6000000000000001,-0.7999999999999999,0.75,0.5,-0.33333333333333326,1,1,1,1,0,0.8,DRAW,1
2022-10-16 13:00:00+00:00,Southampton,West Ham,1.0,1.0,9,3.0,0.6,0.6,1.8,-1.2,1,0,4,0.2,0.0,0.8,9,7.0,1.4,1.4,1.0,0.4,2,1,2,0.4,0.2,0.4,4,1.0,1.25,1.5,-0.25,0.25,4,0.75,0.5,1.0,-0.5,0.25,0,0.0,0.0,0.0,0.0,-0.7999999999999999,-0.7999999999999999,-0.8,-1.6,0.25,0.75,-0.5,1,1,1,1,0,0.8,DRAW,1
2022-10-16 15:30:00+00:00,Liverpool,Manchester City,1.0,0.0,8,8.0,1.6,3.2,1.4,1.8,2,2,1,0.4,0.4,0.2,9,13.0,2.6,4.0,0.8,3.2,4,1,0,0.8,0.2,0.0,4,2.0,3.75,1.25,2.5,0.5,4,2.0,2.25,1.0,1.25,0.5,0,0.0,0.0,0.0,0.0,-1.0,-0.7999999999999998,-0.5999999999999999,-1.4000000000000001,0.0,1.5,-0.25,1,1,1,1,0,0.8,HOME_WIN,0
2022-10-18 18:30:00+00:00,Brighton,Nottingham Forest,0.0,0.0,9,4.0,0.8,1.8,2.0,-0.2,1,1,3,0.2,0.2,0.6,10,1.0,0.2,1.0,2.4,-1.4,0,1,4,0.0,0.2,0.8,4,1.75,1.5,0.75,0.75,0.5,5,0.2,0.2,2.8,-2.6,0.0,0,0.0,0.0,0.0,0.0,0.6000000000000001,0.8,0.3999999999999999,1.2,1.55,1.3,2.05,1,1,1,1,0,0.8,DRAW,1
2022-10-18 19:15:00+00:00,Crystal Palace,Wolves,2.0,1.0,9,6.0,1.2,0.8,0.8,0.0,1,3,1,0.2,0.6,0.2,10,6.0,1.2,0.4,1.6,-1.2,2,0,3,0.4,0.0,0.6,5,1.4,1.4,1.4,0.0,0.4,5,0.2,0.2,1.6,-1.4,0.0,0,0.0,0.0,0.0,0.0,0.0,0.4,0.8,1.2,1.2,1.2,0.20000000000000018,1,1,1,1,0,0.8,HOME_WIN,0
2022-10-19 18:30:00+00:00,Bournemouth,Southampton,0.0,1.0,10,9.0,1.8,1.6,1.2,0.4,2,3,0,0.4,0.6,0.0,10,1.0,0.2,0.4,1.8,-1.4,0,1,4,0.0,0.2,0.8,5,1.6,0.8,0.8,0.0,0.4,5,0.6,0.6,2.2,-1.6,0.2,0,0.0,0.0,0.0,0.0,1.6,1.2000000000000002,0.6000000000000001,1.7999999999999998,1.0,0.20000000000000007,1.4000000000000001,1,1,1,1,0,0.8,AWAY_WIN,2
2022-10-19 18:30:00+00:00,Brentford,Chelsea,0.0,0.0,10,7.0,1.4,1.6,2.0,-0.4,2,1,2,0.4,0.2,0.4,9,12.0,2.4,2.0,0.8,1.2,4,0,1,0.8,0.0,0.2,5,2.0,2.4,1.2,1.2,0.6,5,1.8,1.2,1.2,0.0,0.6,0,0.0,0.0,0.0,0.0,-1.0,-0.3999999999999999,-1.2,-1.6,0.19999999999999996,1.2,0.0,1,1,1,1,0,0.8,DRAW,1
2022-10-19 18:30:00+00:00,Newcastle,Everton,1.0,0.0,10,9.0,1.8,2.0,0.6,1.4,2,3,0,0.4,0.6,0.0,10,7.0,1.4,0.8,1.0,-0.2,2,1,2,0.4,0.2,0.4,5,1.8,2.2,1.0,1.2,0.4,5,1.0,1.0,1.4,-0.4,0.2,0,0.0,0.0,0.0,0.0,0.40000000000000013,1.2,0.4,1.5999999999999999,0.8,1.2000000000000002,0.3999999999999999,1,1,1,1,0,0.8,HOME_WIN,0
2022-10-19 18:30:00+00:00,Liverpool,West Ham,1.0,0.0,9,8.0,1.6,1.6,1.4,0.2,2,2,1,0.4,0.4,0.2,10,7.0,1.4,1.4,1.0,0.4,2,1,2,0.4,0.2,0.4,5,2.2,3.2,1.0,2.2,0.6,5,0.8,0.6,1.0,-0.4,0.2,0,0.0,0.0,0.0,0.0,0.20000000000000018,0.20000000000000018,-0.3999999999999999,-0.2,1.4000000000000001,2.6,0.0,1,1,1,1,0,0.8,HOME_WIN,0
2022-10-19 19:15:00+00:00,Manchester United,Tottenham,2.0,0.0,9,10.0,2.0,1.8,1.6,0.2,3,1,1,0.6,0.2,0.2,10,12.0,2.4,2.4,1.2,1.2,4,0,1,0.8,0.0,0.2,4,1.75,1.5,1.0,0.5,0.5,5,1.6,1.4,1.2,0.2,0.4,0,0.0,0.0,0.0,0.0,-0.3999999999999999,-0.5999999999999999,-0.40000000000000013,-1.0,0.1499999999999999,0.10000000000000009,0.19999999999999996,1,1,1,1,0,0.8,HOME_WIN,0
2022-10-20 18:30:00+00:00,Fulham,Aston Villa,3.0,0.0,10,4.0,0.8,1.6,2.6,-1.0,1,1,3,0.2,0.2,0.6,10,6.0,1.2,0.6,0.8,-0.2,1,3,1,0.2,0.6,0.2,5,1.6,2.0,2.2,-0.2,0.4,5,0.4,0.6,1.6,-1.0,0.0,0,0.0,0.0,0.0,0.0,-0.3999999999999999,1.0,-1.8,-0.8,1.2000000000000002,1.4,-0.6000000000000001,1,1,1,1,0,0.8,HOME_WIN,0
2022-10-20 19:15:00+00:00,Leicester,Leeds,2.0,0.0,10,4.0,0.8,1.8,2.6,-0.8,1,1,3,0.2,0.2,0.6,9,2.0,0.4,0.8,1.8,-1.0,0,2,3,0.0,0.4,0.6,5,1.0,1.4,1.0,0.4,0.2,4,0.25,1.25,2.5,-1.25,0.0,0,0.0,0.0,0.0,0.0,0.4,1.0,-0.8,0.19999999999999996,0.75,0.1499999999999999,1.5,1,1,1,1,0,0.8,HOME_WIN,0
2022-10-22 11:30:00+00:00,Nottingham Forest,Liverpool,1.0,0.0,11,2.0,0.4,0.6,1.8,-1.2,0,2,3,0.0,0.4,0.6,10,8.0,1.6,1.4,1.2,0.2,2,2,1,0.4,0.4,0.2,5,0.8,1.2,1.8,-0.6,0.2,4,0.5,1.25,1.75,-0.5,0.0,0,0.0,0.0,0.0,0.0,-1.2000000000000002,-0.7999999999999999,-0.6000000000000001,-1.4,0.30000000000000004,-0.050000000000000044,-0.050000000000000044,1,1,1,1,0,0.8,HOME_WIN,0
2022-10-22 14:00:00+00:00,Everton,Crystal Palace,3.0,0.0,11,6.0,1.2,0.8,1.2,-0.4,2,0,3,0.4,0.0,0.6,10,8.0,1.6,1.0,0.8,0.2,2,2,1,0.4,0.4,0.2,5,1.0,0.6,0.8,-0.2,0.2,4,0.75,0.75,1.25,-0.5,0.0,0,0.0,0.0,0.0,0.0,-0.40000000000000013,-0.19999999999999996,-0.3999999999999999,-0.6000000000000001,0.25,-0.15000000000000002,0.44999999999999996,1,1,1,1,0,0.8,HOME_WIN,0
2022-10-22 14:00:00+00:00,Manchester City,Brighton,3.0,1.0,10,10.0,2.0,2.8,1.0,1.8,3,1,1,0.6,0.2,0.2,10,5.0,1.0,1.6,1.6,0.0,1,2,2,0.2,0.4,0.4,5,3.0,4.8,1.0,3.8,1.0,5,1.4,1.6,1.6,0.0,0.4,0,0.0,0.0,0.0,0.0,1.0,1.1999999999999997,0.6000000000000001,1.8,1.6,3.1999999999999997,0.6000000000000001,1,1,1,1,0,0.8,HOME_WIN,0
2022-10-22 16:30:00+00:00,Chelsea,Manchester United,1.0,1.0,10,13.0,2.6,1.8,0.4,1.4,4,1,0,0.8,0.2,0.0,10,10.0,2.0,2.0,1.6,0.4,3,1,1,0.6,0.2,0.2,4,2.5,2.25,1.0,1.25,0.75,5,1.8,1.4,2.2,-0.8,0.6,0,0.0,0.0,0.0,0.0,0.6000000000000001,-0.19999999999999996,1.2000000000000002,0.9999999999999999,0.7,0.8500000000000001,1.2000000000000002,1,1,1,1,0,0.8,DRAW,1
2022-10-23 13:00:00+00:00,Aston Villa,Brentford,4.0,0.0,11,5.0,1.0,0.4,1.2,-0.8,1,2,2,0.2,0.4,0.4,11,5.0,1.0,0.6,1.6,-1.0,1,2,2,0.2,0.4,0.4,5,1.4,0.8,1.0,-0.2,0.4,5,0.6,1.2,2.2,-1.0,0.0,0,0.0,0.0,0.0,0.0,0.0,-0.19999999999999996,0.40000000000000013,0.19999999999999996,0.7999999999999999,-0.3999999999999999,1.2000000000000002,1,1,1,1,0,0.8,HOME_WIN,0
2022-10-23 13:00:00+00:00,Leeds,Fulham,2.0,3.0,10,1.0,0.2,0.6,2.0,-1.4,0,1,4,0.0,0.2,0.8,11,7.0,1.4,2.0,2.2,-0.2,2,1,2,0.4,0.2,0.4,5,1.6,1.2,0.6,0.6,0.4,5,0.8,1.2,1.8,-0.6,0.2,0,0.0,0.0,0.0,0.0,-1.2,-1.4,0.20000000000000018,-1.2,0.8,0.0,1.2000000000000002,1,1,1,1,0,0.8,AWAY_WIN,2
2022-10-23 13:00:00+00:00,Southampton,Arsenal,1.0,1.0,11,4.0,0.8,0.6,1.6,-1.0,1,1,3,0.2,0.2,0.6,10,12.0,2.4,2.2,1.2,1.0,4,0,1,0.8,0.0,0.2,5,1.0,1.2,1.4,-0.2,0.2,5,2.4,2.0,0.6,1.4,0.8,0,0.0,0.0,0.0,0.0,-1.5999999999999999,-1.6,-0.40000000000000013,-2.0,-1.4,-0.8,-0.7999999999999999,1,1,1,1,0,0.8,DRAW,1
2022-10-23 13:00:00+00:00,Wolves,Leicester,0.0,4.0,11,3.0,0.6,0.4,2.0,-1.6,1,0,4,0.2,0.0,0.8,11,7.0,1.4,1.8,1.6,0.2,2,1,2,0.4,0.2,0.4,5,1.6,0.6,0.8,-0.2,0.4,5,0.0,1.6,3.8,-2.2,0.0,0,0.0,0.0,0.0,0.0,-0.7999999999999999,-1.4,-0.3999999999999999,-1.8,1.6,-1.0,3.0,1,1,1,1,0,0.8,AWAY_WIN,2
2022-10-23 15:30:00+00:00,Tottenham,Newcastle,1.0,2.0,11,9.0,1.8,2.0,1.4,0.6,3,0,2,0.6,0.0,0.4,11,11.0,2.2,2.2,0.6,1.6,3,2,0,0.6,0.4,0.0,5,3.0,3.0,0.8,2.2,1.0,5,1.2,1.2,0.8,0.4,0.2,0,0.0,0.0,0.0,0.0,-0.40000000000000013,-0.20000000000000018,-0.7999999999999999,-1.0,1.8,1.8,0.0,1,1,1,1,0,0.8,AWAY_WIN,2
2022-10-24 19:00:00+00:00,West Ham,Bournemouth,2.0,0.0,11,7.0,1.4,1.2,0.8,0.4,2,1,2,0.4,0.2,0.4,11,6.0,1.2,1.0,1.0,0.0,1,3,1,0.2,0.6,0.2,5,1.4,1.2,1.2,0.0,0.4,5,1.0,1.2,3.6,-2.4,0.2,0,0.0,0.0,0.0,0.0,0.19999999999999996,0.19999999999999996,0.19999999999999996,0.4,0.3999999999999999,0.0,2.4000000000000004,1,1,1,1,0,0.8,HOME_WIN,0
2022-10-29 11:30:00+00:00,Leicester,Manchester City,0.0,1.0,12,10.0,2.0,2.2,0.4,1.8,3,1,1,0.6,0.2,0.2,11,12.0,2.4,3.2,1.0,2.2,4,0,1,0.8,0.0,0.2,6,1.4,1.4,0.6,0.8,0.4,5,1.6,1.8,1.0,0.8,0.4,0,0.0,0.0,0.0,0.0,-0.3999999999999999,-1.0,0.6,-0.40000000000000013,-0.20000000000000018,-0.40000000000000013,0.4,1,1,1,1,0,0.8,AWAY_WIN,2
2022-10-29 14:00:00+00:00,Newcastle,Aston Villa,4.0,0.0,12,13.0,2.6,2.4,0.6,1.8,4,1,0,0.8,0.2,0.0,12,5.0,1.0,1.0,1.2,-0.2,1,2,2,0.2,0.4,0.4,6,1.8,2.0,1.0,1.0,0.4,6,0.4,0.6,1.8,-1.2,0.0,0,0.0,0.0,0.0,0.0,1.6,1.4,0.6,2.0,1.4,1.4,0.8,1,1,1,1,0,0.8,HOME_WIN,0
2022-10-29 14:00:00+00:00,Brighton,Chelsea,4.0,1.0,11,2.0,0.4,0.8,1.8,-1.0,0,2,3,0.0,0.4,0.6,11,11.0,2.2,1.6,0.4,1.2,3,2,0,0.6,0.4,0.0,5,1.6,1.2,0.6,0.6,0.4,6,1.4,1.0,1.2,-0.2,0.4,0,0.0,0.0,0.0,0.0,-1.8000000000000003,-0.8,-1.4,-2.2,0.20000000000000018,0.19999999999999996,0.6,1,1,1,1,0,0.8,HOME_WIN,0
2022-10-29 14:00:00+00:00,Crystal Palace,Southampton,1.0,0.0,11,7.0,1.4,1.0,1.4,-0.4,2,1,2,0.4,0.2,0.4,12,5.0,1.0,0.8,1.6,-0.8,1,2,2,0.2,0.4,0.4,6,2.0,1.8,1.2,0.6,0.6,6,1.2,0.6,1.4,-0.8,0.4,0,0.0,0.0,0.0,0.0,0.3999999999999999,0.19999999999999996,0.20000000000000018,0.4,0.8,1.2000000000000002,0.19999999999999996,1,1,1,1,0,0.8,HOME_WIN,0
2022-10-29 14:00:00+00:00,Bournemouth,Tottenham,2.0,3.0,12,5.0,1.0,0.8,1.2,-0.4,1,2,2,0.2,0.4,0.4,12,6.0,1.2,1.0,1.4,-0.4,2,0,3,0.4,0.0,0.6,6,1.0,0.4,1.0,-0.6,0.2,6,1.4,1.0,1.2,-0.2,0.4,0,0.0,0.0,0.0,0.0,-0.19999999999999996,-0.19999999999999996,0.19999999999999996,0.0,-0.3999999999999999,-0.6,0.19999999999999996,1,1,1,1,0,0.8,AWAY_WIN,2
2022-10-29 14:00:00+00:00,Brentford,Wolves,1.0,1.0,12,5.0,1.0,0.6,1.8,-1.2,1,2,2,0.2,0.4,0.4,12,3.0,0.6,0.4,2.2,-1.8,1,0,4,0.2,0.0,0.8,6,1.6,1.6,1.2,0.4,0.4,6,0.2,0.2,1.6,-1.4,0.0,0,0.0,0.0,0.0,0.0,0.4,0.19999999999999996,0.40000000000000013,0.6000000000000001,1.4000000000000001,1.4000000000000001,0.40000000000000013,1,1,1,1,0,0.8,DRAW,1
2022-10-29 16:30:00+00:00,Fulham,Everton,0.0,0.0,12,7.0,1.4,2.0,2.2,-0.2,2,1,2,0.4,0.2,0.4,12,6.0,1.2,1.2,1.2,0.0,2,0,3,0.4,0.0,0.6,6,2.0,2.2,1.8,0.4,0.6,6,1.0,0.8,1.2,-0.4,0.2,0,0.0,0.0,0.0,0.0,0.19999999999999996,0.8,-1.0000000000000002,-0.2,1.0,1.4000000000000001,-0.6000000000000001,1,1,1,1,0,0.8,DRAW,1
2022-10-29 18:45:00+00:00,Liverpool,Leeds,1.0,2.0,11,7.0,1.4,1.4,1.4,0.0,2,1,2,0.4,0.2,0.4,11,1.0,0.2,0.6,1.6,-1.0,0,1,4,0.0,0.2,0.8,6,2.6,3.2,0.8,2.4,0.8,5,0.2,1.0,2.4,-1.4,0.0,0,0.0,0.0,0.0,0.0,1.2,0.7999999999999999,0.20000000000000018,1.0,2.4,2.2,1.5999999999999999,1,1,1,1,0,0.8,AWAY_WIN,2
2022-10-30 14:00:00+00:00,Arsenal,Nottingham Forest,5.0,0.0,11,13.0,2.6,2.2,0.8,1.4,4,1,0,0.8,0.2,0.0,12,5.0,1.0,0.4,1.2,-0.8,1,2,2,0.2,0.4,0.4,5,3.0,2.8,1.4,1.4,1.0,6,0.4,0.2,2.4,-2.2,0.0,0,0.0,0.0,0.0,0.0,1.6,1.8000000000000003,0.3999999999999999,2.2,2.6,2.5999999999999996,1.0,1,1,1,1,0,0.8,HOME_WIN,0
2022-10-30 16:15:00+00:00,Manchester United,West Ham,1.0,0.0,11,8.0,1.6,1.6,1.6,0.0,2,2,1,0.4,0.4,0.2,12,10.0,2.0,1.6,0.6,1.0,3,1,1,0.6,0.2,0.2,5,2.0,1.6,0.8,0.8,0.6,6,0.8,0.6,1.0,-0.4,0.2,0,0.0,0.0,0.0,0.0,-0.3999999999999999,0.0,-1.0,-1.0,1.2,1.0,0.19999999999999996,1,1,1,1,0,0.8,HOME_WIN,0
2022-11-05 15:00:00+00:00,Nottingham Forest,Brentford,2.0,2.0,13,5.0,1.0,0.4,1.4,-1.0,1,2,2,0.2,0.4,0.4,13,5.0,1.0,0.8,2.0,-1.2,1,2,2,0.2,0.4,0.4,6,0.8,1.2,1.8,-0.6,0.2,6,0.4,0.8,2.6,-1.8,0.0,0,0.0,0.0,0.0,0.0,0.0,-0.4,0.6000000000000001,0.19999999999999996,0.4,0.3999999999999999,0.8,1,1,1,1,0,0.8,DRAW,1
2022-11-05 15:00:00+00:00,Leeds,Bournemouth,4.0,3.0,12,3.0,0.6,1.0,1.8,-0.8,1,0,4,0.2,0.0,0.8,13,4.0,0.8,1.2,1.8,-0.6,1,1,3,0.2,0.2,0.6,6,1.0,1.2,1.0,0.2,0.2,6,1.0,1.2,3.2,-2.0,0.2,0,0.0,0.0,0.0,0.0,-0.20000000000000007,-0.19999999999999996,0.0,-0.20000000000000007,0.0,0.0,2.2,1,1,1,1,0,0.8,HOME_WIN,0
2022-11-05 15:00:00+00:00,Manchester City,Fulham,2.0,1.0,12,12.0,2.4,2.8,1.0,1.8,4,0,1,0.8,0.0,0.2,13,8.0,1.6,1.8,1.4,0.4,2,2,1,0.4,0.4,0.2,6,3.0,4.6,1.2,3.4,1.0,6,1.2,1.8,2.2,-0.4,0.4,0,0.0,0.0,0.0,0.0,0.7999999999999998,0.9999999999999998,0.3999999999999999,1.4,1.8,2.8,1.0000000000000002,1,1,1,1,0,0.8,HOME_WIN,0
2022-11-05 15:00:00+00:00,Wolves,Brighton,2.0,3.0,13,4.0,0.8,0.6,2.0,-1.4,1,1,3,0.2,0.2,0.6,12,4.0,0.8,1.0,1.4,-0.4,1,1,3,0.2,0.2,0.6,6,1.4,0.6,1.6,-1.0,0.4,6,0.8,1.4,2.0,-0.6,0.2,0,0.0,0.0,0.0,0.0,0.0,-0.4,-0.6000000000000001,-0.9999999999999999,0.5999999999999999,-0.7999999999999999,0.3999999999999999,1,1,1,1,0,0.8,AWAY_WIN,2
2022-11-05 17:30:00+00:00,Everton,Leicester,0.0,2.0,13,4.0,0.8,0.8,1.0,-0.2,1,1,3,0.2,0.2,0.6,13,7.0,1.4,1.4,0.6,0.8,2,1,2,0.4,0.2,0.4,6,1.6,1.2,0.6,0.6,0.4,6,0.6,2.0,3.0,-1.0,0.2,0,0.0,0.0,0.0,0.0,-0.5999999999999999,-0.5999999999999999,-0.4,-1.0,1.0,-0.8,2.4,1,1,1,1,0,0.8,AWAY_WIN,2
2022-11-06 12:00:00+00:00,Chelsea,Arsenal,0.0,1.0,12,8.0,1.6,1.4,1.0,0.4,2,2,1,0.4,0.4,0.2,12,13.0,2.6,2.6,0.8,1.8,4,1,0,0.8,0.2,0.0,5,2.2,2.0,1.0,1.0,0.6,6,2.0,1.8,0.8,1.0,0.6,0,0.0,0.0,0.0,0.0,-1.0,-1.2000000000000002,-0.19999999999999996,-1.4,0.20000000000000018,0.19999999999999996,-0.19999999999999996,1,1,1,1,0,0.8,AWAY_WIN,2
2022-11-06 14:00:00+00:00,Aston Villa,Manchester United,3.0,1.0,13,4.0,0.8,1.0,2.0,-1.0,1,1,3,0.2,0.2,0.6,12,11.0,2.2,1.2,0.4,0.8,3,2,0,0.6,0.4,0.0,6,1.4,1.2,0.8,0.4,0.4,6,2.0,1.6,1.6,0.0,0.6,0,0.0,0.0,0.0,0.0,-1.4000000000000001,-0.19999999999999996,-1.6,-1.8,-0.6000000000000001,-0.40000000000000013,0.8,1,1,1,1,0,0.8,HOME_WIN,0
2022-11-06 14:00:00+00:00,Southampton,Newcastle,1.0,4.0,13,5.0,1.0,0.6,1.4,-0.8,1,2,2,0.2,0.4,0.4,13,13.0,2.6,2.4,0.4,2.0,4,1,0,0.8,0.2,0.0,6,1.0,1.0,1.2,-0.2,0.2,6,1.6,1.6,1.0,0.6,0.4,0,0.0,0.0,0.0,0.0,-1.6,-1.7999999999999998,-0.9999999999999999,-2.8,-0.6000000000000001,-0.6000000000000001,-0.19999999999999996,1,1,1,1,0,0.8,AWAY_WIN,2
2022-11-06 14:00:00+00:00,West Ham,Crystal Palace,1.0,2.0,13,7.0,1.4,1.2,0.8,0.4,2,1,2,0.4,0.2,0.4,12,10.0,2.0,1.0,1.0,0.0,3,1,1,0.6,0.2,0.2,6,2.0,1.6,0.8,0.8,0.6,5,0.6,0.6,1.6,-1.0,0.0,0,0.0,0.0,0.0,0.0,-0.6000000000000001,0.19999999999999996,0.19999999999999996,0.4,1.4,1.0,0.8,1,1,1,1,0,0.8,AWAY_WIN,2
2022-11-06 16:30:00+00:00,Tottenham,Liverpool,1.0,2.0,13,9.0,1.8,1.4,1.2,0.2,3,0,2,0.6,0.0,0.4,12,6.0,1.2,1.0,1.2,-0.2,2,0,3,0.4,0.0,0.6,6,2.4,2.4,1.0,1.4,0.8,5,0.4,1.0,1.6,-0.6,0.0,0,0.0,0.0,0.0,0.0,0.6000000000000001,0.3999999999999999,0.0,0.4,2.0,1.4,0.6000000000000001,1,1,1,1,0,0.8,AWAY_WIN,2
2022-11-12 12:30:00+00:00,Manchester City,Brentford,1.0,2.0,13,12.0,2.4,2.0,0.6,1.4,4,0,1,0.8,0.0,0.2,14,6.0,1.2,1.0,1.4,-0.4,1,3,1,0.2,0.6,0.2,7,3.0,4.2,1.0,3.2,1.0,7,0.6,0.8,2.4,-1.6,0.0,0,0.0,0.0,0.0,0.0,1.2,1.0,0.7999999999999999,1.7999999999999998,2.4,3.4000000000000004,1.4,1,1,1,1,0,0.8,AWAY_WIN,2
2022-11-12 15:00:00+00:00,Tottenham,Leeds,4.0,3.0,14,6.0,1.2,1.4,1.6,-0.2,2,0,3,0.4,0.0,0.6,13,6.0,1.2,1.6,2.0,-0.4,2,0,3,0.4,0.0,0.6,7,1.8,2.4,1.4,1.0,0.6,6,0.6,1.0,2.2,-1.2,0.2,0,0.0,0.0,0.0,0.0,0.0,-0.20000000000000018,0.3999999999999999,0.2,1.2000000000000002,1.4,0.8000000000000003,1,1,1,1,0,0.8,HOME_WIN,0
2022-11-12 15:00:00+00:00,Nottingham Forest,Crystal Palace,1.0,0.0,14,5.0,1.0,0.6,1.6,-1.0,1,2,2,0.2,0.4,0.4,13,10.0,2.0,1.0,1.0,0.0,3,1,1,0.6,0.2,0.2,7,1.0,1.6,1.8,-0.2,0.2,6,1.0,0.8,1.6,-0.8,0.2,0,0.0,0.0,0.0,0.0,-1.0,-0.4,-0.6000000000000001,-1.0,0.0,0.8,-0.19999999999999996,1,1,1,1,0,0.8,HOME_WIN,0
2022-11-12 15:00:00+00:00,West Ham,Leicester,0.0,2.0,14,4.0,0.8,0.8,1.0,-0.2,1,1,3,0.2,0.2,0.6,14,10.0,2.0,1.6,0.2,1.4,3,1,1,0.6,0.2,0.2,7,2.0,1.8,0.8,1.0,0.6,7,1.2,2.2,2.6,-0.4,0.4,0,0.0,0.0,0.0,0.0,-1.2,-0.8,-0.8,-1.5999999999999999,0.8,-0.40000000000000013,1.8,1,1,1,1,0,0.8,AWAY_WIN,2
2022-11-12 15:00:00+00:00,Bournemouth,Everton,3.0,0.0,14,1.0,0.2,1.4,2.4,-1.0,0,1,4,0.0,0.2,0.8,14,4.0,0.8,0.6,1.0,-0.4,1,1,3,0.2,0.2,0.6,7,1.0,0.8,1.0,-0.2,0.2,7,1.0,0.6,1.0,-0.4,0.2,0,0.0,0.0,0.0,0.0,-0.6000000000000001,0.7999999999999999,-1.4,-0.6,0.0,0.20000000000000007,0.0,1,1,1,1,0,0.8,HOME_WIN,0
2022-11-12 15:00:00+00:00,Liverpool,Southampton,3.0,1.0,13,9.0,1.8,1.0,0.8,0.2,3,0,2,0.6,0.0,0.4,14,5.0,1.0,0.8,1.4,-0.6,1,2,2,0.2,0.4,0.4,7,2.0,1.6,1.2,0.4,0.6,7,0.6,0.2,1.4,-1.2,0.2,0,0.0,0.0,0.0,0.0,0.8,0.19999999999999996,0.5999999999999999,0.8,1.4,1.4000000000000001,0.19999999999999996,1,1,1,1,0,0.8,HOME_WIN,0
2022-11-12 17:30:00+00:00,Newcastle,Chelsea,1.0,0.0,14,13.0,2.6,2.2,0.4,1.8,4,1,0,0.8,0.2,0.0,13,5.0,1.0,0.8,1.2,-0.4,1,2,2,0.2,0.4,0.4,7,2.2,2.2,0.4,1.8,0.6,7,1.4,1.2,1.4,-0.2,0.4,0,0.0,0.0,0.0,0.0,1.6,1.4000000000000001,0.7999999999999999,2.2,0.8000000000000003,1.0000000000000002,0.9999999999999999,1,1,1,1,0,0.8,HOME_WIN,0
2022-11-12 19:45:00+00:00,Wolves,Arsenal,0.0,2.0,14,4.0,0.8,1.0,2.0,-1.0,1,1,3,0.2,0.2,0.6,13,13.0,2.6,2.2,0.6,1.6,4,1,0,0.8,0.2,0.0,7,1.2,0.8,2.0,-1.2,0.4,7,2.0,1.4,0.8,0.6,0.6,0,0.0,0.0,0.0,0.0,-1.8,-1.2000000000000002,-1.4,-2.6,-0.8,-0.5999999999999999,-1.2,1,1,1,1,0,0.8,AWAY_WIN,2
2022-11-13 14:00:00+00:00,Brighton,Aston Villa,1.0,2.0,13,7.0,1.4,1.6,1.6,0.0,2,1,2,0.4,0.2,0.4,14,6.0,1.2,1.4,2.0,-0.6,2,0,3,0.4,0.0,0.6,6,2.0,2.0,0.8,1.2,0.6,7,0.4,0.4,2.0,-1.6,0.0,0,0.0,0.0,0.0,0.0,0.19999999999999996,0.20000000000000018,0.3999999999999999,0.6,1.6,1.6,1.2,1,1,1,1,0,0.8,AWAY_WIN,2
2022-11-13 16:30:00+00:00,Fulham,Manchester United,1.0,2.0,14,8.0,1.6,1.8,1.2,0.6,2,2,1,0.4,0.4,0.2,13,8.0,1.6,1.0,0.8,0.2,2,2,1,0.4,0.4,0.2,7,1.6,1.6,1.4,0.2,0.4,7,1.4,1.6,2.2,-0.6,0.4,0,0.0,0.0,0.0,0.0,0.0,0.8,-0.3999999999999999,0.39999999999999997,0.20000000000000018,0.0,0.8000000000000003,1,1,1,1,0,0.8,AWAY_WIN,2
2022-12-26 12:30:00+00:00,Brentford,Tottenham,2.0,2.0,15,6.0,1.2,1.0,1.6,-0.6,1,3,1,0.2,0.6,0.2,15,6.0,1.2,1.8,2.2,-0.4,2,0,3,0.4,0.0,0.6,7,1.6,1.6,1.2,0.4,0.4,7,1.4,1.2,1.6,-0.4,0.4,0,0.0,0.0,0.0,0.0,0.0,-0.8,0.6000000000000001,-0.19999999999999996,0.20000000000000018,0.40000000000000013,0.40000000000000013,1,1,1,1,0,0.8,DRAW,1
2022-12-26 15:00:00+00:00,Southampton,Brighton,1.0,3.0,15,4.0,0.8,0.8,1.8,-1.0,1,1,3,0.2,0.2,0.6,14,7.0,1.4,1.8,1.6,0.2,2,1,2,0.4,0.2,0.4,7,1.0,1.2,1.8,-0.6,0.2,7,0.8,1.6,2.4,-0.8,0.2,0,0.0,0.0,0.0,0.0,-0.5999999999999999,-1.0,-0.19999999999999996,-1.2,0.19999999999999996,-0.40000000000000013,0.5999999999999999,1,1,1,1,0,0.8,AWAY_WIN,2
2022-12-26 15:00:00+00:00,Leicester,Newcastle,0.0,3.0,15,12.0,2.4,2.0,0.2,1.8,4,0,1,0.8,0.0,0.2,15,15.0,3.0,2.4,0.4,2.0,5,0,0,1.0,0.0,0.0,7,1.4,1.2,0.4,0.8,0.4,7,2.0,2.2,1.0,1.2,0.6,0,0.0,0.0,0.0,0.0,-0.6000000000000001,-0.3999999999999999,0.2,-0.19999999999999996,-0.6000000000000001,-1.0000000000000002,0.6,1,1,1,1,0,0.8,AWAY_WIN,2
2022-12-26 15:00:00+00:00,Everton,Wolves,1.0,2.0,15,4.0,0.8,0.6,1.2,-0.6,1,1,3,0.2,0.2,0.6,15,1.0,0.2,0.8,2.4,-1.6,0,1,4,0.0,0.2,0.8,7,1.4,1.0,0.8,0.2,0.4,7,0.4,0.4,1.6,-1.2,0.0,0,0.0,0.0,0.0,0.0,0.6000000000000001,-0.20000000000000007,1.2,1.0,0.9999999999999999,0.6,0.8,1,1,1,1,0,0.8,AWAY_WIN,2
2022-12-26 15:00:00+00:00,Crystal Palace,Fulham,0.0,3.0,14,9.0,1.8,1.0,1.2,-0.2,3,0,2,0.6,0.0,0.4,15,7.0,1.4,1.6,1.2,0.4,2,1,2,0.4,0.2,0.4,7,2.0,1.4,1.0,0.4,0.6,7,1.2,1.8,2.2,-0.4,0.4,0,0.0,0.0,0.0,0.0,0.40000000000000013,-0.6000000000000001,0.0,-0.6000000000000001,0.8,-0.40000000000000013,1.2000000000000002,1,1,1,1,0,0.8,AWAY_WIN,2
2022-12-26 17:30:00+00:00,Aston Villa,Liverpool,1.0,3.0,15,9.0,1.8,1.8,1.8,0.0,3,0,2,0.6,0.0,0.4,14,9.0,1.8,1.4,1.0,0.4,3,0,2,0.6,0.0,0.4,7,2.0,1.8,0.8,1.0,0.6,6,0.8,1.0,1.4,-0.4,0.2,0,0.0,0.0,0.0,0.0,0.0,0.40000000000000013,-0.8,-0.4,1.2,0.8,0.5999999999999999,1,1,1,1,0,0.8,AWAY_WIN,2
2022-12-26 20:00:00+00:00,Arsenal,West Ham,3.0,1.0,14,13.0,2.6,2.0,0.2,1.8,4,1,0,0.8,0.2,0.0,15,3.0,0.6,0.6,1.2,-0.6,1,0,4,0.2,0.0,0.8,6,3.0,3.0,1.0,2.0,1.0,7,0.2,0.4,1.2,-0.8,0.0,0,0.0,0.0,0.0,0.0,2.0,1.4,1.0,2.4,2.8,2.6,0.19999999999999996,1,1,1,1,0,0.8,HOME_WIN,0
2022-12-27 17:30:00+00:00,Chelsea,Bournemouth,2.0,0.0,14,2.0,0.4,0.4,1.4,-1.0,0,2,3,0.0,0.4,0.6,15,3.0,0.6,1.6,2.0,-0.4,1,0,4,0.2,0.0,0.8,6,2.0,1.6,0.8,0.8,0.6,7,1.0,1.8,2.2,-0.4,0.2,0,0.0,0.0,0.0,0.0,-0.19999999999999996,-1.2000000000000002,0.6000000000000001,-0.6,1.0,-0.19999999999999996,1.4000000000000001,1,1,1,1,0,0.8,HOME_WIN,0
2022-12-27 20:00:00+00:00,Manchester United,Nottingham Forest,3.0,0.0,14,10.0,2.0,1.4,1.0,0.4,3,1,1,0.6,0.2,0.2,15,8.0,1.6,0.8,1.4,-0.6,2,2,1,0.4,0.4,0.2,6,2.6,1.6,0.4,1.2,0.8,7,0.2,0.0,3.2,-3.2,0.0,0,0.0,0.0,0.0,0.0,0.3999999999999999,0.5999999999999999,0.3999999999999999,1.0,2.4,1.6,2.8000000000000003,1,1,1,1,0,0.8,HOME_WIN,0
2022-12-28 20:00:00+00:00,Leeds,Manchester City,1.0,3.0,14,6.0,1.2,2.2,2.6,-0.4,2,0,3,0.4,0.0,0.6,14,9.0,1.8,1.4,1.0,0.4,3,0,2,0.6,0.0,0.4,7,1.0,1.4,1.6,-0.2,0.2,6,1.6,1.6,1.0,0.6,0.4,0,0.0,0.0,0.0,0.0,-0.6000000000000001,0.8000000000000003,-1.6,-0.8,-0.6000000000000001,-0.20000000000000018,-0.6000000000000001,1,1,1,1,0,0.8,AWAY_WIN,2
2022-12-30 19:45:00+00:00,West Ham,Brentford,0.0,2.0,16,3.0,0.6,0.8,1.6,-0.8,1,0,4,0.2,0.0,0.8,16,6.0,1.2,1.4,2.0,-0.6,1,3,1,0.2,0.6,0.2,8,1.8,1.6,1.0,0.6,0.6,8,1.0,1.0,2.4,-1.4,0.2,0,0.0,0.0,0.0,0.0,-0.6,-0.5999999999999999,0.3999999999999999,-0.20000000000000007,0.8,0.6000000000000001,1.4,1,1,1,1,0,0.8,AWAY_WIN,2
2022-12-30 20:00:00+00:00,Liverpool,Leicester,2.0,1.0,15,9.0,1.8,1.8,1.2,0.6,3,0,2,0.6,0.0,0.4,16,9.0,1.8,1.6,0.8,0.8,3,0,2,0.6,0.0,0.4,8,2.0,1.8,1.2,0.6,0.6,8,1.8,2.2,1.6,0.6,0.6,0,0.0,0.0,0.0,0.0,0.0,0.19999999999999996,-0.3999999999999999,-0.20000000000000007,0.19999999999999996,-0.40000000000000013,0.40000000000000013,1,1,1,1,0,0.8,HOME_WIN,0
2022-12-31 12:30:00+00:00,Wolves,Manchester United,0.0,1.0,16,4.0,0.8,1.0,2.2,-1.2,1,1,3,0.2,0.2,0.6,15,10.0,2.0,1.6,1.0,0.6,3,1,1,0.6,0.2,0.2,8,0.6,0.6,2.4,-1.8,0.2,8,1.4,1.8,2.4,-0.6,0.4,0,0.0,0.0,0.0,0.0,-1.2,-0.6000000000000001,-1.2000000000000002,-1.7999999999999998,-0.7999999999999999,-1.2000000000000002,0.0,1,1,1,1,0,0.8,AWAY_WIN,2
2022-12-31 15:00:00+00:00,Bournemouth,Crystal Palace,0.0,2.0,16,3.0,0.6,1.6,2.2,-0.6,1,0,4,0.2,0.0,0.8,15,6.0,1.2,0.6,1.6,-1.0,2,0,3,0.4,0.0,0.6,8,1.4,1.4,1.0,0.4,0.4,7,1.0,0.4,1.0,-0.6,0.2,0,0.0,0.0,0.0,0.0,-0.6,1.0,-0.6000000000000001,0.4,0.3999999999999999,0.9999999999999999,0.0,1,1,1,1,0,0.8,AWAY_WIN,2
2022-12-31 15:00:00+00:00,Fulham,Southampton,2.0,1.0,16,7.0,1.4,1.6,1.2,0.4,2,1,2,0.4,0.2,0.4,16,1.0,0.2,0.8,2.4,-1.6,0,1,4,0.0,0.2,0.8,8,1.0,1.4,1.6,-0.2,0.2,8,0.6,0.4,1.8,-1.4,0.2,0,0.0,0.0,0.0,0.0,1.2,0.8,1.2,2.0,0.4,0.9999999999999999,0.19999999999999996,1,1,1,1,0,0.8,HOME_WIN,0
2022-12-31 15:00:00+00:00,Manchester City,Everton,1.0,1.0,15,12.0,2.4,2.0,1.0,1.0,4,0,1,0.8,0.0,0.2,16,4.0,0.8,0.8,1.4,-0.6,1,1,3,0.2,0.2,0.6,8,2.4,3.2,1.4,1.8,0.8,8,0.8,0.4,1.4,-1.0,0.2,0,0.0,0.0,0.0,0.0,1.5999999999999999,1.2,0.3999999999999999,1.6,1.5999999999999999,2.8000000000000003,0.0,1,1,1,1,0,0.8,DRAW,1
2022-12-31 15:00:00+00:00,Newcastle,Leeds,0.0,0.0,16,15.0,3.0,2.8,0.4,2.4,5,0,0,1.0,0.0,0.0,15,6.0,1.2,2.4,2.8,-0.4,2,0,3,0.4,0.0,0.6,8,2.6,2.4,0.4,2.0,0.8,7,0.6,1.6,2.8,-1.2,0.2,0,0.0,0.0,0.0,0.0,1.8,0.3999999999999999,2.4,2.8,2.0,0.7999999999999998,2.4,1,1,1,1,0,0.8,DRAW,1
2022-12-31 17:30:00+00:00,Brighton,Arsenal,2.0,4.0,15,9.0,1.8,2.4,1.8,0.6,3,0,2,0.6,0.0,0.4,15,13.0,2.6,2.4,0.4,2.0,4,1,0,0.8,0.2,0.0,7,1.4,2.0,1.2,0.8,0.4,8,2.6,1.6,0.2,1.4,0.8,0,0.0,0.0,0.0,0.0,-0.8,0.0,-1.4,-1.4,-1.2000000000000002,0.3999999999999999,-1.0,1,1,1,1,0,0.8,AWAY_WIN,2
2023-01-01 14:00:00+00:00,Tottenham,Aston Villa,0.0,2.0,16,7.0,1.4,2.2,2.2,0.0,2,1,2,0.4,0.2,0.4,16,9.0,1.8,2.0,1.8,0.2,3,0,2,0.6,0.0,0.4,8,1.8,2.8,1.8,1.0,0.6,8,1.0,0.6,1.8,-1.2,0.2,0,0.0,0.0,0.0,0.0,-0.40000000000000013,0.20000000000000018,-0.40000000000000013,-0.2,0.8,2.1999999999999997,0.0,1,1,1,1,0,0.8,AWAY_WIN,2
2023-01-01 16:30:00+00:00,Nottingham Forest,Chelsea,1.0,1.0,16,7.0,1.4,0.8,2.0,-1.2,2,1,2,0.4,0.2,0.4,15,4.0,0.8,0.8,1.4,-0.6,1,1,3,0.2,0.2,0.6,8,1.6,1.4,1.2,0.2,0.4,8,1.4,1.0,1.2,-0.2,0.4,0,0.0,0.0,0.0,0.0,0.5999999999999999,0.0,-0.6000000000000001,-0.6,0.20000000000000018,0.3999999999999999,0.0,1,1,1,1,0,0.8,DRAW,1
2023-01-02 17:30:00+00:00,Brentford,Liverpool,3.0,1.0,17,9.0,1.8,1.8,1.2,0.6,2,3,0,0.4,0.6,0.0,16,12.0,2.4,2.2,1.2,1.0,4,0,1,0.8,0.0,0.2,8,1.2,1.0,1.2,-0.2,0.2,7,1.4,1.4,1.2,0.2,0.4,0,0.0,0.0,0.0,0.0,-0.5999999999999999,-0.40000000000000013,0.0,-0.4,-0.19999999999999996,-0.3999999999999999,0.0,1,1,1,1,0,0.8,HOME_WIN,0
2023-01-03 19:45:00+00:00,Arsenal,Newcastle,0.0,0.0,16,15.0,3.0,3.0,0.6,2.4,5,0,0,1.0,0.0,0.0,17,13.0,2.6,2.4,0.2,2.2,4,1,0,0.8,0.2,0.0,7,3.0,3.2,1.0,2.2,1.0,8,2.6,2.6,0.6,2.0,0.8,0,0.0,0.0,0.0,0.0,0.3999999999999999,0.6000000000000001,-0.39999999999999997,0.19999999999999973,0.3999999999999999,0.6000000000000001,-0.4,1,1,1,1,0,0.8,DRAW,1
2023-01-03 19:45:00+00:00,Everton,Brighton,1.0,4.0,17,2.0,0.4,0.4,1.6,-1.2,0,2,3,0.0,0.4,0.6,16,9.0,1.8,2.6,2.0,0.6,3,0,2,0.6,0.0,0.4,8,1.2,1.2,1.2,0.0,0.4,8,1.4,2.0,2.2,-0.2,0.4,0,0.0,0.0,0.0,0.0,-1.4,-2.2,0.3999999999999999,-1.7999999999999998,-0.19999999999999996,-0.8,1.0000000000000002,1,1,1,1,0,0.8,AWAY_WIN,2
2023-01-03 19:45:00+00:00,Leicester,Fulham,0.0,1.0,17,6.0,1.2,1.0,1.2,-0.2,2,0,3,0.4,0.0,0.6,17,7.0,1.4,1.4,1.0,0.4,2,1,2,0.4,0.2,0.4,8,1.4,1.2,0.8,0.4,0.4,8,1.8,2.2,1.8,0.4,0.6,0,0.0,0.0,0.0,0.0,-0.19999999999999996,-0.3999999999999999,-0.19999999999999996,-0.6000000000000001,-0.40000000000000013,-1.0000000000000002,1.0,1,1,1,1,0,0.8,AWAY_WIN,2
2023-01-03 20:00:00+00:00,Manchester United,Bournemouth,3.0,0.0,16,12.0,2.4,1.6,0.8,0.8,4,0,1,0.8,0.0,0.2,17,3.0,0.6,1.6,2.2,-0.6,1,0,4,0.2,0.0,0.8,7,2.6,1.8,0.2,1.6,0.8,8,0.4,1.2,2.2,-1.0,0.0,0,0.0,0.0,0.0,0.0,1.7999999999999998,0.0,1.4000000000000001,1.4,2.2,0.6000000000000001,2.0,1,1,1,1,0,0.8,HOME_WIN,0
2023-01-04 19:30:00+00:00,Southampton,Nottingham Forest,0.0,1.0,17,0.0,0.0,0.8,2.6,-1.8,0,0,5,0.0,0.0,1.0,17,5.0,1.0,0.8,2.2,-1.4,1,2,2,0.2,0.4,0.4,8,0.4,1.0,2.2,-1.2,0.0,8,0.2,0.0,2.6,-2.6,0.0,0,0.0,0.0,0.0,0.0,-1.0,0.0,-0.3999999999999999,-0.40000000000000013,0.2,1.0,0.3999999999999999,1,1,1,1,0,0.8,AWAY_WIN,2
2023-01-04 19:45:00+00:00,Leeds,West Ham,2.0,2.0,16,7.0,1.4,2.0,2.2,-0.2,2,1,2,0.4,0.2,0.4,17,0.0,0.0,0.4,2.0,-1.6,0,0,5,0.0,0.0,1.0,8,0.8,1.4,2.0,-0.6,0.2,8,0.2,0.4,1.4,-1.0,0.0,0,0.0,0.0,0.0,0.0,1.4,1.6,-0.20000000000000018,1.4000000000000001,0.6000000000000001,0.9999999999999999,-0.6000000000000001,1,1,1,1,0,0.8,DRAW,1
2023-01-04 20:00:00+00:00,Aston Villa,Wolves,1.0,1.0,17,9.0,1.8,1.6,1.8,-0.2,3,0,2,0.6,0.0,0.4,17,4.0,0.8,1.0,1.6,-0.6,1,1,3,0.2,0.2,0.6,8,1.8,1.8,1.2,0.6,0.6,8,0.8,0.8,1.8,-1.0,0.2,0,0.0,0.0,0.0,0.0,1.0,0.6000000000000001,-0.19999999999999996,0.39999999999999997,1.0,1.0,0.6000000000000001,1,1,1,1,0,0.8,DRAW,1
2023-01-04 20:00:00+00:00,Crystal Palace,Tottenham,0.0,4.0,16,9.0,1.8,1.0,1.0,0.0,3,0,2,0.6,0.0,0.4,17,7.0,1.4,2.0,2.2,-0.2,2,1,2,0.4,0.2,0.4,8,1.8,1.2,1.4,-0.2,0.6,8,1.4,1.4,1.8,-0.4,0.4,0,0.0,0.0,0.0,0.0,0.40000000000000013,-1.0,1.2000000000000002,0.2,0.40000000000000013,-0.19999999999999996,0.40000000000000013,1,1,1,1,0,0.8,AWAY_WIN,2
2023-01-05 20:00:00+00:00,Chelsea,Manchester City,0.0,1.0,16,4.0,0.8,0.8,1.4,-0.6,1,1,3,0.2,0.2,0.6,16,10.0,2.0,1.6,1.0,0.6,3,1,1,0.6,0.2,0.2,7,2.0,1.6,0.6,1.0,0.6,7,2.0,1.6,0.6,1.0,0.6,0,0.0,0.0,0.0,0.0,-1.2,-0.8,-0.3999999999999999,-1.2,0.0,0.0,0.0,1,1,1,1,0,0.8,AWAY_WIN,2
2023-01-12 20:00:00+00:00,Fulham,Chelsea,2.0,1.0,18,9.0,1.8,1.6,1.0,0.6,3,0,2,0.6,0.0,0.4,17,4.0,0.8,0.6,0.8,-0.2,1,1,3,0.2,0.2,0.6,9,1.6,1.6,1.0,0.6,0.4,9,1.0,0.8,1.2,-0.4,0.2,0,0.0,0.0,0.0,0.0,1.0,1.0,-0.19999999999999996,0.8,0.6000000000000001,0.8,0.19999999999999996,1,1,1,1,0,0.8,HOME_WIN,0
2023-01-13 20:00:00+00:00,Aston Villa,Leeds,2.0,1.0,18,10.0,2.0,1.8,1.2,0.6,3,1,1,0.6,0.2,0.2,17,5.0,1.0,2.0,2.4,-0.4,1,2,2,0.2,0.4,0.4,9,1.4,1.8,1.4,0.4,0.4,8,0.8,1.2,1.8,-0.6,0.2,1,1.0,0.0,0.0,0.0,1.0,-0.19999999999999996,1.2,1.0,0.5999999999999999,0.6000000000000001,0.40000000000000013,1,1,1,1,1,1.0,HOME_WIN,0
2023-01-14 12:30:00+00:00,Manchester United,Manchester City,2.0,1.0,17,12.0,2.4,2.0,0.8,1.2,4,0,1,0.8,0.0,0.2,17,10.0,2.0,1.6,1.0,0.6,3,1,1,0.6,0.2,0.2,8,2.6,1.8,0.0,1.8,0.8,8,2.4,1.6,0.4,1.2,0.8,1,0.0,3.0,6.0,0.0,0.3999999999999999,0.3999999999999999,0.19999999999999996,0.6,0.20000000000000018,0.19999999999999996,0.4,1,1,1,1,1,1.0,HOME_WIN,0
2023-01-14 15:00:00+00:00,Brighton,Liverpool,3.0,0.0,17,9.0,1.8,2.6,2.0,0.6,3,0,2,0.6,0.0,0.4,17,12.0,2.4,2.2,1.4,0.8,4,0,1,0.8,0.0,0.2,8,0.8,1.4,1.6,-0.2,0.2,8,1.2,1.6,1.8,-0.2,0.4,1,1.0,3.0,3.0,0.0,-0.5999999999999999,0.3999999999999999,-0.6000000000000001,-0.20000000000000007,-0.3999999999999999,-0.20000000000000018,0.19999999999999996,1,1,1,1,1,1.0,HOME_WIN,0
2023-01-14 15:00:00+00:00,Everton,Southampton,1.0,2.0,18,1.0,0.2,0.6,2.4,-1.8,0,1,4,0.0,0.2,0.8,18,0.0,0.0,0.8,2.6,-1.8,0,0,5,0.0,0.0,1.0,9,0.6,1.2,2.0,-0.8,0.2,9,0.6,0.6,2.0,-1.4,0.2,1,3.0,2.0,1.0,1.0,0.2,-0.20000000000000007,0.20000000000000018,0.0,0.0,0.6,0.0,1,1,1,1,1,1.0,AWAY_WIN,2
2023-01-14 15:00:00+00:00,Nottingham Forest,Leicester,2.0,0.0,18,8.0,1.6,1.0,1.2,-0.2,2,2,1,0.4,0.4,0.2,18,6.0,1.2,1.0,1.2,-0.2,2,0,3,0.4,0.0,0.6,9,1.8,1.2,0.8,0.4,0.4,9,1.8,2.0,0.8,1.2,0.6,1,0.0,0.0,4.0,0.0,0.40000000000000013,0.0,0.0,0.0,0.0,-0.8,0.0,1,1,1,1,1,1.0,HOME_WIN,0
2023-01-14 15:00:00+00:00,Wolves,West Ham,1.0,0.0,18,4.0,0.8,1.0,1.6,-0.6,1,1,3,0.2,0.2,0.6,18,1.0,0.2,0.8,2.2,-1.4,0,1,4,0.0,0.2,0.8,9,0.6,0.6,2.0,-1.4,0.2,9,0.4,0.8,1.6,-0.8,0.0,1,0.0,0.0,2.0,0.0,0.6000000000000001,0.19999999999999996,0.6000000000000001,0.7999999999999999,0.19999999999999996,-0.20000000000000007,-0.3999999999999999,1,1,1,1,1,1.0,HOME_WIN,0
2023-01-14 17:30:00+00:00,Brentford,Bournemouth,2.0,0.0,18,11.0,2.2,2.2,1.2,1.0,3,2,0,0.6,0.4,0.0,18,3.0,0.6,1.2,2.2,-1.0,1,0,4,0.2,0.0,0.8,9,1.8,1.6,0.8,0.8,0.4,9,0.2,1.0,2.6,-1.6,0.0,1,1.0,0.0,0.0,0.0,1.6,1.0000000000000002,1.0000000000000002,2.0,1.6,0.6000000000000001,1.8,1,1,1,1,1,1.0,HOME_WIN,0
2023-01-15 14:00:00+00:00,Newcastle,Fulham,1.0,0.0,18,11.0,2.2,1.6,0.2,1.4,3,2,0,0.6,0.4,0.0,19,12.0,2.4,1.8,0.8,1.0,4,0,1,0.8,0.0,0.2,9,2.6,2.2,0.2,2.0,0.8,9,1.8,1.8,1.4,0.4,0.6,1,3.0,4.0,1.0,1.0,-0.19999999999999973,-0.19999999999999996,0.6000000000000001,0.3999999999999999,0.8,0.40000000000000013,1.2,1,1,1,1,1,1.0,HOME_WIN,0
2023-01-15 14:00:00+00:00,Chelsea,Crystal Palace,1.0,0.0,18,4.0,0.8,0.8,1.0,-0.2,1,1,3,0.2,0.2,0.6,17,6.0,1.2,0.8,1.8,-1.0,2,0,3,0.4,0.0,0.6,8,1.4,1.2,0.6,0.6,0.4,8,1.4,0.8,1.0,-0.2,0.4,1,3.0,2.0,1.0,1.0,-0.3999999999999999,0.0,0.8,0.8,0.0,0.3999999999999999,0.4,1,1,1,1,1,1.0,HOME_WIN,0
2023-01-15 16:30:00+00:00,Tottenham,Arsenal,0.0,2.0,18,7.0,1.4,2.2,1.8,0.4,2,1,2,0.4,0.2,0.4,17,13.0,2.6,2.0,0.6,1.4,4,1,0,0.8,0.2,0.0,9,1.2,1.6,1.8,-0.2,0.4,9,2.6,1.8,0.6,1.2,0.8,1,0.0,1.0,3.0,0.0,-1.2000000000000002,0.20000000000000018,-1.2000000000000002,-0.9999999999999999,-1.4000000000000001,-0.19999999999999996,-1.2000000000000002,1,1,1,1,1,1.0,AWAY_WIN,2
2023-01-18 20:00:00+00:00,Crystal Palace,Manchester United,1.0,1.0,18,3.0,0.6,0.4,1.8,-1.4,1,0,4,0.2,0.0,0.8,18,15.0,3.0,2.2,0.4,1.8,5,0,0,1.0,0.0,0.0,9,1.8,1.0,1.8,-0.8,0.6,9,2.0,1.4,1.2,0.2,0.6,0,0.0,0.0,0.0,0.0,-2.4,-1.8000000000000003,-1.4,-3.2,-0.19999999999999996,-0.3999999999999999,-0.6000000000000001,1,1,1,1,0,0.8,DRAW,1
2023-01-19 20:00:00+00:00,Manchester City,Tottenham,4.0,2.0,18,7.0,1.4,1.4,1.2,0.2,2,1,2,0.4,0.2,0.4,19,7.0,1.4,2.0,1.8,0.2,2,1,2,0.4,0.2,0.4,9,2.0,2.2,1.0,1.2,0.6,9,2.0,2.0,1.2,0.8,0.6,0,0.0,0.0,0.0,0.0,0.0,-0.6000000000000001,0.6000000000000001,0.0,0.0,0.20000000000000018,0.19999999999999996,1,1,1,1,0,0.8,HOME_WIN,0
2023-01-21 12:30:00+00:00,Liverpool,Chelsea,0.0,0.0,18,9.0,1.8,1.8,1.8,0.0,3,0,2,0.6,0.0,0.4,19,7.0,1.4,1.0,0.8,0.2,2,1,2,0.4,0.2,0.4,9,2.4,1.6,0.8,0.8,0.8,10,0.4,0.6,1.6,-1.0,0.0,0,0.0,0.0,0.0,0.0,0.40000000000000013,0.8,-1.0,-0.2,2.0,1.0,0.8,1,1,1,1,0,0.8,DRAW,1
2023-01-21 15:00:00+00:00,Southampton,Aston Villa,0.0,1.0,19,3.0,0.6,1.0,2.0,-1.0,1,0,4,0.2,0.0,0.8,19,10.0,2.0,1.6,1.2,0.4,3,1,1,0.6,0.2,0.2,9,0.4,0.8,2.0,-1.2,0.0,9,1.4,1.0,1.8,-0.8,0.4,1,0.0,0.0,1.0,0.0,-1.4,-0.6000000000000001,-0.8,-1.4,-0.9999999999999999,-0.19999999999999996,-0.19999999999999996,1,1,1,1,1,1.0,AWAY_WIN,2
2023-01-21 15:00:00+00:00,Bournemouth,Nottingham Forest,1.0,1.0,19,3.0,0.6,0.6,1.8,-1.2,1,0,4,0.2,0.0,0.8,19,10.0,2.0,1.0,0.8,0.2,3,1,1,0.6,0.2,0.2,9,1.2,1.4,1.4,0.0,0.4,9,0.8,0.2,1.8,-1.6,0.2,1,3.0,3.0,2.0,1.0,-1.4,-0.4,-1.0,-1.4,0.3999999999999999,1.2,0.40000000000000013,1,1,1,1,1,1.0,DRAW,1
2023-01-21 15:00:00+00:00,Leicester,Brighton,2.0,2.0,19,3.0,0.6,0.6,1.6,-1.0,1,0,4,0.2,0.0,0.8,18,9.0,1.8,2.6,1.6,1.0,3,0,2,0.6,0.0,0.4,9,0.8,0.4,1.0,-0.6,0.2,9,1.8,2.2,1.8,0.4,0.6,1,0.0,2.0,5.0,0.0,-1.2000000000000002,-2.0,0.0,-2.0,-1.0,-1.8000000000000003,0.8,1,1,1,1,1,1.0,DRAW,1
2023-01-21 15:00:00+00:00,West Ham,Everton,2.0,0.0,19,1.0,0.2,0.6,2.0,-1.4,0,1,4,0.0,0.2,0.8,19,1.0,0.2,0.8,2.4,-1.6,0,1,4,0.0,0.2,0.8,9,1.2,1.2,1.4,-0.2,0.4,9,0.4,0.2,1.4,-1.2,0.0,1,0.0,0.0,1.0,0.0,0.0,-0.20000000000000007,0.3999999999999999,0.20000000000000018,0.7999999999999999,1.0,0.0,1,1,1,1,1,1.0,HOME_WIN,0
2023-01-21 17:30:00+00:00,Crystal Palace,Newcastle,0.0,0.0,19,4.0,0.8,0.6,1.8,-1.2,1,1,3,0.2,0.2,0.6,19,11.0,2.2,1.0,0.0,1.0,3,2,0,0.6,0.4,0.0,10,1.4,0.8,1.8,-1.0,0.4,9,2.2,1.8,0.4,1.4,0.6,1,1.0,0.0,0.0,0.0,-1.4000000000000001,-0.4,-1.8,-2.2,-0.8000000000000003,-1.0,-1.4,1,1,1,1,1,1.0,DRAW,1
2023-01-22 14:00:00+00:00,Leeds,Brentford,0.0,0.0,18,2.0,0.4,1.4,2.2,-0.8,0,2,3,0.0,0.4,0.6,19,13.0,2.6,2.2,0.8,1.4,4,1,0,0.8,0.2,0.0,9,0.8,1.8,2.4,-0.6,0.2,9,1.4,1.4,2.4,-1.0,0.4,1,0.0,2.0,5.0,0.0,-2.2,-0.8000000000000003,-1.4000000000000001,-2.2,-0.5999999999999999,0.40000000000000013,0.0,1,1,1,1,1,1.0,DRAW,1
2023-01-22 14:00:00+00:00,Manchester City,Wolves,3.0,0.0,19,10.0,2.0,2.0,1.2,0.8,3,1,1,0.6,0.2,0.2,19,7.0,1.4,0.8,1.0,-0.2,2,1,2,0.4,0.2,0.4,10,2.0,2.2,1.4,0.8,0.6,9,1.0,1.0,1.6,-0.6,0.2,1,3.0,3.0,0.0,1.0,0.6000000000000001,1.2,-0.19999999999999996,1.0,1.0,1.2000000000000002,0.20000000000000018,1,1,1,1,1,1.0,HOME_WIN,0
2023-01-22 16:30:00+00:00,Arsenal,Manchester United,3.0,2.0,18,13.0,2.6,2.2,0.6,1.6,4,1,0,0.8,0.2,0.0,19,13.0,2.6,2.0,0.4,1.6,4,1,0,0.8,0.2,0.0,8,2.6,2.8,0.8,2.0,0.8,10,1.6,1.2,1.2,0.0,0.4,1,0.0,1.0,3.0,0.0,0.0,0.20000000000000018,-0.19999999999999996,0.0,1.0,1.5999999999999999,0.3999999999999999,1,1,1,1,1,1.0,HOME_WIN,0
2023-01-23 20:00:00+00:00,Fulham,Tottenham,0.0,1.0,20,12.0,2.4,1.6,0.6,1.0,4,0,1,0.8,0.0,0.2,20,4.0,0.8,1.6,2.0,-0.4,1,1,3,0.2,0.2,0.6,10,2.0,1.6,0.8,0.8,0.6,10,1.4,2.2,2.0,0.2,0.4,1,0.0,1.0,2.0,0.0,1.5999999999999999,0.0,1.4,1.4,0.6000000000000001,-0.6000000000000001,1.2,1,1,1,1,1,1.0,AWAY_WIN,2
2023-02-03 20:00:00+00:00,Chelsea,Fulham,0.0,0.0,20,5.0,1.0,0.6,0.8,-0.2,1,2,2,0.2,0.4,0.4,21,9.0,1.8,1.0,0.8,0.2,3,0,2,0.6,0.0,0.4,9,1.4,0.8,0.6,0.2,0.4,10,1.8,1.6,1.0,0.6,0.6,1,0.0,1.0,2.0,0.0,-0.8,-0.4,0.0,-0.4,-0.40000000000000013,-0.8,0.4,1,1,1,1,1,1.0,DRAW,1
2023-02-04 12:30:00+00:00,Everton,Arsenal,1.0,0.0,20,1.0,0.2,0.8,2.2,-1.4,0,1,4,0.0,0.2,0.8,19,13.0,2.6,2.4,1.0,1.4,4,1,0,0.8,0.2,0.0,10,0.6,1.2,2.0,-0.8,0.2,10,2.6,2.0,0.6,1.4,0.8,0,0.0,0.0,0.0,0.0,-2.4,-1.5999999999999999,-1.2000000000000002,-2.8,-2.0,-0.8,-1.4,1,1,1,1,0,0.8,HOME_WIN,0
2023-02-04 15:00:00+00:00,Wolves,Liverpool,3.0,0.0,20,7.0,1.4,0.8,1.2,-0.4,2,1,2,0.4,0.2,0.4,19,7.0,1.4,1.2,1.6,-0.4,2,1,2,0.4,0.2,0.4,10,0.6,0.6,2.0,-1.4,0.2,9,1.2,1.2,1.8,-0.6,0.4,0,0.0,0.0,0.0,0.0,0.0,-0.3999999999999999,0.40000000000000013,0.0,-0.6,-0.6,-0.19999999999999996,1,1,1,1,0,0.8,HOME_WIN,0
2023-02-04 15:00:00+00:00,Manchester United,Crystal Palace,2.0,1.0,20,10.0,2.0,1.8,1.0,0.8,3,1,1,0.6,0.2,0.2,20,5.0,1.0,0.6,1.2,-0.6,1,2,2,0.2,0.4,0.4,9,3.0,2.2,0.2,2.0,1.0,9,1.2,0.8,1.2,-0.4,0.4,1,1.0,1.0,1.0,0.0,1.0,1.2000000000000002,0.19999999999999996,1.4,1.8,1.4000000000000001,1.0,1,1,1,1,1,1.0,HOME_WIN,0
2023-02-04 15:00:00+00:00,Brighton,Bournemouth,1.0,0.0,19,10.0,2.0,2.8,1.6,1.2,3,1,1,0.6,0.2,0.2,20,1.0,0.2,0.2,2.0,-1.8,0,1,4,0.0,0.2,0.8,9,1.4,2.0,1.4,0.6,0.4,10,0.0,0.6,2.6,-2.0,0.0,0,0.0,0.0,0.0,0.0,1.8,2.5999999999999996,0.3999999999999999,3.0,1.4,1.4,1.2000000000000002,1,1,1,1,0,0.8,HOME_WIN,0
2023-02-04 15:00:00+00:00,Brentford,Southampton,3.0,0.0,20,11.0,2.2,1.8,0.6,1.2,3,2,0,0.6,0.4,0.0,20,3.0,0.6,0.8,1.6,-0.8,1,0,4,0.2,0.0,0.8,10,1.8,1.6,0.8,0.8,0.4,10,1.2,1.0,1.4,-0.4,0.4,0,0.0,0.0,0.0,0.0,1.6,1.0,1.0,2.0,0.6000000000000001,0.6000000000000001,0.5999999999999999,1,1,1,1,0,0.8,HOME_WIN,0
2023-02-04 15:00:00+00:00,Aston Villa,Leicester,2.0,4.0,20,10.0,2.0,1.4,1.0,0.4,3,1,1,0.6,0.2,0.2,20,1.0,0.2,0.6,2.0,-1.4,0,1,4,0.0,0.2,0.8,10,2.0,2.2,1.2,1.0,0.6,10,1.8,1.8,0.8,1.0,0.6,0,0.0,0.0,0.0,0.0,1.8,0.7999999999999999,1.0,1.7999999999999998,0.19999999999999996,0.40000000000000013,-0.3999999999999999,1,1,1,1,0,0.8,AWAY_WIN,2
2023-02-04 17:30:00+00:00,Newcastle,West Ham,1.0,1.0,20,9.0,1.8,0.8,0.0,0.8,2,3,0,0.4,0.6,0.0,20,4.0,0.8,1.0,1.6,-0.6,1,1,3,0.2,0.2,0.6,10,2.6,1.4,0.0,1.4,0.8,10,0.2,0.6,1.6,-1.0,0.0,0,0.0,0.0,0.0,0.0,1.0,-0.19999999999999996,1.6,1.4,2.4,0.7999999999999999,1.6,1,1,1,1,0,0.8,DRAW,1
2023-02-05 14:00:00+00:00,Nottingham Forest,Leeds,1.0,0.0,20,8.0,1.6,1.0,1.0,0.0,2,2,1,0.4,0.4,0.2,19,3.0,0.6,0.8,1.4,-0.6,0,3,2,0.0,0.6,0.4,10,2.2,1.4,0.6,0.8,0.6,9,0.8,1.2,1.8,-0.6,0.2,0,0.0,0.0,0.0,0.0,1.0,0.19999999999999996,0.3999999999999999,0.6,1.4000000000000001,0.19999999999999996,1.2000000000000002,1,1,1,1,0,0.8,HOME_WIN,0
2023-02-05 16:30:00+00:00,Tottenham,Manchester City,1.0,0.0,21,6.0,1.2,1.4,1.6,-0.2,2,0,3,0.4,0.0,0.6,20,10.0,2.0,2.0,1.0,1.0,3,1,1,0.6,0.2,0.2,10,0.6,1.2,2.2,-1.0,0.2,9,1.8,1.2,0.8,0.4,0.6,1,0.0,2.0,4.0,0.0,-0.8,-0.6000000000000001,-0.6000000000000001,-1.2,-1.2000000000000002,0.0,-1.4000000000000001,1,1,1,1,1,1.0,HOME_WIN,0
2023-02-08 20:00:00+00:00,Manchester United,Leeds,2.0,2.0,21,10.0,2.0,2.0,1.2,0.8,3,1,1,0.6,0.2,0.2,20,3.0,0.6,0.6,1.0,-0.4,0,3,2,0.0,0.6,0.4,10,3.0,2.2,0.4,1.8,1.0,10,0.8,1.2,1.6,-0.4,0.2,0,0.0,0.0,0.0,0.0,1.4,1.4,-0.19999999999999996,1.2000000000000002,2.2,1.0000000000000002,1.2000000000000002,1,1,1,1,0,0.8,DRAW,1
2023-02-11 12:30:00+00:00,West Ham,Chelsea,1.0,1.0,21,5.0,1.0,1.0,1.2,-0.2,1,2,2,0.2,0.4,0.4,21,5.0,1.0,0.4,0.6,-0.2,1,2,2,0.2,0.4,0.4,10,1.2,1.0,1.2,-0.2,0.4,11,0.4,0.6,1.6,-1.0,0.0,1,0.0,1.0,2.0,0.0,0.0,0.6,-0.6,0.0,0.7999999999999999,0.4,0.40000000000000013,1,1,1,1,1,1.0,DRAW,1
2023-02-11 15:00:00+00:00,Southampton,Wolves,1.0,2.0,21,3.0,0.6,0.6,1.6,-1.0,1,0,4,0.2,0.0,0.8,21,7.0,1.4,1.0,1.0,0.0,2,1,2,0.4,0.2,0.4,10,0.2,0.6,2.0,-1.4,0.0,10,1.0,1.0,1.6,-0.6,0.2,1,0.0,0.0,1.0,0.0,-0.7999999999999999,-0.4,-0.6000000000000001,-1.0,-0.8,-0.4,-0.3999999999999999,1,1,1,1,1,1.0,AWAY_WIN,2
2023-02-11 15:00:00+00:00,Leicester,Tottenham,4.0,1.0,21,4.0,0.8,1.4,1.8,-0.4,1,1,3,0.2,0.2,0.6,22,9.0,1.8,1.6,1.2,0.4,3,0,2,0.6,0.0,0.4,10,0.8,0.8,1.4,-0.6,0.2,11,2.0,2.4,1.6,0.8,0.6,1,0.0,2.0,6.0,0.0,-1.0,-0.20000000000000018,-0.6000000000000001,-0.8,-1.2,-1.5999999999999999,0.20000000000000018,1,1,1,1,1,1.0,HOME_WIN,0
2023-02-11 15:00:00+00:00,Arsenal,Brentford,1.0,1.0,20,10.0,2.0,1.8,1.0,0.8,3,1,1,0.6,0.2,0.2,21,13.0,2.6,2.0,0.2,1.8,4,1,0,0.8,0.2,0.0,9,2.6,2.8,1.0,1.8,0.8,10,1.6,1.2,1.4,-0.2,0.4,1,3.0,3.0,0.0,1.0,-0.6000000000000001,-0.19999999999999996,-0.8,-1.0,1.0,1.5999999999999999,0.3999999999999999,1,1,1,1,1,1.0,DRAW,1
2023-02-11 15:00:00+00:00,Crystal Palace,Brighton,1.0,1.0,21,2.0,0.4,0.4,1.6,-1.2,0,2,3,0.0,0.4,0.6,20,10.0,2.0,2.4,1.4,1.0,3,1,1,0.6,0.2,0.2,11,1.0,0.4,1.6,-1.2,0.2,10,2.0,2.6,1.8,0.8,0.6,0,0.0,0.0,0.0,0.0,-1.6,-2.0,-0.20000000000000018,-2.2,-1.0,-2.2,0.19999999999999996,1,1,1,1,0,0.8,DRAW,1
2023-02-11 15:00:00+00:00,Fulham,Nottingham Forest,2.0,0.0,22,7.0,1.4,0.6,0.6,0.0,2,1,2,0.4,0.2,0.4,21,11.0,2.2,1.2,0.4,0.8,3,2,0,0.6,0.4,0.0,11,1.4,1.0,1.0,0.0,0.4,10,1.0,0.4,1.8,-1.4,0.2,1,3.0,3.0,2.0,1.0,-0.8000000000000003,-0.6,-0.19999999999999996,-0.8,0.3999999999999999,0.6,0.8,1,1,1,1,1,1.0,HOME_WIN,0
2023-02-11 17:30:00+00:00,Bournemouth,Newcastle,1.0,1.0,21,1.0,0.2,0.2,1.8,-1.6,0,1,4,0.0,0.2,0.8,21,7.0,1.4,0.4,0.2,0.2,1,4,0,0.2,0.8,0.0,10,0.8,1.2,1.4,-0.2,0.2,10,2.2,1.8,0.4,1.4,0.6,1,1.0,1.0,1.0,0.0,-1.2,-0.2,-1.6,-1.8,-1.4000000000000001,-0.6000000000000001,-0.9999999999999999,1,1,1,1,1,1.0,DRAW,1
2023-02-12 14:00:00+00:00,Leeds,Manchester United,0.0,2.0,21,3.0,0.6,1.0,1.4,-0.4,0,3,2,0.0,0.6,0.4,22,8.0,1.6,1.8,1.6,0.2,2,2,1,0.4,0.4,0.2,10,1.0,1.8,2.2,-0.4,0.2,11,1.4,1.4,1.6,-0.2,0.4,1,1.0,2.0,2.0,0.0,-1.0,-0.8,0.20000000000000018,-0.6000000000000001,-0.3999999999999999,0.40000000000000013,-0.6000000000000001,1,1,1,1,1,1.0,AWAY_WIN,2
2023-02-12 16:30:00+00:00,Manchester City,Aston Villa,3.0,1.0,21,9.0,1.8,1.8,1.0,0.8,3,0,2,0.6,0.0,0.4,21,10.0,2.0,1.6,1.2,0.4,3,1,1,0.6,0.2,0.2,11,2.0,2.2,1.2,1.0,0.6,10,1.8,1.0,1.6,-0.6,0.6,1,1.0,1.0,1.0,0.0,-0.19999999999999996,0.19999999999999996,0.19999999999999996,0.4,0.19999999999999996,1.2000000000000002,0.40000000000000013,1,1,1,1,1,1.0,HOME_WIN,0
2023-02-13 20:00:00+00:00,Liverpool,Everton,2.0,0.0,20,4.0,0.8,0.6,2.0,-1.4,1,1,3,0.2,0.2,0.6,21,4.0,0.8,0.8,1.8,-1.0,1,1,3,0.2,0.2,0.6,10,2.0,1.4,0.8,0.6,0.6,10,0.4,0.2,1.4,-1.2,0.0,1,1.0,0.0,0.0,0.0,0.0,-0.20000000000000007,-0.19999999999999996,-0.3999999999999999,1.6,1.2,0.5999999999999999,1,1,1,1,1,1.0,HOME_WIN,0
2023-02-15 19:30:00+00:00,Arsenal,Manchester City,1.0,3.0,21,8.0,1.6,1.2,0.8,0.4,2,2,1,0.4,0.4,0.2,22,9.0,1.8,2.2,1.2,1.0,3,0,2,0.6,0.0,0.4,10,2.2,2.4,0.8,1.6,0.6,10,1.8,1.2,0.8,0.4,0.6,0,0.0,0.0,0.0,0.0,-0.19999999999999996,-1.0000000000000002,0.3999999999999999,-0.6,0.40000000000000013,1.2,0.0,1,1,1,1,0,0.8,AWAY_WIN,2
2023-02-18 12:30:00+00:00,Aston Villa,Arsenal,2.0,4.0,22,7.0,1.4,1.4,1.8,-0.4,2,1,2,0.4,0.2,0.4,22,7.0,1.4,1.4,1.4,0.0,2,1,2,0.4,0.2,0.4,11,1.4,1.8,2.0,-0.2,0.4,11,2.4,1.8,0.6,1.2,0.8,1,0.0,1.0,2.0,0.0,0.0,0.0,-0.40000000000000013,-0.4,-1.0,0.0,-1.4,1,1,1,1,1,1.0,AWAY_WIN,2
2023-02-18 15:00:00+00:00,Brentford,Crystal Palace,1.0,1.0,22,11.0,2.2,1.8,0.4,1.4,3,2,0,0.6,0.4,0.0,22,3.0,0.6,0.6,1.0,-0.4,0,3,2,0.0,0.6,0.4,11,2.2,2.2,0.8,1.4,0.6,10,1.2,1.0,1.0,0.0,0.4,1,1.0,1.0,1.0,0.0,1.6,1.2000000000000002,0.6,1.7999999999999998,1.0000000000000002,1.2000000000000002,0.19999999999999996,1,1,1,1,1,1.0,DRAW,1
2023-02-18 15:00:00+00:00,Brighton,Fulham,0.0,1.0,21,11.0,2.2,2.2,0.8,1.4,3,2,0,0.6,0.4,0.0,23,7.0,1.4,0.8,0.6,0.2,2,1,2,0.4,0.2,0.4,10,1.8,2.2,1.4,0.8,0.6,11,1.4,1.0,0.6,0.4,0.4,1,0.0,1.0,2.0,0.0,0.8000000000000003,1.4000000000000001,-0.20000000000000007,1.2,0.40000000000000013,1.2000000000000002,-0.7999999999999999,1,1,1,1,1,1.0,AWAY_WIN,2
2023-02-18 15:00:00+00:00,Chelsea,Southampton,0.0,1.0,22,6.0,1.2,0.6,0.6,0.0,1,3,1,0.2,0.6,0.2,22,3.0,0.6,0.6,1.6,-1.0,1,0,4,0.2,0.0,0.8,10,1.4,0.6,0.4,0.2,0.4,11,0.6,0.8,2.0,-1.2,0.2,1,0.0,1.0,2.0,0.0,0.6,0.0,1.0,1.0,0.7999999999999999,-0.20000000000000007,1.6,1,1,1,1,1,1.0,AWAY_WIN,2
2023-02-18 15:00:00+00:00,Everton,Leeds,1.0,0.0,22,3.0,0.6,0.6,2.0,-1.4,1,0,4,0.2,0.0,0.8,22,2.0,0.4,0.6,1.4,-0.8,0,2,3,0.0,0.4,0.6,11,0.6,0.8,2.0,-1.2,0.2,11,0.4,1.2,1.8,-0.6,0.0,1,1.0,1.0,1.0,0.0,0.19999999999999996,0.0,-0.6000000000000001,-0.5999999999999999,0.19999999999999996,-0.3999999999999999,-0.19999999999999996,1,1,1,1,1,1.0,HOME_WIN,0
2023-02-18 15:00:00+00:00,Nottingham Forest,Manchester City,1.0,1.0,22,10.0,2.0,1.0,0.6,0.4,3,1,1,0.6,0.2,0.2,23,12.0,2.4,2.6,1.0,1.6,4,0,1,0.8,0.0,0.2,11,2.2,1.4,0.6,0.8,0.6,11,1.8,1.6,1.0,0.6,0.6,1,0.0,0.0,6.0,0.0,-0.3999999999999999,-1.6,0.4,-1.2000000000000002,0.40000000000000013,-0.20000000000000018,0.4,1,1,1,1,1,1.0,DRAW,1
2023-02-18 15:00:00+00:00,Wolves,Bournemouth,0.0,1.0,22,10.0,2.0,1.4,1.0,0.4,3,1,1,0.6,0.2,0.2,22,2.0,0.4,0.4,1.6,-1.2,0,2,3,0.0,0.4,0.6,11,1.2,1.2,1.2,0.0,0.4,11,0.0,0.6,2.4,-1.8,0.0,1,1.0,0.0,0.0,0.0,1.6,0.9999999999999999,0.6000000000000001,1.6,1.2,0.6,1.2,1,1,1,1,1,1.0,AWAY_WIN,2
2023-02-18 17:30:00+00:00,Newcastle,Liverpool,0.0,2.0,22,7.0,1.4,0.6,0.4,0.2,1,4,0,0.2,0.8,0.0,21,4.0,0.8,0.6,1.8,-1.2,1,1,3,0.2,0.2,0.6,11,2.2,1.4,0.2,1.2,0.6,10,1.2,1.2,2.2,-1.0,0.4,1,0.0,1.0,2.0,0.0,0.5999999999999999,0.0,1.4,1.4,1.0000000000000002,0.19999999999999996,2.0,1,1,1,1,1,1.0,AWAY_WIN,2
2023-02-19 14:00:00+00:00,Manchester United,Leicester,3.0,0.0,23,8.0,1.6,1.8,1.4,0.4,2,2,1,0.4,0.4,0.2,22,7.0,1.4,2.0,1.6,0.4,2,1,2,0.4,0.2,0.4,11,2.6,2.4,0.8,1.6,0.8,11,1.8,1.8,1.2,0.6,0.6,1,3.0,1.0,0.0,1.0,0.20000000000000018,-0.19999999999999996,0.20000000000000018,0.0,0.8,0.5999999999999999,0.3999999999999999,1,1,1,1,1,1.0,HOME_WIN,0
2023-02-19 16:30:00+00:00,Tottenham,West Ham,2.0,0.0,23,6.0,1.2,1.0,2.0,-1.0,2,0,3,0.4,0.0,0.6,22,6.0,1.2,1.2,1.0,0.2,1,3,1,0.2,0.6,0.2,11,1.2,1.2,1.8,-0.6,0.4,11,0.4,0.8,1.6,-0.8,0.0,1,1.0,1.0,1.0,0.0,0.0,-0.19999999999999996,-1.0,-1.2,0.7999999999999999,0.3999999999999999,-0.19999999999999996,1,1,1,1,1,1.0,HOME_WIN,0
2023-02-24 20:00:00+00:00,Fulham,Wolves,1.0,1.0,24,7.0,1.4,0.6,0.4,0.2,2,1,2,0.4,0.2,0.4,23,9.0,1.8,1.2,1.0,0.2,3,0,2,0.6,0.0,0.4,12,1.8,1.4,1.0,0.4,0.6,11,1.6,1.2,1.4,-0.2,0.4,1,1.0,0.0,0.0,0.0,-0.40000000000000013,-0.6,0.6,0.0,0.19999999999999996,0.19999999999999996,0.3999999999999999,1,1,1,1,1,1.0,DRAW,1
2023-02-25 15:00:00+00:00,Everton,Aston Villa,0.0,2.0,23,6.0,1.2,0.6,1.2,-0.6,2,0,3,0.4,0.0,0.6,23,6.0,1.2,1.6,2.4,-0.8,2,0,3,0.4,0.0,0.6,12,1.2,1.0,1.6,-0.6,0.4,11,1.8,1.2,1.6,-0.4,0.6,1,0.0,1.0,2.0,0.0,0.0,-1.0,1.2,0.20000000000000007,-0.6000000000000001,-0.19999999999999996,0.0,1,1,1,1,1,1.0,AWAY_WIN,2
2023-02-25 15:00:00+00:00,Leeds,Southampton,1.0,0.0,23,2.0,0.4,0.4,1.2,-0.8,0,2,3,0.0,0.4,0.6,23,6.0,1.2,0.8,1.4,-0.6,2,0,3,0.4,0.0,0.6,11,1.0,1.4,2.0,-0.6,0.2,12,1.2,1.0,1.8,-0.8,0.4,1,1.0,2.0,2.0,0.0,-0.7999999999999999,-0.4,0.19999999999999996,-0.20000000000000007,-0.19999999999999996,0.3999999999999999,-0.19999999999999996,1,1,1,1,1,1.0,HOME_WIN,0
2023-02-25 15:00:00+00:00,Leicester,Arsenal,0.0,1.0,23,7.0,1.4,2.0,2.0,0.0,2,1,2,0.4,0.2,0.4,23,7.0,1.4,1.8,1.8,0.0,2,1,2,0.4,0.2,0.4,11,0.8,1.2,1.6,-0.4,0.2,12,2.4,2.4,1.0,1.4,0.8,1,0.0,2.0,4.0,0.0,0.0,0.19999999999999996,-0.19999999999999996,0.0,-1.5999999999999999,-1.2,-0.6000000000000001,1,1,1,1,1,1.0,AWAY_WIN,2
2023-02-25 15:00:00+00:00,West Ham,Nottingham Forest,4.0,0.0,23,5.0,1.0,0.8,1.0,-0.2,1,2,2,0.2,0.4,0.4,23,8.0,1.6,1.0,0.8,0.2,2,2,1,0.4,0.4,0.2,11,0.8,0.8,1.4,-0.6,0.2,11,0.8,0.4,2.2,-1.8,0.2,1,0.0,0.0,1.0,0.0,-0.6000000000000001,-0.19999999999999996,-0.19999999999999996,-0.4,0.0,0.4,0.8000000000000003,1,1,1,1,1,1.0,HOME_WIN,0
2023-02-25 17:30:00+00:00,Bournemouth,Manchester City,1.0,4.0,23,5.0,1.0,0.6,1.0,-0.4,1,2,2,0.2,0.4,0.4,24,10.0,2.0,2.0,0.8,1.2,3,1,1,0.6,0.2,0.2,11,1.0,1.4,1.4,0.0,0.2,12,1.4,1.2,1.0,0.2,0.4,1,0.0,0.0,4.0,0.0,-1.0,-1.4,-0.19999999999999996,-1.6,-0.3999999999999999,0.19999999999999996,-0.3999999999999999,1,1,1,1,1,1.0,AWAY_WIN,2
2023-02-25 19:45:00+00:00,Crystal Palace,Liverpool,0.0,0.0,23,4.0,0.8,0.8,1.0,-0.2,0,4,1,0.0,0.8,0.2,22,7.0,1.4,0.8,1.2,-0.4,2,1,2,0.4,0.2,0.4,12,0.6,0.4,1.8,-1.4,0.0,11,1.2,1.2,2.0,-0.8,0.4,1,1.0,1.0,1.0,0.0,-0.5999999999999999,0.0,0.19999999999999996,0.2,-0.6,-0.7999999999999999,0.19999999999999996,1,1,1,1,1,1.0,DRAW,1
2023-02-26 13:30:00+00:00,Tottenham,Chelsea,2.0,0.0,24,9.0,1.8,1.4,1.6,-0.2,3,0,2,0.6,0.0,0.4,23,6.0,1.2,0.4,0.4,0.0,1,3,1,0.2,0.6,0.2,12,1.8,1.4,1.4,0.0,0.6,12,0.6,0.6,1.0,-0.4,0.0,1,1.0,2.0,2.0,0.0,0.6000000000000001,0.9999999999999999,-1.2000000000000002,-0.2,1.2000000000000002,0.7999999999999999,-0.3999999999999999,1,1,1,1,1,1.0,HOME_WIN,0
2023-03-01 19:45:00+00:00,Arsenal,Everton,4.0,0.0,24,7.0,1.4,1.4,1.4,0.0,2,1,2,0.4,0.2,0.4,24,6.0,1.2,0.4,1.2,-0.8,2,0,3,0.4,0.0,0.6,11,1.6,1.6,1.4,0.2,0.4,11,0.4,0.2,1.6,-1.4,0.0,1,0.0,0.0,1.0,0.0,0.19999999999999996,0.9999999999999999,-0.19999999999999996,0.8,1.2000000000000002,1.4000000000000001,0.20000000000000018,1,1,1,1,1,1.0,HOME_WIN,0
2023-03-01 20:00:00+00:00,Liverpool,Wolves,2.0,0.0,23,8.0,1.6,0.8,0.6,0.2,2,2,1,0.4,0.4,0.2,24,7.0,1.4,1.2,1.2,0.0,2,1,2,0.4,0.2,0.4,11,2.0,1.6,0.8,0.8,0.6,12,1.6,1.2,1.4,-0.2,0.4,1,0.0,0.0,3.0,0.0,0.20000000000000018,-0.3999999999999999,0.6,0.2,0.3999999999999999,0.40000000000000013,0.5999999999999999,1,1,1,1,1,1.0,HOME_WIN,0
2023-03-04 12:30:00+00:00,Manchester City,Newcastle,2.0,0.0,25,10.0,2.0,2.2,1.0,1.2,3,1,1,0.6,0.2,0.2,23,6.0,1.2,0.6,0.8,-0.2,1,3,1,0.2,0.6,0.2,12,2.0,2.4,1.2,1.2,0.6,11,1.8,1.6,0.4,1.2,0.4,1,1.0,3.0,3.0,0.0,0.8,1.6,-0.19999999999999996,1.4,0.19999999999999996,0.7999999999999998,-0.7999999999999999,1,1,1,1,1,1.0,HOME_WIN,0
2023-03-04 15:00:00+00:00,Arsenal,Bournemouth,3.0,2.0,25,10.0,2.0,2.2,1.2,1.0,3,1,1,0.6,0.2,0.2,24,5.0,1.0,0.8,1.4,-0.6,1,2,2,0.2,0.4,0.4,12,1.6,1.8,1.2,0.6,0.4,12,0.6,0.2,1.6,-1.4,0.2,1,3.0,3.0,0.0,1.0,1.0,1.4000000000000001,0.19999999999999996,1.6,1.0,1.6,0.40000000000000013,1,1,1,1,1,1.0,HOME_WIN,0
2023-03-04 15:00:00+00:00,Aston Villa,Crystal Palace,1.0,0.0,24,6.0,1.2,1.6,2.2,-0.6,2,0,3,0.4,0.0,0.6,24,4.0,0.8,0.6,0.8,-0.2,0,4,1,0.0,0.8,0.2,12,0.8,1.6,2.6,-1.0,0.2,11,0.8,0.8,1.0,-0.2,0.2,1,0.0,1.0,3.0,0.0,0.3999999999999999,1.0,-1.4000000000000001,-0.39999999999999997,0.0,0.8,-1.6,1,1,1,1,1,1.0,HOME_WIN,0
2023-03-04 15:00:00+00:00,Brighton,West Ham,4.0,0.0,22,8.0,1.6,1.4,0.8,0.6,2,2,1,0.4,0.4,0.2,24,8.0,1.6,1.6,0.8,0.8,2,2,1,0.4,0.4,0.2,11,1.2,1.4,1.4,0.0,0.4,12,0.4,0.8,1.8,-1.0,0.0,1,3.0,2.0,0.0,1.0,0.0,-0.20000000000000018,0.0,-0.20000000000000007,0.7999999999999999,0.5999999999999999,0.40000000000000013,1,1,1,1,1,1.0,HOME_WIN,0
2023-03-04 15:00:00+00:00,Chelsea,Leeds,1.0,0.0,24,3.0,0.6,0.2,0.8,-0.6,0,3,2,0.0,0.6,0.4,24,4.0,0.8,0.6,1.2,-0.6,1,1,3,0.2,0.2,0.6,11,1.4,0.6,0.4,0.2,0.4,12,0.4,0.6,1.2,-0.6,0.0,1,0.0,0.0,3.0,0.0,-0.20000000000000007,-0.39999999999999997,0.3999999999999999,0.0,0.9999999999999999,0.0,0.7999999999999999,1,1,1,1,1,1.0,HOME_WIN,0
2023-03-04 15:00:00+00:00,Wolves,Tottenham,1.0,0.0,25,7.0,1.4,1.2,1.0,0.2,2,1,2,0.4,0.2,0.4,25,12.0,2.4,1.4,0.8,0.6,4,0,1,0.8,0.0,0.2,12,1.2,0.8,0.8,0.0,0.4,12,1.4,2.0,2.0,0.0,0.4,1,0.0,0.0,1.0,0.0,-1.0,-0.19999999999999996,-0.19999999999999996,-0.39999999999999997,-0.19999999999999996,-1.2,1.2,1,1,1,1,1,1.0,HOME_WIN,0
2023-03-04 17:30:00+00:00,Southampton,Leicester,1.0,0.0,24,3.0,0.6,0.4,1.4,-1.0,1,0,4,0.2,0.0,0.8,24,7.0,1.4,2.0,1.8,0.2,2,1,2,0.4,0.2,0.4,11,0.0,0.6,2.2,-1.6,0.0,12,1.2,1.4,1.8,-0.4,0.4,1,3.0,2.0,1.0,1.0,-0.7999999999999999,-1.6,0.40000000000000013,-1.2,-1.2,-0.7999999999999999,-0.40000000000000013,1,1,1,1,1,1.0,HOME_WIN,0
2023-03-05 14:00:00+00:00,Nottingham Forest,Everton,2.0,2.0,24,5.0,1.0,0.6,1.6,-1.0,1,2,2,0.2,0.4,0.4,25,6.0,1.2,0.4,1.6,-1.2,2,0,3,0.4,0.0,0.6,12,2.2,1.2,0.4,0.8,0.6,12,0.2,0.2,2.4,-2.2,0.0,1,1.0,1.0,1.0,0.0,-0.19999999999999996,0.19999999999999996,0.0,0.19999999999999996,2.0,1.0,2.0,1,1,1,1,1,1.0,DRAW,1
2023-03-05 16:30:00+00:00,Liverpool,Manchester United,7.0,0.0,24,10.0,2.0,1.2,0.6,0.6,3,1,1,0.6,0.2,0.2,24,10.0,2.0,2.2,1.2,1.0,3,1,1,0.6,0.2,0.2,12,2.6,1.8,0.4,1.4,0.8,12,2.0,1.6,1.0,0.6,0.6,1,0.0,1.0,2.0,0.0,0.0,-1.0000000000000002,0.6,-0.4,0.6000000000000001,0.19999999999999996,0.6,1,1,1,1,1,1.0,HOME_WIN,0
2023-03-06 20:00:00+00:00,Brentford,Fulham,3.0,2.0,23,9.0,1.8,1.4,0.4,1.0,2,3,0,0.4,0.6,0.0,25,8.0,1.6,0.8,0.4,0.4,2,2,1,0.4,0.4,0.2,12,2.2,2.2,0.8,1.4,0.6,12,2.0,1.0,0.2,0.8,0.6,1,0.0,2.0,3.0,0.0,0.19999999999999996,0.5999999999999999,0.0,0.6,0.20000000000000018,1.2000000000000002,-0.6000000000000001,1,1,1,1,1,1.0,HOME_WIN,0
2023-03-11 12:30:00+00:00,Bournemouth,Liverpool,1.0,0.0,25,4.0,0.8,1.0,1.8,-0.8,1,1,3,0.2,0.2,0.6,25,13.0,2.6,2.6,0.0,2.6,4,1,0,0.8,0.2,0.0,12,1.0,1.2,1.6,-0.4,0.2,12,0.8,0.6,1.8,-1.2,0.2,1,0.0,0.0,9.0,0.0,-1.8,-1.6,-1.8,-3.4000000000000004,0.19999999999999996,0.6,0.19999999999999996,1,1,1,1,1,1.0,HOME_WIN,0
2023-03-11 15:00:00+00:00,Everton,Brentford,1.0,0.0,26,4.0,0.8,0.6,2.0,-1.4,1,1,3,0.2,0.2,0.6,24,9.0,1.8,1.6,0.8,0.8,2,3,0,0.4,0.6,0.0,13,1.2,0.8,1.6,-0.8,0.4,11,1.8,1.4,0.8,0.6,0.4,1,1.0,1.0,1.0,0.0,-1.0,-1.0,-1.2,-2.2,-0.6000000000000001,-0.5999999999999999,-0.8,1,1,1,1,1,1.0,HOME_WIN,0
2023-03-11 15:00:00+00:00,Leeds,Brighton,2.0,2.0,25,4.0,0.8,0.6,1.2,-0.6,1,1,3,0.2,0.2,0.6,23,8.0,1.6,1.6,0.8,0.8,2,2,1,0.4,0.4,0.2,12,1.0,0.8,1.4,-0.6,0.2,11,2.2,2.6,1.4,1.2,0.6,1,0.0,0.0,1.0,0.0,-0.8,-1.0,-0.3999999999999999,-1.4,-1.2000000000000002,-1.8,0.0,1,1,1,1,1,1.0,DRAW,1
2023-03-11 15:00:00+00:00,Leicester,Chelsea,1.0,3.0,25,6.0,1.2,1.6,1.6,0.0,2,0,3,0.4,0.0,0.6,25,5.0,1.0,0.4,0.8,-0.4,1,2,2,0.2,0.4,0.4,12,0.8,1.2,1.6,-0.4,0.2,13,0.6,0.6,1.2,-0.6,0.0,1,0.0,1.0,2.0,0.0,0.19999999999999996,1.2000000000000002,-0.8,0.4,0.20000000000000007,0.6,-0.40000000000000013,1,1,1,1,1,1.0,AWAY_WIN,2
2023-03-11 15:00:00+00:00,Tottenham,Nottingham Forest,3.0,1.0,26,9.0,1.8,1.2,1.0,0.2,3,0,2,0.6,0.0,0.4,25,5.0,1.0,0.8,1.8,-1.0,1,2,2,0.2,0.4,0.4,13,1.8,1.0,0.8,0.2,0.6,12,0.8,0.4,2.0,-1.6,0.2,1,3.0,2.0,0.0,1.0,0.8,0.3999999999999999,0.8,1.2,1.0,0.6,1.2,1,1,1,1,1,1.0,HOME_WIN,0
2023-03-11 17:30:00+00:00,Crystal Palace,Manchester City,0.0,1.0,25,3.0,0.6,0.6,1.0,-0.4,0,3,2,0.0,0.6,0.4,26,13.0,2.6,2.6,0.8,1.8,4,1,0,0.8,0.2,0.0,13,0.8,0.4,1.2,-0.8,0.0,13,1.4,1.8,1.2,0.6,0.4,1,0.0,2.0,4.0,0.0,-2.0,-2.0,-0.19999999999999996,-2.2,-0.5999999999999999,-1.4,0.0,1,1,1,1,1,1.0,AWAY_WIN,2
2023-03-12 14:00:00+00:00,Fulham,Arsenal,0.0,3.0,26,8.0,1.6,1.2,0.8,0.4,2,2,1,0.4,0.4,0.2,26,12.0,2.4,2.6,1.4,1.2,4,0,1,0.8,0.0,0.2,13,2.0,1.4,0.8,0.6,0.6,13,2.4,2.2,1.0,1.2,0.8,1,0.0,1.0,2.0,0.0,-0.7999999999999998,-1.4000000000000001,0.5999999999999999,-0.7999999999999999,-0.3999999999999999,-0.8000000000000003,0.19999999999999996,1,1,1,1,1,1.0,AWAY_WIN,2
2023-03-12 14:00:00+00:00,Manchester United,Southampton,0.0,0.0,25,10.0,2.0,1.8,2.0,-0.2,3,1,1,0.6,0.2,0.2,25,6.0,1.2,0.6,1.2,-0.6,2,0,3,0.4,0.0,0.6,12,2.6,2.4,0.8,1.6,0.8,13,1.2,0.8,1.4,-0.6,0.4,1,3.0,1.0,0.0,1.0,0.8,1.2000000000000002,-0.8,0.39999999999999997,1.4000000000000001,1.5999999999999999,0.5999999999999999,1,1,1,1,1,1.0,DRAW,1
2023-03-12 14:00:00+00:00,West Ham,Aston Villa,1.0,1.0,25,5.0,1.0,1.2,1.6,-0.4,1,2,2,0.2,0.4,0.4,25,6.0,1.2,1.6,2.2,-0.6,2,0,3,0.4,0.0,0.6,12,1.4,1.4,1.0,0.4,0.4,12,2.4,1.6,0.8,0.8,0.8,1,3.0,1.0,0.0,1.0,-0.19999999999999996,-0.40000000000000013,0.6000000000000001,0.19999999999999996,-1.0,-0.20000000000000018,-0.19999999999999996,1,1,1,1,1,1.0,DRAW,1
2023-03-12 16:30:00+00:00,Newcastle,Wolves,2.0,1.0,24,3.0,0.6,0.4,1.2,-0.8,0,3,2,0.0,0.6,0.4,26,7.0,1.4,0.8,1.0,-0.2,2,1,2,0.4,0.2,0.4,12,1.6,0.6,0.6,0.0,0.4,13,1.0,0.8,1.6,-0.8,0.2,1,1.0,1.0,1.0,0.0,-0.7999999999999999,-0.4,-0.19999999999999996,-0.6000000000000001,0.6000000000000001,-0.20000000000000007,1.0,1,1,1,1,1,1.0,HOME_WIN,0
2023-03-15 19:30:00+00:00,Southampton,Brentford,0.0,2.0,26,7.0,1.4,0.6,0.6,0.0,2,1,2,0.4,0.2,0.4,25,8.0,1.6,1.6,1.0,0.6,2,2,1,0.4,0.4,0.2,12,0.6,0.6,1.4,-0.8,0.2,12,1.6,1.0,0.6,0.4,0.4,1,0.0,0.0,3.0,0.0,-0.20000000000000018,-1.0,0.4,-0.6,-1.0,-0.4,-0.7999999999999999,1,1,1,1,1,1.0,AWAY_WIN,2
2023-03-15 19:30:00+00:00,Brighton,Crystal Palace,1.0,0.0,24,8.0,1.6,1.6,0.8,0.8,2,2,1,0.4,0.4,0.2,26,3.0,0.6,0.4,0.8,-0.4,0,3,2,0.0,0.6,0.4,12,1.8,2.0,1.0,1.0,0.6,12,0.8,0.8,1.0,-0.2,0.2,1,1.0,1.0,1.0,0.0,1.0,1.2000000000000002,0.0,1.2000000000000002,1.0,1.2,0.0,1,1,1,1,1,1.0,HOME_WIN,0
2023-03-17 20:00:00+00:00,Nottingham Forest,Newcastle,1.0,2.0,26,2.0,0.4,0.8,2.4,-1.6,0,2,3,0.0,0.4,0.6,25,5.0,1.0,0.8,1.4,-0.6,1,2,2,0.2,0.4,0.4,13,1.8,1.4,0.8,0.6,0.4,12,1.2,0.8,0.6,0.2,0.2,1,0.0,0.0,2.0,0.0,-0.6,0.0,-1.0,-1.0,0.6000000000000001,0.5999999999999999,-0.20000000000000007,1,1,1,1,1,1.0,AWAY_WIN,2
2023-03-18 15:00:00+00:00,Wolves,Leeds,2.0,4.0,27,4.0,0.8,0.6,1.2,-0.6,1,1,3,0.2,0.2,0.6,26,4.0,0.8,0.6,1.2,-0.6,1,1,3,0.2,0.2,0.6,13,1.8,1.0,0.4,0.6,0.6,13,0.2,0.6,1.4,-0.8,0.0,1,0.0,1.0,2.0,0.0,0.0,0.0,0.0,0.0,1.6,0.4,0.9999999999999999,1,1,1,1,1,1.0,AWAY_WIN,2
2023-03-18 15:00:00+00:00,Southampton,Tottenham,3.0,3.0,27,7.0,1.4,0.4,0.6,-0.2,2,1,2,0.4,0.2,0.4,27,9.0,1.8,1.6,1.2,0.4,3,0,2,0.6,0.0,0.4,13,0.6,0.4,1.2,-0.8,0.2,13,1.2,1.6,1.8,-0.2,0.4,1,0.0,1.0,4.0,0.0,-0.40000000000000013,-1.2000000000000002,0.6,-0.6000000000000001,-0.6,-1.2000000000000002,0.6000000000000001,1,1,1,1,1,1.0,DRAW,1
2023-03-18 15:00:00+00:00,Aston Villa,Bournemouth,3.0,0.0,26,7.0,1.4,1.4,1.6,-0.2,2,1,2,0.4,0.2,0.4,26,7.0,1.4,1.2,1.6,-0.4,2,1,2,0.4,0.2,0.4,13,1.4,1.6,2.0,-0.4,0.4,13,0.6,0.6,1.8,-1.2,0.2,1,0.0,0.0,2.0,0.0,0.0,0.19999999999999996,0.0,0.2,0.7999999999999999,1.0,-0.19999999999999996,1,1,1,1,1,1.0,HOME_WIN,0
2023-03-18 15:00:00+00:00,Brentford,Leicester,1.0,1.0,26,8.0,1.6,1.4,1.0,0.4,2,2,1,0.4,0.4,0.2,26,3.0,0.6,1.0,1.8,-0.8,1,0,4,0.2,0.0,0.8,13,2.6,2.4,0.8,1.6,0.8,13,0.6,1.0,2.0,-1.0,0.2,1,1.0,2.0,2.0,0.0,1.0,0.3999999999999999,0.8,1.2000000000000002,2.0,1.4,1.2,1,1,1,1,1,1.0,DRAW,1
2023-03-18 17:30:00+00:00,Chelsea,Everton,2.0,2.0,26,7.0,1.4,1.0,1.0,0.0,2,1,2,0.4,0.2,0.4,27,7.0,1.4,0.8,1.6,-0.8,2,1,2,0.4,0.2,0.4,12,1.4,0.4,0.4,0.0,0.4,13,0.4,0.6,2.2,-1.6,0.0,1,3.0,1.0,0.0,1.0,0.0,0.19999999999999996,0.6000000000000001,0.8,0.9999999999999999,-0.19999999999999996,1.8000000000000003,1,1,1,1,1,1.0,DRAW,1
2023-03-19 14:00:00+00:00,Arsenal,Crystal Palace,4.0,1.0,27,15.0,3.0,3.0,0.8,2.2,5,0,0,1.0,0.0,0.0,27,2.0,0.4,0.2,0.8,-0.6,0,2,3,0.0,0.4,0.6,13,2.0,2.4,1.6,0.8,0.6,13,0.2,0.4,1.2,-0.8,0.0,1,3.0,2.0,0.0,1.0,2.6,2.8,0.0,2.8000000000000003,1.8,2.0,-0.40000000000000013,1,1,1,1,1,1.0,HOME_WIN,0
2023-04-01 11:30:00+00:00,Manchester City,Liverpool,4.0,1.0,27,13.0,2.6,2.2,0.6,1.6,4,1,0,0.8,0.2,0.0,26,10.0,2.0,2.2,0.2,2.0,3,1,1,0.6,0.2,0.2,13,2.6,2.6,0.8,1.8,0.8,13,0.8,0.4,1.4,-1.0,0.2,1,0.0,0.0,1.0,0.0,0.6000000000000001,0.0,-0.39999999999999997,-0.3999999999999999,1.8,2.2,0.5999999999999999,1,1,1,1,1,1.0,HOME_WIN,0
2023-04-01 14:00:00+00:00,Crystal Palace,Leicester,2.0,1.0,28,1.0,0.2,0.2,1.4,-1.2,0,1,4,0.0,0.2,0.8,27,1.0,0.2,0.4,1.8,-1.4,0,1,4,0.0,0.2,0.8,14,0.8,0.4,0.6,-0.2,0.0,14,0.8,1.0,1.8,-0.8,0.2,1,1.0,0.0,0.0,0.0,0.0,-0.2,0.40000000000000013,0.19999999999999996,0.0,-0.6,1.2000000000000002,1,1,1,1,1,1.0,HOME_WIN,0
2023-04-01 14:00:00+00:00,Bournemouth,Fulham,2.0,1.0,27,6.0,1.2,1.0,2.0,-1.0,2,0,3,0.4,0.0,0.6,27,7.0,1.4,1.2,1.4,-0.2,2,1,2,0.4,0.2,0.4,13,1.0,0.8,1.6,-0.8,0.2,13,1.4,0.8,0.8,0.0,0.4,1,1.0,2.0,2.0,0.0,-0.19999999999999996,-0.19999999999999996,-0.6000000000000001,-0.8,-0.3999999999999999,0.0,-0.8,1,1,1,1,1,1.0,HOME_WIN,0
2023-04-01 14:00:00+00:00,Arsenal,Leeds,4.0,1.0,28,15.0,3.0,3.0,0.6,2.4,5,0,0,1.0,0.0,0.0,27,7.0,1.4,1.4,1.2,0.2,2,1,2,0.4,0.2,0.4,14,2.0,2.6,1.4,1.2,0.6,14,0.8,1.2,1.4,-0.2,0.2,1,3.0,1.0,0.0,1.0,1.6,1.6,0.6,2.1999999999999997,1.2,1.4000000000000001,0.0,1,1,1,1,1,1.0,HOME_WIN,0
2023-04-01 14:00:00+00:00,Brighton,Brentford,3.0,3.0,25,8.0,1.6,1.6,0.8,0.8,2,2,1,0.4,0.4,0.2,27,8.0,1.6,1.4,1.0,0.4,2,2,1,0.4,0.4,0.2,13,2.4,1.8,0.2,1.6,0.8,13,1.6,1.0,0.4,0.6,0.4,1,0.0,0.0,2.0,0.0,0.0,0.20000000000000018,0.19999999999999996,0.4,0.7999999999999998,0.8,0.2,1,1,1,1,1,1.0,DRAW,1
2023-04-01 14:00:00+00:00,Nottingham Forest,Wolves,1.0,1.0,27,2.0,0.4,1.0,2.4,-1.4,0,2,3,0.0,0.4,0.6,28,4.0,0.8,1.0,1.8,-0.8,1,1,3,0.2,0.2,0.6,14,1.6,1.4,1.0,0.4,0.4,14,0.8,0.8,1.8,-1.0,0.2,1,0.0,0.0,1.0,0.0,-0.4,0.0,-0.5999999999999999,-0.5999999999999999,0.8,0.5999999999999999,0.8,1,1,1,1,1,1.0,DRAW,1
2023-04-01 16:30:00+00:00,Chelsea,Aston Villa,0.0,2.0,27,7.0,1.4,1.2,1.2,0.0,2,1,2,0.4,0.2,0.4,27,10.0,2.0,1.8,1.0,0.8,3,1,1,0.6,0.2,0.2,13,1.6,0.8,0.6,0.2,0.4,13,2.0,1.4,0.8,0.6,0.6,1,3.0,2.0,0.0,1.0,-0.6000000000000001,-0.6000000000000001,-0.19999999999999996,-0.8,-0.3999999999999999,-0.5999999999999999,0.20000000000000007,1,1,1,1,1,1.0,AWAY_WIN,2
2023-04-02 13:00:00+00:00,West Ham,Southampton,1.0,0.0,26,5.0,1.0,1.2,1.6,-0.4,1,2,2,0.2,0.4,0.4,28,5.0,1.0,0.8,1.2,-0.4,1,2,2,0.2,0.4,0.4,13,1.6,1.6,0.8,0.8,0.4,14,1.4,0.6,1.0,-0.4,0.4,1,1.0,1.0,1.0,0.0,0.0,0.3999999999999999,-0.40000000000000013,0.0,0.20000000000000018,1.0,0.19999999999999996,1,1,1,1,1,1.0,HOME_WIN,0
2023-04-02 15:30:00+00:00,Newcastle,Manchester United,2.0,0.0,26,7.0,1.4,1.0,1.4,-0.4,2,1,2,0.4,0.2,0.4,26,8.0,1.6,1.4,1.8,-0.4,2,2,1,0.4,0.4,0.2,13,1.6,0.8,0.8,0.0,0.4,13,1.4,1.2,2.2,-1.0,0.4,1,1.0,0.0,0.0,0.0,-0.20000000000000018,-0.3999999999999999,0.40000000000000013,0.0,0.20000000000000018,-0.3999999999999999,1.4000000000000001,1,1,1,1,1,1.0,HOME_WIN,0
2023-04-03 19:00:00+00:00,Everton,Tottenham,1.0,1.0,28,5.0,1.0,1.0,2.0,-1.0,1,2,2,0.2,0.4,0.4,28,10.0,2.0,2.0,1.0,1.0,3,1,1,0.6,0.2,0.2,14,1.8,0.8,0.8,0.0,0.6,14,0.8,1.4,2.4,-1.0,0.2,1,0.0,0.0,2.0,0.0,-1.0,-1.0,-1.0,-2.0,1.0,-0.5999999999999999,1.5999999999999999,1,1,1,1,1,1.0,DRAW,1
2023-04-04 18:45:00+00:00,Leeds,Nottingham Forest,2.0,1.0,28,7.0,1.4,1.6,1.8,-0.2,2,1,2,0.4,0.2,0.4,28,2.0,0.4,1.0,2.4,-1.4,0,2,3,0.0,0.4,0.6,13,1.2,1.0,1.2,-0.2,0.2,13,0.8,0.6,2.0,-1.4,0.2,1,0.0,0.0,1.0,0.0,0.9999999999999999,0.6000000000000001,0.5999999999999999,1.2,0.3999999999999999,0.4,0.8,1,1,1,1,1,1.0,HOME_WIN,0
2023-04-04 18:45:00+00:00,Leicester,Aston Villa,1.0,2.0,28,1.0,0.2,0.6,1.6,-1.0,0,1,4,0.0,0.2,0.8,28,13.0,2.6,1.8,0.2,1.6,4,1,0,0.8,0.2,0.0,13,0.8,1.4,1.6,-0.2,0.2,14,2.0,1.4,0.8,0.6,0.6,1,3.0,4.0,2.0,1.0,-2.4,-1.2000000000000002,-1.4000000000000001,-2.6,-1.2,0.0,-0.8,1,1,1,1,1,1.0,AWAY_WIN,2
2023-04-04 18:45:00+00:00,Bournemouth,Brighton,0.0,2.0,28,6.0,1.2,1.2,2.2,-1.0,2,0,3,0.4,0.0,0.6,26,8.0,1.6,2.0,1.2,0.8,2,2,1,0.4,0.4,0.2,14,1.6,1.2,1.4,-0.2,0.4,12,1.8,2.4,1.4,1.0,0.4,1,0.0,0.0,1.0,0.0,-0.40000000000000013,-0.8,-1.0000000000000002,-1.8,-0.19999999999999996,-1.2,0.0,1,1,1,1,1,1.0,AWAY_WIN,2
2023-04-04 19:00:00+00:00,Chelsea,Liverpool,0.0,0.0,28,7.0,1.4,1.2,1.4,-0.2,2,1,2,0.4,0.2,0.4,27,7.0,1.4,2.0,1.0,1.0,2,1,2,0.4,0.2,0.4,14,1.0,0.6,1.0,-0.4,0.2,14,0.8,0.6,1.6,-1.0,0.2,1,1.0,0.0,0.0,0.0,0.0,-0.8,-0.3999999999999999,-1.2,0.19999999999999996,0.0,0.6000000000000001,1,1,1,1,1,1.0,DRAW,1
2023-04-05 19:00:00+00:00,Manchester United,Brentford,1.0,0.0,27,7.0,1.4,1.0,1.8,-0.8,2,1,2,0.4,0.2,0.4,28,8.0,1.6,1.8,1.4,0.4,2,2,1,0.4,0.4,0.2,13,2.2,1.8,0.8,1.0,0.6,14,1.2,1.2,1.0,0.2,0.2,1,0.0,0.0,4.0,0.0,-0.20000000000000018,-0.8,-0.40000000000000013,-1.2000000000000002,1.0000000000000002,0.6000000000000001,0.19999999999999996,1,1,1,1,1,1.0,HOME_WIN,0
2023-04-05 19:00:00+00:00,West Ham,Newcastle,1.0,5.0,27,7.0,1.4,1.2,1.4,-0.2,2,1,2,0.4,0.2,0.4,27,9.0,1.8,1.2,1.2,0.0,3,0,2,0.6,0.0,0.4,14,2.2,1.8,0.4,1.4,0.6,13,1.2,0.6,0.8,-0.2,0.2,1,1.0,1.0,1.0,0.0,-0.40000000000000013,0.0,-0.19999999999999996,-0.2,1.0000000000000002,1.2000000000000002,0.4,1,1,1,1,1,1.0,AWAY_WIN,2
2023-04-08 11:30:00+00:00,Manchester United,Everton,2.0,0.0,28,7.0,1.4,0.8,1.8,-1.0,2,1,2,0.4,0.2,0.4,29,6.0,1.2,1.2,1.8,-0.6,1,3,1,0.2,0.6,0.2,14,2.2,1.6,0.6,1.0,0.6,14,0.4,0.8,2.4,-1.6,0.0,1,3.0,2.0,1.0,1.0,0.19999999999999996,-0.3999999999999999,0.0,-0.4,1.8000000000000003,0.8,1.7999999999999998,1,1,1,1,1,1.0,HOME_WIN,0
2023-04-08 14:00:00+00:00,Aston Villa,Nottingham Forest,2.0,0.0,29,13.0,2.6,1.8,0.4,1.4,4,1,0,0.8,0.2,0.0,29,2.0,0.4,1.2,2.0,-0.8,0,2,3,0.0,0.4,0.6,14,1.8,2.0,1.8,0.2,0.6,14,0.2,0.6,2.4,-1.8,0.0,1,1.0,1.0,1.0,0.0,2.2,0.6000000000000001,1.6,2.2,1.6,1.4,0.5999999999999999,1,1,1,1,1,1.0,HOME_WIN,0
2023-04-08 14:00:00+00:00,Brentford,Newcastle,1.0,2.0,29,5.0,1.0,1.2,1.2,0.0,1,2,2,0.2,0.4,0.4,28,12.0,2.4,2.2,1.0,1.2,4,0,1,0.8,0.0,0.2,14,2.2,2.0,0.8,1.2,0.6,14,1.6,1.6,1.0,0.6,0.4,1,0.0,1.0,5.0,0.0,-1.4,-1.0000000000000002,-0.19999999999999996,-1.2,0.6000000000000001,0.3999999999999999,0.19999999999999996,1,1,1,1,1,1.0,AWAY_WIN,2
2023-04-08 14:00:00+00:00,Fulham,West Ham,0.0,1.0,28,4.0,0.8,1.0,1.8,-0.8,1,1,3,0.2,0.2,0.6,28,7.0,1.4,1.4,2.0,-0.6,2,1,2,0.4,0.2,0.4,14,1.4,1.0,1.2,-0.2,0.4,13,0.4,0.6,2.0,-1.4,0.0,1,0.0,1.0,3.0,0.0,-0.5999999999999999,-0.3999999999999999,0.19999999999999996,-0.20000000000000007,0.9999999999999999,0.4,0.8,1,1,1,1,1,1.0,AWAY_WIN,2
2023-04-08 14:00:00+00:00,Leicester,Bournemouth,0.0,1.0,29,1.0,0.2,0.8,1.8,-1.0,0,1,4,0.0,0.2,0.8,29,6.0,1.2,1.0,1.8,-0.8,2,0,3,0.4,0.0,0.6,14,0.8,1.6,1.8,-0.2,0.2,14,0.6,0.6,1.8,-1.2,0.2,1,0.0,1.0,2.0,0.0,-1.0,-0.19999999999999996,0.0,-0.19999999999999996,0.20000000000000007,1.0,0.0,1,1,1,1,1,1.0,AWAY_WIN,2
2023-04-08 14:00:00+00:00,Tottenham,Brighton,2.0,1.0,29,8.0,1.6,1.8,1.2,0.6,2,2,1,0.4,0.4,0.2,27,11.0,2.2,2.4,1.0,1.4,3,2,0,0.6,0.4,0.0,14,2.4,1.6,0.6,1.0,0.8,13,1.8,2.2,1.2,1.0,0.4,1,3.0,1.0,0.0,1.0,-0.6000000000000001,-0.5999999999999999,-0.19999999999999996,-0.7999999999999999,0.5999999999999999,-0.6000000000000001,0.6,1,1,1,1,1,1.0,HOME_WIN,0
2023-04-08 14:00:00+00:00,Wolves,Chelsea,1.0,0.0,29,4.0,0.8,1.0,1.8,-0.8,1,1,3,0.2,0.2,0.6,29,8.0,1.6,1.2,1.0,0.2,2,2,1,0.4,0.4,0.2,14,1.8,1.4,1.0,0.4,0.6,14,1.0,1.0,1.2,-0.2,0.2,1,0.0,0.0,3.0,0.0,-0.8,-0.19999999999999996,-0.8,-1.0,0.8,0.3999999999999999,0.19999999999999996,1,1,1,1,1,1.0,HOME_WIN,0
2023-04-08 16:30:00+00:00,Southampton,Manchester City,1.0,4.0,29,5.0,1.0,0.8,1.2,-0.4,1,2,2,0.2,0.4,0.4,28,13.0,2.6,2.4,0.6,1.8,4,1,0,0.8,0.2,0.0,14,0.8,1.0,1.6,-0.6,0.2,14,2.0,1.8,0.8,1.0,0.6,1,0.0,0.0,4.0,0.0,-1.6,-1.5999999999999999,-0.6,-2.2,-1.2,-0.8,-0.8,1,1,1,1,1,1.0,AWAY_WIN,2
2023-04-09 13:00:00+00:00,Leeds,Crystal Palace,1.0,5.0,29,7.0,1.4,1.8,2.0,-0.2,2,1,2,0.4,0.2,0.4,29,3.0,0.6,0.6,1.6,-1.0,1,0,4,0.2,0.0,0.8,14,1.6,1.0,1.0,0.0,0.4,14,0.2,0.6,1.8,-1.2,0.0,1,0.0,1.0,2.0,0.0,0.7999999999999999,1.2000000000000002,-0.3999999999999999,0.8,1.4000000000000001,0.4,0.8,1,1,1,1,1,1.0,AWAY_WIN,2
2023-04-09 15:30:00+00:00,Liverpool,Arsenal,2.0,2.0,28,7.0,1.4,2.0,1.0,1.0,2,1,2,0.4,0.2,0.4,29,15.0,3.0,3.6,0.8,2.8,5,0,0,1.0,0.0,0.0,13,2.6,2.6,0.2,2.4,0.8,14,2.4,2.0,0.6,1.4,0.8,1,0.0,2.0,3.0,0.0,-1.6,-1.6,-0.19999999999999996,-1.7999999999999998,0.20000000000000018,0.6000000000000001,0.39999999999999997,1,1,1,1,1,1.0,DRAW,1
2023-04-15 11:30:00+00:00,Aston Villa,Newcastle,3.0,0.0,30,13.0,2.6,2.0,0.4,1.6,4,1,0,0.8,0.2,0.0,29,15.0,3.0,2.6,0.8,1.8,5,0,0,1.0,0.0,0.0,15,1.8,2.0,1.6,0.4,0.6,15,2.0,2.0,1.2,0.8,0.6,1,0.0,0.0,4.0,0.0,-0.3999999999999999,-0.6000000000000001,0.4,-0.19999999999999996,-0.19999999999999996,0.0,-0.40000000000000013,1,1,1,1,1,1.0,HOME_WIN,0
2023-04-15 14:00:00+00:00,Chelsea,Brighton,1.0,2.0,30,5.0,1.0,1.0,1.2,-0.2,1,2,2,0.2,0.4,0.4,28,8.0,1.6,1.8,1.4,0.4,2,2,1,0.4,0.4,0.2,15,1.0,0.6,1.0,-0.4,0.2,14,1.2,1.6,1.4,0.2,0.2,1,0.0,1.0,4.0,0.0,-0.6000000000000001,-0.8,0.19999999999999996,-0.6000000000000001,-0.19999999999999996,-1.0,0.3999999999999999,1,1,1,1,1,1.0,AWAY_WIN,2
2023-04-15 14:00:00+00:00,Everton,Fulham,1.0,3.0,30,6.0,1.2,1.2,1.4,-0.2,1,3,1,0.2,0.6,0.2,29,1.0,0.2,0.8,2.0,-1.2,0,1,4,0.0,0.2,0.8,15,2.0,0.8,0.6,0.2,0.6,14,0.8,0.8,1.2,-0.4,0.2,1,1.0,0.0,0.0,0.0,1.0,0.3999999999999999,0.6000000000000001,1.0,1.2,0.0,0.6,1,1,1,1,1,1.0,AWAY_WIN,2
2023-04-15 14:00:00+00:00,Southampton,Crystal Palace,0.0,2.0,30,2.0,0.4,0.8,2.0,-1.2,0,2,3,0.0,0.4,0.6,30,6.0,1.2,1.6,1.6,0.0,2,0,3,0.4,0.0,0.6,15,0.8,1.2,2.2,-1.0,0.2,15,0.8,1.4,1.6,-0.2,0.2,1,0.0,0.0,1.0,0.0,-0.7999999999999999,-0.8,-0.3999999999999999,-1.2,0.0,-0.19999999999999996,-0.6000000000000001,1,1,1,1,1,1.0,AWAY_WIN,2
2023-04-15 14:00:00+00:00,Wolves,Brentford,2.0,0.0,30,7.0,1.4,1.2,1.4,-0.2,2,1,2,0.4,0.2,0.4,30,5.0,1.0,1.4,1.4,0.0,1,2,2,0.2,0.4,0.4,15,1.8,1.4,1.0,0.4,0.6,15,1.0,1.2,1.2,0.0,0.2,1,1.0,1.0,1.0,0.0,0.3999999999999999,-0.19999999999999996,0.0,-0.2,0.8,0.19999999999999996,0.19999999999999996,1,1,1,1,1,1.0,HOME_WIN,0
2023-04-15 14:15:00+00:00,Tottenham,Bournemouth,2.0,3.0,30,8.0,1.6,1.8,1.4,0.4,2,2,1,0.4,0.4,0.2,30,9.0,1.8,0.8,1.2,-0.4,3,0,2,0.6,0.0,0.4,15,3.0,2.0,0.4,1.6,1.0,15,1.2,0.8,1.4,-0.6,0.4,1,3.0,3.0,2.0,1.0,-0.19999999999999996,1.0,-0.19999999999999996,0.8,1.8,1.2,0.9999999999999999,1,1,1,1,1,1.0,AWAY_WIN,2
2023-04-15 16:30:00+00:00,Manchester City,Leicester,3.0,1.0,29,15.0,3.0,3.0,0.6,2.4,5,0,0,1.0,0.0,0.0,30,1.0,0.2,0.8,1.8,-1.0,0,1,4,0.0,0.2,0.8,14,3.0,3.2,0.8,2.4,1.0,15,0.8,1.2,1.8,-0.6,0.2,1,3.0,1.0,0.0,1.0,2.8,2.2,1.2000000000000002,3.4,2.2,2.0,1.0,1,1,1,1,1,1.0,HOME_WIN,0
2023-04-16 13:00:00+00:00,West Ham,Arsenal,2.0,2.0,29,7.0,1.4,0.8,2.0,-1.2,2,1,2,0.4,0.2,0.4,30,13.0,2.6,3.2,1.2,2.0,4,1,0,0.8,0.2,0.0,15,1.6,1.6,1.4,0.2,0.4,15,2.0,2.0,1.0,1.0,0.6,1,0.0,1.0,3.0,0.0,-1.2000000000000002,-2.4000000000000004,-0.8,-3.2,-0.3999999999999999,-0.3999999999999999,-0.3999999999999999,1,1,1,1,1,1.0,DRAW,1
2023-04-16 15:30:00+00:00,Nottingham Forest,Manchester United,0.0,2.0,30,1.0,0.2,0.8,2.0,-1.2,0,1,4,0.0,0.2,0.8,29,7.0,1.4,0.6,1.8,-1.2,2,1,2,0.4,0.2,0.4,15,1.2,1.2,1.2,0.0,0.2,14,0.8,1.0,2.6,-1.6,0.2,1,0.0,0.0,3.0,0.0,-1.2,0.20000000000000007,-0.19999999999999996,0.0,0.3999999999999999,0.19999999999999996,1.4000000000000001,1,1,1,1,1,1.0,AWAY_WIN,2
2023-04-17 19:00:00+00:00,Leeds,Liverpool,1.0,6.0,30,7.0,1.4,2.0,2.8,-0.8,2,1,2,0.4,0.2,0.4,29,5.0,1.0,2.0,1.4,0.6,1,2,2,0.2,0.4,0.4,15,1.4,1.2,2.0,-0.8,0.4,15,1.0,0.6,1.0,-0.4,0.2,1,3.0,2.0,1.0,1.0,0.3999999999999999,0.0,-1.4,-1.4,0.3999999999999999,0.6,-1.0,1,1,1,1,1,1.0,AWAY_WIN,2
2023-04-21 19:00:00+00:00,Arsenal,Southampton,3.0,3.0,31,11.0,2.2,3.0,1.2,1.8,3,2,0,0.6,0.4,0.0,31,1.0,0.2,0.8,2.4,-1.6,0,1,4,0.0,0.2,0.8,15,2.4,3.2,1.4,1.8,0.8,15,0.8,0.2,1.0,-0.8,0.2,1,1.0,1.0,1.0,0.0,2.0,2.2,1.2,3.4000000000000004,1.5999999999999999,3.0,-0.3999999999999999,1,1,1,1,1,1.0,DRAW,1
2023-04-22 11:30:00+00:00,Fulham,Leeds,2.0,1.0,30,3.0,0.6,1.2,2.0,-0.8,1,0,4,0.2,0.0,0.8,31,6.0,1.2,1.8,3.6,-1.8,2,0,3,0.4,0.0,0.6,15,0.8,0.6,1.2,-0.6,0.2,15,0.8,1.4,2.0,-0.6,0.2,1,3.0,3.0,2.0,1.0,-0.6,-0.6000000000000001,1.6,1.0,0.0,-0.7999999999999999,0.8,1,1,1,1,1,1.0,HOME_WIN,0
2023-04-22 14:00:00+00:00,Brentford,Aston Villa,1.0,1.0,31,2.0,0.4,1.0,1.8,-0.8,0,2,3,0.0,0.4,0.6,31,15.0,3.0,2.4,0.2,2.2,5,0,0,1.0,0.0,0.0,15,1.6,1.8,1.2,0.6,0.4,15,2.0,1.6,1.0,0.6,0.6,1,0.0,0.0,4.0,0.0,-2.6,-1.4,-1.6,-3.0,-0.3999999999999999,0.19999999999999996,-0.19999999999999996,1,1,1,1,1,1.0,DRAW,1
2023-04-22 14:00:00+00:00,Crystal Palace,Everton,0.0,0.0,31,9.0,1.8,2.0,1.4,0.6,3,0,2,0.6,0.0,0.4,31,5.0,1.0,1.0,1.6,-0.6,1,2,2,0.2,0.4,0.4,15,1.2,0.6,0.6,0.0,0.2,15,0.4,0.8,2.4,-1.6,0.0,1,0.0,0.0,3.0,0.0,0.8,1.0,0.20000000000000018,1.2,0.7999999999999999,-0.20000000000000007,1.7999999999999998,1,1,1,1,1,1.0,DRAW,1
2023-04-22 14:00:00+00:00,Leicester,Wolves,2.0,1.0,31,1.0,0.2,0.8,1.8,-1.0,0,1,4,0.0,0.2,0.8,31,7.0,1.4,1.4,1.4,0.0,2,1,2,0.4,0.2,0.4,15,0.6,1.2,1.6,-0.4,0.2,15,1.0,1.0,1.4,-0.4,0.2,1,3.0,4.0,0.0,1.0,-1.2,-0.5999999999999999,-0.40000000000000013,-1.0,-0.4,0.19999999999999996,-0.20000000000000018,1,1,1,1,1,1.0,HOME_WIN,0
2023-04-22 14:00:00+00:00,Liverpool,Nottingham Forest,3.0,2.0,30,5.0,1.0,1.8,1.6,0.2,1,2,2,0.2,0.4,0.4,31,1.0,0.2,0.6,1.8,-1.2,0,1,4,0.0,0.2,0.8,14,2.2,2.6,0.4,2.2,0.6,15,0.0,0.4,2.6,-2.2,0.0,1,0.0,0.0,1.0,0.0,0.8,1.2000000000000002,0.19999999999999996,1.4,2.2,2.2,2.2,1,1,1,1,1,1.0,HOME_WIN,0
2023-04-23 13:00:00+00:00,Bournemouth,West Ham,0.0,4.0,31,9.0,1.8,1.2,1.6,-0.4,3,0,2,0.6,0.0,0.4,30,8.0,1.6,1.2,1.6,-0.4,2,2,1,0.4,0.4,0.2,15,1.4,1.0,1.6,-0.6,0.4,14,0.8,0.4,1.6,-1.2,0.2,1,0.0,0.0,2.0,0.0,0.19999999999999996,0.0,0.0,0.0,0.5999999999999999,0.6,0.0,1,1,1,1,1,1.0,AWAY_WIN,2
2023-04-23 13:00:00+00:00,Newcastle,Tottenham,6.0,1.0,30,12.0,2.4,2.2,1.2,1.0,4,0,1,0.8,0.0,0.2,31,8.0,1.6,2.2,1.8,0.4,2,2,1,0.4,0.4,0.2,14,2.0,1.2,0.8,0.4,0.6,15,1.0,1.2,1.8,-0.6,0.2,1,3.0,2.0,1.0,1.0,0.7999999999999998,0.0,0.6000000000000001,0.6,1.0,0.0,1.0,1,1,1,1,1,1.0,HOME_WIN,0
2023-04-25 18:30:00+00:00,Wolves,Crystal Palace,2.0,0.0,32,7.0,1.4,1.4,1.4,0.0,2,1,2,0.4,0.2,0.4,32,10.0,2.0,2.0,1.2,0.8,3,1,1,0.6,0.2,0.2,16,1.8,1.2,1.0,0.2,0.6,16,1.2,1.6,1.4,0.2,0.4,1,0.0,1.0,2.0,0.0,-0.6000000000000001,-0.6000000000000001,-0.19999999999999996,-0.8,0.6000000000000001,-0.40000000000000013,0.3999999999999999,1,1,1,1,1,1.0,HOME_WIN,0
2023-04-25 18:45:00+00:00,Aston Villa,Fulham,1.0,0.0,32,13.0,2.6,2.0,0.4,1.6,4,1,0,0.8,0.2,0.0,31,6.0,1.2,1.2,1.6,-0.4,2,0,3,0.4,0.0,0.6,16,2.4,2.2,0.8,1.4,0.8,15,1.4,1.4,1.2,0.2,0.4,1,0.0,0.0,3.0,0.0,1.4000000000000001,0.8,1.2000000000000002,2.0,1.0,0.8000000000000003,0.3999999999999999,1,1,1,1,1,1.0,HOME_WIN,0
2023-04-25 19:00:00+00:00,Leeds,Leicester,1.0,1.0,32,3.0,0.6,1.2,3.6,-2.4,1,0,4,0.2,0.0,0.8,32,3.0,0.6,1.0,1.8,-0.8,1,0,4,0.2,0.0,0.8,16,1.4,1.4,2.8,-1.4,0.4,16,0.2,0.6,2.0,-1.4,0.0,1,0.0,0.0,2.0,0.0,0.0,0.19999999999999996,-1.8,-1.5999999999999999,1.2,0.7999999999999999,-0.7999999999999998,1,1,1,1,1,1.0,DRAW,1
2023-04-26 18:30:00+00:00,Nottingham Forest,Brighton,3.0,1.0,32,1.0,0.2,0.8,2.0,-1.2,0,1,4,0.0,0.2,0.8,29,10.0,2.0,1.8,1.2,0.6,3,1,1,0.6,0.2,0.2,16,0.6,1.0,1.6,-0.6,0.0,15,1.6,1.6,1.2,0.4,0.4,1,1.0,0.0,0.0,0.0,-1.8,-1.0,-0.8,-1.7999999999999998,-1.0,-0.6000000000000001,-0.40000000000000013,1,1,1,1,1,1.0,HOME_WIN,0
2023-04-26 18:45:00+00:00,Chelsea,Brentford,0.0,2.0,31,2.0,0.4,0.6,1.4,-0.8,0,2,3,0.0,0.4,0.6,32,2.0,0.4,1.0,1.8,-0.8,0,2,3,0.0,0.4,0.6,16,1.0,0.8,1.2,-0.4,0.2,16,0.8,1.0,1.4,-0.4,0.2,1,1.0,0.0,0.0,0.0,0.0,-0.4,0.40000000000000013,0.0,0.19999999999999996,-0.19999999999999996,0.19999999999999996,1,1,1,1,1,1.0,AWAY_WIN,2
2023-04-26 18:45:00+00:00,West Ham,Liverpool,1.0,2.0,31,10.0,2.0,1.8,1.4,0.4,3,1,1,0.6,0.2,0.2,31,8.0,1.6,2.4,1.8,0.6,2,2,1,0.4,0.4,0.2,16,1.6,1.8,1.6,0.2,0.4,16,1.0,1.4,1.2,0.2,0.2,1,0.0,0.0,1.0,0.0,0.3999999999999999,-0.5999999999999999,0.40000000000000013,-0.19999999999999996,0.6000000000000001,0.40000000000000013,-0.40000000000000013,1,1,1,1,1,1.0,AWAY_WIN,2
2023-04-26 19:00:00+00:00,Manchester City,Arsenal,4.0,1.0,30,15.0,3.0,2.8,0.6,2.2,5,0,0,1.0,0.0,0.0,32,9.0,1.8,3.0,1.8,1.2,2,3,0,0.4,0.6,0.0,15,3.0,3.0,0.6,2.4,1.0,16,2.2,2.4,1.2,1.2,0.6,1,3.0,3.0,1.0,1.0,1.2,-0.20000000000000018,1.2000000000000002,1.0000000000000002,0.7999999999999998,0.6000000000000001,0.6,1,1,1,1,1,1.0,HOME_WIN,0
2023-04-27 18:45:00+00:00,Everton,Newcastle,1.0,4.0,32,3.0,0.6,0.8,1.6,-0.8,0,3,2,0.0,0.6,0.4,31,12.0,2.4,3.0,1.2,1.8,4,0,1,0.8,0.0,0.2,16,1.4,0.8,1.2,-0.4,0.4,16,1.8,1.8,1.6,0.2,0.6,1,0.0,0.0,1.0,0.0,-1.7999999999999998,-2.2,-0.40000000000000013,-2.6,-0.40000000000000013,-1.0,0.40000000000000013,1,1,1,1,1,1.0,AWAY_WIN,2
2023-04-27 18:45:00+00:00,Southampton,Bournemouth,0.0,1.0,32,2.0,0.4,1.4,2.6,-1.2,0,2,3,0.0,0.4,0.6,32,9.0,1.8,1.2,1.8,-0.6,3,0,2,0.6,0.0,0.4,16,0.8,1.0,2.2,-1.2,0.2,16,1.8,1.4,1.6,-0.2,0.6,1,3.0,1.0,0.0,1.0,-1.4,0.19999999999999996,-0.8,-0.6,-1.0,-0.3999999999999999,-0.6000000000000001,1,1,1,1,1,1.0,AWAY_WIN,2
2023-04-27 19:15:00+00:00,Tottenham,Manchester United,2.0,2.0,32,5.0,1.0,1.8,2.8,-1.0,1,2,2,0.2,0.4,0.4,30,10.0,2.0,1.0,0.4,0.6,3,1,1,0.6,0.2,0.2,16,2.4,2.2,1.0,1.2,0.8,15,1.2,1.2,2.4,-1.2,0.4,1,0.0,0.0,2.0,0.0,-1.0,0.8,-2.4,-1.6,1.2,1.0000000000000002,1.4,1,1,1,1,1,1.0,DRAW,1
2023-04-29 11:30:00+00:00,Crystal Palace,West Ham,4.0,3.0,33,10.0,2.0,1.8,0.8,1.0,3,1,1,0.6,0.2,0.2,32,7.0,1.4,1.8,1.8,0.0,2,1,2,0.4,0.2,0.4,16,1.2,0.6,0.6,0.0,0.2,15,1.4,1.2,1.4,-0.2,0.4,1,3.0,2.0,1.0,1.0,0.6000000000000001,0.0,1.0,1.0,-0.19999999999999996,-0.6,0.7999999999999999,1,1,1,1,1,1.0,HOME_WIN,0
2023-04-29 14:00:00+00:00,Brentford,Nottingham Forest,2.0,1.0,33,4.0,0.8,0.8,1.2,-0.4,1,1,3,0.2,0.2,0.6,33,3.0,0.6,1.2,2.0,-0.8,1,0,4,0.2,0.0,0.8,16,1.2,1.4,1.4,0.0,0.2,16,0.0,0.8,2.8,-2.0,0.0,1,1.0,2.0,2.0,0.0,0.20000000000000007,-0.3999999999999999,0.8,0.4,1.2,0.5999999999999999,1.4,1,1,1,1,1,1.0,HOME_WIN,0
2023-04-29 14:00:00+00:00,Brighton,Wolves,6.0,0.0,30,7.0,1.4,1.8,1.8,0.0,2,1,2,0.4,0.2,0.4,33,10.0,2.0,1.4,0.6,0.8,3,1,1,0.6,0.2,0.2,14,2.0,1.8,0.8,1.0,0.6,16,0.4,0.8,1.6,-0.8,0.0,1,3.0,3.0,2.0,1.0,-0.6000000000000001,0.40000000000000013,-1.2000000000000002,-0.8,1.6,1.0,0.8,1,1,1,1,1,1.0,HOME_WIN,0
2023-04-30 13:00:00+00:00,Newcastle,Southampton,3.0,1.0,32,12.0,2.4,3.4,1.4,2.0,4,0,1,0.8,0.0,0.2,33,1.0,0.2,0.8,2.2,-1.4,0,1,4,0.0,0.2,0.8,15,2.0,2.2,1.0,1.2,0.6,16,1.0,0.8,1.0,-0.2,0.2,1,3.0,4.0,1.0,1.0,2.1999999999999997,2.5999999999999996,0.8000000000000003,3.4,1.0,1.4000000000000001,0.0,1,1,1,1,1,1.0,HOME_WIN,0
2023-04-30 13:00:00+00:00,Manchester United,Aston Villa,1.0,0.0,31,10.0,2.0,1.4,0.8,0.6,3,1,1,0.6,0.2,0.2,33,13.0,2.6,1.8,0.4,1.4,4,1,0,0.8,0.2,0.0,15,2.2,1.6,0.4,1.2,0.6,16,2.2,1.6,0.6,1.0,0.6,1,0.0,1.0,3.0,0.0,-0.6000000000000001,-0.40000000000000013,-0.4,-0.7999999999999999,0.0,0.0,0.19999999999999996,1,1,1,1,1,1.0,HOME_WIN,0
2023-04-30 13:00:00+00:00,Bournemouth,Leeds,4.0,1.0,33,9.0,1.8,1.0,1.6,-0.6,3,0,2,0.6,0.0,0.4,33,4.0,0.8,1.2,3.0,-1.8,1,1,3,0.2,0.2,0.6,16,1.2,0.8,2.2,-1.4,0.4,16,0.6,1.2,2.0,-0.8,0.2,1,0.0,3.0,4.0,0.0,1.0,-0.19999999999999996,1.4,1.2000000000000002,0.6,-0.3999999999999999,-0.20000000000000018,1,1,1,1,1,1.0,HOME_WIN,0
2023-04-30 13:00:00+00:00,Fulham,Manchester City,1.0,2.0,32,6.0,1.2,1.2,1.2,0.0,2,0,3,0.4,0.0,0.6,31,15.0,3.0,3.2,0.8,2.4,5,0,0,1.0,0.0,0.0,16,1.4,1.0,1.2,-0.2,0.4,15,2.6,2.6,0.8,1.8,0.8,1,0.0,1.0,2.0,0.0,-1.8,-2.0,-0.3999999999999999,-2.4,-1.2000000000000002,-1.6,-0.3999999999999999,1,1,1,1,1,1.0,AWAY_WIN,2
2023-04-30 15:30:00+00:00,Liverpool,Tottenham,4.0,3.0,32,11.0,2.2,2.6,1.2,1.4,3,2,0,0.6,0.4,0.0,33,5.0,1.0,1.6,2.6,-1.0,1,2,2,0.2,0.4,0.4,15,2.6,3.2,0.8,2.4,0.8,16,0.4,1.2,3.0,-1.8,0.0,1,3.0,2.0,1.0,1.0,1.2000000000000002,1.0,1.4000000000000001,2.4,2.2,2.0,2.2,1,1,1,1,1,1.0,HOME_WIN,0
2023-05-01 19:00:00+00:00,Leicester,Everton,2.0,2.0,33,4.0,0.8,1.0,1.6,-0.6,1,1,3,0.2,0.2,0.6,33,2.0,0.4,0.6,2.0,-1.4,0,2,3,0.0,0.4,0.6,16,0.6,0.8,1.6,-0.8,0.2,16,0.6,0.8,2.0,-1.2,0.0,1,3.0,2.0,0.0,1.0,0.4,0.4,0.3999999999999999,0.7999999999999999,0.0,0.0,0.3999999999999999,1,1,1,1,1,1.0,DRAW,1
2023-05-02 19:00:00+00:00,Arsenal,Chelsea,3.0,1.0,33,6.0,1.2,2.4,2.4,0.0,1,3,1,0.2,0.6,0.2,32,1.0,0.2,0.2,1.4,-1.2,0,1,4,0.0,0.2,0.8,16,2.6,3.6,1.4,2.2,0.8,15,1.0,0.8,1.0,-0.2,0.2,1,3.0,1.0,0.0,1.0,1.0,2.1999999999999997,-1.0,1.2,1.6,2.8,-0.3999999999999999,1,1,1,1,1,1.0,HOME_WIN,0
2023-05-03 19:00:00+00:00,Liverpool,Fulham,1.0,0.0,33,13.0,2.6,3.4,1.8,1.6,4,1,0,0.8,0.2,0.0,33,6.0,1.2,1.2,1.2,0.0,2,0,3,0.4,0.0,0.6,16,2.6,3.6,1.4,2.2,0.8,16,1.2,1.4,1.4,0.0,0.4,1,1.0,2.0,2.0,0.0,1.4000000000000001,2.2,-0.6000000000000001,1.6,1.4000000000000001,2.2,0.0,1,1,1,1,1,1.0,HOME_WIN,0
2023-05-03 19:00:00+00:00,Manchester City,West Ham,3.0,0.0,32,15.0,3.0,3.4,1.0,2.4,5,0,0,1.0,0.0,0.0,33,7.0,1.4,2.2,1.6,0.6,2,1,2,0.4,0.2,0.4,16,3.0,3.2,0.8,2.4,1.0,16,1.2,1.6,2.0,-0.4,0.4,1,3.0,2.0,0.0,1.0,1.6,1.1999999999999997,0.6000000000000001,1.7999999999999998,1.8,1.6,1.2,1,1,1,1,1,1.0,HOME_WIN,0
2023-05-04 19:00:00+00:00,Brighton,Manchester United,1.0,0.0,31,9.0,1.8,2.4,1.2,1.2,3,0,2,0.6,0.0,0.4,32,13.0,2.6,1.6,0.4,1.2,4,1,0,0.8,0.2,0.0,15,2.0,2.8,0.8,2.0,0.6,16,1.4,1.2,2.2,-1.0,0.4,1,3.0,2.0,1.0,1.0,-0.8,0.7999999999999998,-0.7999999999999999,0.0,0.6000000000000001,1.5999999999999999,1.4000000000000001,1,1,1,1,1,1.0,HOME_WIN,0
2023-05-06 14:00:00+00:00,Bournemouth,Chelsea,1.0,3.0,34,12.0,2.4,1.8,1.4,0.4,4,0,1,0.8,0.0,0.2,33,1.0,0.2,0.4,1.6,-1.2,0,1,4,0.0,0.2,0.8,17,1.8,1.4,1.6,-0.2,0.6,16,0.8,1.0,1.6,-0.6,0.2,1,0.0,0.0,2.0,0.0,2.1999999999999997,1.4,0.20000000000000018,1.6,1.0,0.3999999999999999,0.0,1,1,1,1,1,1.0,AWAY_WIN,2
2023-05-06 14:00:00+00:00,Manchester City,Leeds,2.0,1.0,33,15.0,3.0,3.2,0.8,2.4,5,0,0,1.0,0.0,0.0,34,1.0,0.2,1.0,3.6,-2.6,0,1,4,0.0,0.2,0.8,17,3.0,3.2,0.6,2.6,1.0,17,0.6,1.4,2.6,-1.2,0.2,1,3.0,3.0,1.0,1.0,2.8,2.2,2.8,5.0,2.4,1.8000000000000003,2.0,1,1,1,1,1,1.0,HOME_WIN,0
2023-05-06 14:00:00+00:00,Tottenham,Crystal Palace,1.0,0.0,34,4.0,0.8,2.0,3.2,-1.2,1,1,3,0.2,0.2,0.6,34,10.0,2.0,2.2,1.2,1.0,3,1,1,0.6,0.2,0.2,17,2.0,2.2,1.4,0.8,0.6,17,1.2,1.6,1.6,0.0,0.4,1,3.0,4.0,0.0,1.0,-1.2,-0.20000000000000018,-2.0,-2.2,0.8,0.6000000000000001,0.20000000000000018,1,1,1,1,1,1.0,HOME_WIN,0
2023-05-06 14:00:00+00:00,Wolves,Aston Villa,1.0,0.0,34,9.0,1.8,1.2,1.6,-0.4,3,0,2,0.6,0.0,0.4,34,10.0,2.0,1.4,0.4,1.0,3,1,1,0.6,0.2,0.2,17,2.4,1.6,0.8,0.8,0.8,17,1.6,1.2,0.8,0.4,0.4,1,1.0,1.0,1.0,0.0,-0.19999999999999996,-0.19999999999999996,-1.2000000000000002,-1.4,0.7999999999999998,0.40000000000000013,0.0,1,1,1,1,1,1.0,HOME_WIN,0
2023-05-06 16:30:00+00:00,Liverpool,Brentford,1.0,0.0,34,15.0,3.0,3.2,1.4,1.8,5,0,0,1.0,0.0,0.0,34,7.0,1.4,1.2,1.2,0.0,2,1,2,0.4,0.2,0.4,17,2.6,3.4,1.4,2.0,0.8,17,1.4,1.4,1.2,0.2,0.4,1,0.0,1.0,3.0,0.0,1.6,2.0,-0.19999999999999996,1.8,1.2000000000000002,2.0,-0.19999999999999996,1,1,1,1,1,1.0,HOME_WIN,0
2023-05-07 15:30:00+00:00,Newcastle,Arsenal,0.0,2.0,33,12.0,2.4,3.0,1.4,1.6,4,0,1,0.8,0.0,0.2,34,6.0,1.2,2.2,2.4,-0.2,1,3,1,0.2,0.6,0.2,16,2.4,2.6,1.0,1.6,0.8,17,1.6,1.8,1.6,0.2,0.4,1,1.0,0.0,0.0,0.0,1.2,0.7999999999999998,1.0,1.8,0.7999999999999998,0.8,0.6000000000000001,1,1,1,1,1,1.0,AWAY_WIN,2
2023-05-07 18:00:00+00:00,West Ham,Manchester United,1.0,0.0,34,4.0,0.8,2.0,2.2,-0.2,1,1,3,0.2,0.2,0.6,33,10.0,2.0,1.4,0.6,0.8,3,1,1,0.6,0.2,0.2,17,1.0,1.2,2.0,-0.8,0.2,17,0.8,0.8,2.4,-1.6,0.2,1,0.0,0.0,1.0,0.0,-1.2,0.6000000000000001,-1.6,-1.0,0.19999999999999996,0.3999999999999999,0.3999999999999999,1,1,1,1,1,1.0,HOME_WIN,0
2023-05-08 14:00:00+00:00,Fulham,Leicester,5.0,3.0,34,6.0,1.2,1.2,1.2,0.0,2,0,3,0.4,0.0,0.6,34,5.0,1.0,1.2,1.6,-0.4,1,2,2,0.2,0.4,0.4,17,0.8,0.8,1.6,-0.8,0.2,17,0.4,0.8,1.6,-0.8,0.0,1,3.0,1.0,0.0,1.0,0.19999999999999996,0.0,0.40000000000000013,0.4,0.4,0.0,0.0,1,1,1,1,1,1.0,HOME_WIN,0
2023-05-08 16:30:00+00:00,Brighton,Everton,1.0,5.0,32,9.0,1.8,2.2,1.2,1.0,3,0,2,0.6,0.0,0.4,34,2.0,0.4,0.8,2.2,-1.4,0,2,3,0.0,0.4,0.6,16,2.6,3.0,0.6,2.4,0.8,17,0.8,1.2,1.6,-0.4,0.0,1,3.0,4.0,1.0,1.0,1.4,1.4000000000000001,1.0000000000000002,2.4,1.8,1.8,1.0,1,1,1,1,1,1.0,AWAY_WIN,2
2023-05-08 19:00:00+00:00,Nottingham Forest,Southampton,4.0,3.0,34,3.0,0.6,1.2,2.0,-0.8,1,0,4,0.2,0.0,0.8,34,1.0,0.2,1.0,2.6,-1.6,0,1,4,0.0,0.2,0.8,17,1.0,1.4,1.6,-0.2,0.2,17,0.4,0.8,1.6,-0.8,0.0,1,3.0,1.0,0.0,1.0,0.39999999999999997,0.19999999999999996,0.6000000000000001,0.8,0.6,0.5999999999999999,0.0,1,1,1,1,1,1.0,HOME_WIN,0
2023-05-13 11:30:00+00:00,Leeds,Newcastle,2.0,2.0,35,1.0,0.2,1.0,3.0,-2.0,0,1,4,0.0,0.2,0.8,34,9.0,1.8,2.6,1.6,1.0,3,0,2,0.6,0.0,0.4,17,1.0,1.4,3.0,-1.6,0.2,17,2.4,2.6,1.4,1.2,0.8,1,1.0,0.0,0.0,0.0,-1.6,-1.6,-1.4,-3.0,-1.4,-1.2000000000000002,-1.6,1,1,1,1,1,1.0,DRAW,1
2023-05-13 14:00:00+00:00,Aston Villa,Tottenham,2.0,1.0,35,7.0,1.4,1.0,0.6,0.4,2,1,2,0.4,0.2,0.4,35,4.0,0.8,1.8,3.0,-1.2,1,1,3,0.2,0.2,0.6,17,3.0,2.0,0.0,2.0,1.0,17,0.4,1.6,3.0,-1.4,0.0,1,3.0,2.0,0.0,1.0,0.5999999999999999,-0.8,2.4,1.6,2.6,0.3999999999999999,3.0,1,1,1,1,1,1.0,HOME_WIN,0
2023-05-13 14:00:00+00:00,Chelsea,Nottingham Forest,2.0,2.0,34,3.0,0.6,1.0,1.8,-0.8,1,0,4,0.2,0.0,0.8,35,6.0,1.2,2.0,2.2,-0.2,2,0,3,0.4,0.0,0.6,17,0.4,0.6,1.6,-1.0,0.0,17,0.0,1.0,2.4,-1.4,0.0,1,1.0,1.0,1.0,0.0,-0.6,-1.0,0.40000000000000013,-0.6000000000000001,0.4,-0.4,0.7999999999999998,1,1,1,1,1,1.0,DRAW,1
2023-05-13 14:00:00+00:00,Crystal Palace,Bournemouth,2.0,0.0,35,7.0,1.4,1.2,1.2,0.0,2,1,2,0.4,0.2,0.4,35,9.0,1.8,1.8,2.0,-0.2,3,0,2,0.6,0.0,0.4,17,1.6,1.2,1.0,0.2,0.4,17,1.8,1.4,1.6,-0.2,0.6,1,3.0,2.0,0.0,1.0,-0.40000000000000013,-0.6000000000000001,0.8,0.2,-0.19999999999999996,-0.19999999999999996,0.6000000000000001,1,1,1,1,1,1.0,HOME_WIN,0
2023-05-13 14:00:00+00:00,Manchester United,Wolves,2.0,0.0,34,7.0,1.4,1.0,0.8,0.2,2,1,2,0.4,0.2,0.4,35,9.0,1.8,1.2,1.6,-0.4,3,0,2,0.6,0.0,0.4,16,2.6,1.4,0.0,1.4,0.8,17,0.2,0.6,2.6,-2.0,0.0,1,3.0,1.0,0.0,1.0,-0.40000000000000013,-0.19999999999999996,0.8,0.6000000000000001,2.4,0.7999999999999999,2.6,1,1,1,1,1,1.0,HOME_WIN,0
2023-05-13 14:00:00+00:00,Southampton,Fulham,0.0,2.0,35,1.0,0.2,1.4,2.6,-1.2,0,1,4,0.0,0.2,0.8,35,6.0,1.2,1.6,1.6,0.0,2,0,3,0.4,0.0,0.6,17,0.2,0.8,2.4,-1.6,0.0,17,0.6,1.2,1.6,-0.4,0.2,1,0.0,1.0,2.0,0.0,-1.0,-0.20000000000000018,-1.0,-1.2,-0.39999999999999997,-0.3999999999999999,-0.7999999999999998,1,1,1,1,1,1.0,AWAY_WIN,2
2023-05-14 13:00:00+00:00,Brentford,West Ham,2.0,0.0,35,7.0,1.4,1.0,1.0,0.0,2,1,2,0.4,0.2,0.4,35,6.0,1.2,1.8,1.8,0.0,2,0,3,0.4,0.0,0.6,17,1.6,1.6,1.4,0.2,0.4,17,1.2,1.6,2.2,-0.6,0.4,1,3.0,2.0,0.0,1.0,0.19999999999999996,-0.8,0.8,0.0,0.40000000000000013,0.0,0.8000000000000003,1,1,1,1,1,1.0,HOME_WIN,0
2023-05-14 13:00:00+00:00,Everton,Manchester City,0.0,3.0,35,5.0,1.0,1.8,2.0,-0.2,1,2,2,0.2,0.4,0.4,34,15.0,3.0,2.8,0.8,2.0,5,0,0,1.0,0.0,0.0,17,0.8,0.8,2.0,-1.2,0.2,16,2.6,2.4,0.8,1.6,0.8,1,1.0,1.0,1.0,0.0,-2.0,-0.9999999999999998,-1.2,-2.2,-1.8,-1.5999999999999999,-1.2,1,1,1,1,1,1.0,AWAY_WIN,2
2023-05-14 15:30:00+00:00,Arsenal,Brighton,0.0,3.0,35,8.0,1.6,2.2,2.0,0.2,2,2,1,0.4,0.4,0.2,33,9.0,1.8,2.2,1.8,0.4,3,0,2,0.6,0.0,0.4,17,2.6,3.4,1.6,1.8,0.8,16,1.4,1.6,1.6,0.0,0.4,1,3.0,4.0,2.0,1.0,-0.19999999999999996,0.0,-0.19999999999999996,-0.2,1.2000000000000002,1.7999999999999998,0.0,1,1,1,1,1,1.0,AWAY_WIN,2
2023-05-15 19:00:00+00:00,Leicester,Liverpool,0.0,3.0,35,5.0,1.0,1.8,2.4,-0.6,1,2,2,0.2,0.4,0.4,35,15.0,3.0,2.2,1.2,1.0,5,0,0,1.0,0.0,0.0,17,0.8,1.2,1.8,-0.6,0.2,17,1.4,1.8,1.4,0.4,0.4,1,0.0,1.0,2.0,0.0,-2.0,-0.40000000000000013,-1.2,-1.6,-0.5999999999999999,-0.6000000000000001,-0.40000000000000013,1,1,1,1,1,1.0,AWAY_WIN,2
2023-05-18 18:30:00+00:00,Newcastle,Brighton,4.0,1.0,35,10.0,2.0,3.0,1.4,1.6,3,1,1,0.6,0.2,0.2,34,9.0,1.8,2.4,1.6,0.8,3,0,2,0.6,0.0,0.4,17,2.4,2.6,1.0,1.6,0.8,17,1.8,1.8,1.2,0.6,0.6,1,1.0,0.0,0.0,0.0,0.19999999999999996,0.6000000000000001,0.20000000000000018,0.8,0.5999999999999999,0.8,0.19999999999999996,1,1,1,1,1,1.0,HOME_WIN,0
2023-05-20 11:30:00+00:00,Tottenham,Brentford,1.0,3.0,36,4.0,0.8,1.6,2.8,-1.2,1,1,3,0.2,0.2,0.6,36,10.0,2.0,1.4,0.6,0.8,3,1,1,0.6,0.2,0.2,18,2.0,2.0,1.4,0.6,0.6,18,0.8,1.0,1.4,-0.4,0.2,1,1.0,2.0,2.0,0.0,-1.2,0.20000000000000018,-2.1999999999999997,-2.0,1.2,1.0,0.0,1,1,1,1,1,1.0,AWAY_WIN,2
2023-05-20 14:00:00+00:00,Bournemouth,Manchester United,0.0,1.0,36,6.0,1.2,1.2,2.0,-0.8,2,0,3,0.4,0.0,0.6,35,7.0,1.4,1.0,0.8,0.2,2,1,2,0.4,0.2,0.4,18,1.2,1.4,2.2,-0.8,0.4,18,0.8,0.8,1.2,-0.4,0.2,1,0.0,0.0,3.0,0.0,-0.19999999999999996,0.19999999999999996,-1.2,-1.0,0.3999999999999999,0.5999999999999999,-1.0000000000000002,1,1,1,1,1,1.0,AWAY_WIN,2
2023-05-20 14:00:00+00:00,Fulham,Crystal Palace,2.0,2.0,36,6.0,1.2,1.6,1.4,0.2,2,0,3,0.4,0.0,0.6,36,7.0,1.4,1.2,1.2,0.0,2,1,2,0.4,0.2,0.4,18,1.2,1.6,2.0,-0.4,0.4,18,1.2,1.6,1.6,0.0,0.4,1,3.0,3.0,0.0,1.0,-0.19999999999999996,0.40000000000000013,-0.19999999999999996,0.2,0.0,0.0,-0.3999999999999999,1,1,1,1,1,1.0,DRAW,1
2023-05-20 14:00:00+00:00,Liverpool,Aston Villa,1.0,1.0,36,15.0,3.0,2.2,0.8,1.4,5,0,0,1.0,0.0,0.0,36,7.0,1.4,0.8,0.8,0.0,2,1,2,0.4,0.2,0.4,18,2.6,2.2,1.4,0.8,0.8,18,1.4,1.0,0.8,0.2,0.4,1,3.0,3.0,1.0,1.0,1.6,1.4000000000000001,0.0,1.4,1.2000000000000002,1.2000000000000002,-0.5999999999999999,1,1,1,1,1,1.0,DRAW,1
2023-05-20 14:00:00+00:00,Wolves,Everton,1.0,1.0,36,6.0,1.2,0.8,2.0,-1.2,2,0,3,0.4,0.0,0.6,36,5.0,1.0,1.6,2.0,-0.4,1,2,2,0.2,0.4,0.4,18,2.4,1.6,0.8,0.8,0.8,18,1.2,1.8,1.4,0.4,0.2,1,3.0,2.0,1.0,1.0,0.19999999999999996,-0.8,0.0,-0.7999999999999999,1.2,-0.19999999999999996,0.5999999999999999,1,1,1,1,1,1.0,DRAW,1
2023-05-20 16:30:00+00:00,Nottingham Forest,Arsenal,1.0,0.0,36,7.0,1.4,2.4,2.2,0.2,2,1,2,0.4,0.2,0.4,36,7.0,1.4,1.8,2.2,-0.4,2,1,2,0.4,0.2,0.4,18,1.4,1.8,1.8,0.0,0.4,18,1.6,2.0,1.6,0.4,0.4,1,0.0,0.0,5.0,0.0,0.0,0.5999999999999999,0.0,0.6000000000000001,-0.20000000000000018,-0.19999999999999996,-0.19999999999999996,1,1,1,1,1,1.0,HOME_WIN,0
2023-05-21 12:30:00+00:00,West Ham,Leeds,3.0,1.0,36,3.0,0.6,1.0,2.2,-1.2,1,0,4,0.2,0.0,0.8,36,2.0,0.4,1.2,2.2,-1.0,0,2,3,0.0,0.4,0.6,18,1.4,1.2,1.8,-0.6,0.4,18,0.6,1.6,2.8,-1.2,0.2,1,1.0,2.0,2.0,0.0,0.19999999999999996,-0.19999999999999996,0.0,-0.19999999999999996,0.7999999999999999,-0.40000000000000013,0.9999999999999998,1,1,1,1,1,1.0,HOME_WIN,0
2023-05-21 13:00:00+00:00,Brighton,Southampton,3.0,1.0,35,9.0,1.8,2.4,1.8,0.6,3,0,2,0.6,0.0,0.4,36,1.0,0.2,1.4,2.6,-1.2,0,1,4,0.0,0.2,0.8,17,2.0,2.4,1.6,0.8,0.6,18,0.4,1.4,2.2,-0.8,0.0,1,3.0,3.0,1.0,1.0,1.6,1.0,0.8,1.7999999999999998,1.6,1.0,0.6000000000000001,1,1,1,1,1,1.0,HOME_WIN,0
2023-05-21 15:00:00+00:00,Manchester City,Chelsea,1.0,0.0,35,15.0,3.0,2.8,0.6,2.2,5,0,0,1.0,0.0,0.0,35,4.0,0.8,1.4,2.0,-0.6,1,1,3,0.2,0.2,0.6,18,3.0,3.2,0.8,2.4,1.0,17,1.2,1.4,1.6,-0.2,0.4,1,3.0,1.0,0.0,1.0,2.2,1.4,1.4,2.8000000000000003,1.8,1.8000000000000003,0.8,1,1,1,1,1,1.0,HOME_WIN,0
2023-05-22 19:00:00+00:00,Newcastle,Leicester,0.0,0.0,36,10.0,2.0,2.6,1.4,1.2,3,1,1,0.6,0.2,0.2,36,5.0,1.0,1.6,2.4,-0.8,1,2,2,0.2,0.4,0.4,18,2.4,3.0,1.0,2.0,0.8,18,0.4,1.4,2.4,-1.0,0.0,1,3.0,3.0,0.0,1.0,1.0,1.0,1.0,2.0,2.0,1.6,1.4,1,1,1,1,1,1.0,DRAW,1
2023-05-24 19:00:00+00:00,Brighton,Manchester City,1.0,1.0,36,9.0,1.8,1.8,2.0,-0.2,3,0,2,0.6,0.0,0.4,36,15.0,3.0,2.2,0.4,1.8,5,0,0,1.0,0.0,0.0,18,2.0,2.8,1.8,1.0,0.6,17,3.0,2.8,0.6,2.2,1.0,1,0.0,1.0,3.0,0.0,-1.2,-0.40000000000000013,-1.6,-2.0,-1.0,0.0,-1.2000000000000002,1,1,1,1,1,1.0,DRAW,1
2023-05-25 19:00:00+00:00,Manchester United,Chelsea,4.0,1.0,36,9.0,1.8,0.8,0.4,0.4,3,0,2,0.6,0.0,0.4,36,4.0,0.8,1.2,1.8,-0.6,1,1,3,0.2,0.2,0.6,17,2.6,1.2,0.0,1.2,0.8,18,1.2,1.4,1.4,0.0,0.4,1,1.0,1.0,1.0,0.0,1.0,-0.3999999999999999,1.4,1.0,1.4000000000000001,-0.19999999999999996,1.4,1,1,1,1,1,1.0,HOME_WIN,0
2023-05-28 15:30:00+00:00,Southampton,Liverpool,4.0,4.0,37,0.0,0.0,1.0,2.6,-1.6,0,0,5,0.0,0.0,1.0,37,13.0,2.6,2.0,0.8,1.2,4,1,0,0.8,0.2,0.0,18,0.2,0.8,2.4,-1.6,0.0,18,2.0,2.4,1.2,1.2,0.6,1,0.0,1.0,3.0,0.0,-2.6,-1.0,-1.8,-2.8,-1.8,-1.5999999999999999,-1.2,1,1,1,1,1,1.0,DRAW,1
2023-05-28 15:30:00+00:00,Manchester United,Fulham,2.0,1.0,37,9.0,1.8,1.4,0.6,0.8,3,0,2,0.6,0.0,0.4,37,7.0,1.4,2.0,1.6,0.4,2,1,2,0.4,0.2,0.4,18,3.0,2.0,0.2,1.8,1.0,18,1.2,1.2,1.0,0.2,0.4,1,3.0,2.0,1.0,1.0,0.40000000000000013,-0.6000000000000001,1.0,0.4,1.8,0.8,0.8,1,1,1,1,1,1.0,HOME_WIN,0
2023-05-28 15:30:00+00:00,Leicester,West Ham,2.0,1.0,37,3.0,0.6,1.2,2.2,-1.0,0,3,2,0.0,0.6,0.4,37,6.0,1.2,1.4,2.0,-0.6,2,0,3,0.4,0.0,0.6,18,0.8,1.0,1.8,-0.8,0.2,18,1.2,1.6,1.8,-0.2,0.4,1,3.0,2.0,0.0,1.0,-0.6,-0.19999999999999996,-0.20000000000000018,-0.4,-0.3999999999999999,-0.6000000000000001,0.0,1,1,1,1,1,1.0,HOME_WIN,0
2023-05-28 15:30:00+00:00,Leeds,Tottenham,1.0,4.0,37,2.0,0.4,1.2,2.4,-1.2,0,2,3,0.0,0.4,0.6,37,4.0,0.8,1.6,2.2,-0.6,1,1,3,0.2,0.2,0.6,18,1.0,1.4,3.0,-1.6,0.2,18,0.4,1.8,3.2,-1.4,0.0,1,0.0,3.0,4.0,0.0,-0.4,-0.40000000000000013,-0.19999999999999973,-0.6,0.6,-0.40000000000000013,0.20000000000000018,1,1,1,1,1,1.0,AWAY_WIN,2
2023-05-28 15:30:00+00:00,Everton,Bournemouth,1.0,0.0,37,5.0,1.0,1.8,2.2,-0.4,1,2,2,0.2,0.4,0.4,37,6.0,1.2,1.2,1.4,-0.2,2,0,3,0.4,0.0,0.6,18,0.8,0.8,2.2,-1.4,0.2,18,1.8,1.0,1.4,-0.4,0.6,1,0.0,0.0,3.0,0.0,-0.19999999999999996,0.6000000000000001,-0.8000000000000003,-0.2,-1.0,-0.19999999999999996,-0.8000000000000003,1,1,1,1,1,1.0,HOME_WIN,0
2023-05-28 15:30:00+00:00,Chelsea,Newcastle,1.0,1.0,37,4.0,0.8,1.4,2.2,-0.8,1,1,3,0.2,0.2,0.6,37,8.0,1.6,1.8,1.2,0.6,2,2,1,0.4,0.4,0.2,18,0.4,0.6,1.6,-1.0,0.0,18,2.0,2.6,1.6,1.0,0.6,1,0.0,0.0,1.0,0.0,-0.8,-0.40000000000000013,-1.0000000000000002,-1.4,-1.6,-2.0,0.0,1,1,1,1,1,1.0,DRAW,1
2023-05-28 15:30:00+00:00,Brentford,Manchester City,1.0,0.0,37,12.0,2.4,1.8,0.6,1.2,4,0,1,0.8,0.0,0.2,37,13.0,2.6,2.0,0.4,1.6,4,1,0,0.8,0.2,0.0,18,1.6,1.4,1.0,0.4,0.4,18,2.6,2.2,0.6,1.6,0.8,1,3.0,2.0,1.0,1.0,-0.20000000000000018,-0.19999999999999996,-0.19999999999999996,-0.40000000000000013,-1.0,-0.8000000000000003,-0.4,1,1,1,1,1,1.0,HOME_WIN,0
2023-05-28 15:30:00+00:00,Aston Villa,Brighton,2.0,1.0,37,7.0,1.4,0.8,0.8,0.0,2,1,2,0.4,0.2,0.4,37,7.0,1.4,1.8,2.2,-0.4,2,1,2,0.4,0.2,0.4,18,3.0,2.2,0.2,2.0,1.0,18,1.2,1.6,2.0,-0.4,0.4,1,3.0,2.0,1.0,1.0,0.0,-1.0,1.4000000000000001,0.4,1.8,0.6000000000000001,1.8,1,1,1,1,1,1.0,HOME_WIN,0
2023-05-28 15:30:00+00:00,Arsenal,Wolves,5.0,0.0,37,6.0,1.2,1.2,1.8,-0.6,2,0,3,0.4,0.0,0.6,37,7.0,1.4,0.8,1.8,-1.0,2,1,2,0.4,0.2,0.4,18,2.0,2.8,1.8,1.0,0.6,18,0.2,0.6,2.6,-2.0,0.0,1,3.0,2.0,0.0,1.0,-0.19999999999999996,0.3999999999999999,0.0,0.4,1.8,2.1999999999999997,0.8,1,1,1,1,1,1.0,HOME_WIN,0
2023-05-28 15:30:00+00:00,Crystal Palace,Nottingham Forest,1.0,1.0,37,7.0,1.4,1.6,1.6,0.0,2,1,2,0.4,0.2,0.4,37,10.0,2.0,2.2,1.6,0.6,3,1,1,0.6,0.2,0.2,18,2.0,1.6,1.0,0.6,0.6,18,0.2,1.2,2.2,-1.0,0.0,1,0.0,0.0,1.0,0.0,-0.6000000000000001,-0.6000000000000001,0.0,-0.6,1.8,0.40000000000000013,1.2000000000000002,1,1,1,1,1,1.0,DRAW,1
2023-08-11 19:00:00+00:00,Burnley,Manchester City,0.0,3.0,0,0.0,0.0,0.0,0.0,0.0,0,0,0,0.0,0.0,0.0,38,10.0,2.0,1.4,0.6,0.8,3,1,1,0.6,0.2,0.2,0,0.0,0.0,0.0,0.0,0.0,19,2.0,2.0,0.8,1.2,0.6,0,0.0,0.0,0.0,0.0,-2.0,-1.4,0.6,-0.8,-2.0,-2.0,0.8,0,1,0,1,0,0.4,AWAY_WIN,2
2023-08-12 11:30:00+00:00,Arsenal,Nottingham Forest,2.0,1.0,38,9.0,1.8,2.0,1.0,1.0,3,0,2,0.6,0.0,0.4,38,8.0,1.6,1.8,1.6,0.2,2,2,1,0.4,0.4,0.2,19,2.0,3.0,1.6,1.4,0.6,19,0.4,1.2,2.0,-0.8,0.0,2,1.5,2.5,0.5,0.5,0.19999999999999996,0.19999999999999996,0.6000000000000001,0.8,1.6,1.8,0.3999999999999999,1,1,1,1,1,1.0,HOME_WIN,0
2023-08-12 14:00:00+00:00,Bournemouth,West Ham,1.0,1.0,38,3.0,0.6,1.0,1.6,-0.6,1,0,4,0.2,0.0,0.8,38,6.0,1.2,1.0,1.6,-0.6,2,0,3,0.4,0.0,0.6,19,0.6,1.0,2.2,-1.2,0.2,19,0.6,1.6,2.2,-0.6,0.2,2,0.0,0.0,3.0,0.0,-0.6,0.0,0.0,0.0,0.0,-0.6000000000000001,0.0,1,1,1,1,1,1.0,DRAW,1
2023-08-12 14:00:00+00:00,Brighton,Luton,4.0,1.0,38,7.0,1.4,1.8,1.6,0.2,2,1,2,0.4,0.2,0.4,0,0.0,0.0,0.0,0.0,0.0,0,0,0,0.0,0.0,0.0,19,2.0,2.4,1.4,1.0,0.6,0,0.0,0.0,0.0,0.0,0.0,0,0.0,0.0,0.0,0.0,1.4,1.8,-1.6,0.2,2.0,2.4,-1.4,1,0,1,0,0,0.4,HOME_WIN,0
2023-08-12 14:00:00+00:00,Everton,Fulham,0.0,1.0,38,8.0,1.6,1.8,1.4,0.4,2,2,1,0.4,0.4,0.2,38,7.0,1.4,2.0,1.6,0.4,2,1,2,0.4,0.2,0.4,19,0.8,0.8,2.2,-1.4,0.2,19,1.2,1.2,1.0,0.2,0.4,2,0.5,0.5,1.5,0.0,0.20000000000000018,-0.19999999999999996,0.20000000000000018,0.0,-0.3999999999999999,-0.3999999999999999,-1.2000000000000002,1,1,1,1,1,1.0,AWAY_WIN,2
2023-08-12 14:00:00+00:00,Sheffield Utd,Crystal Palace,0.0,1.0,0,0.0,0.0,0.0,0.0,0.0,0,0,0,0.0,0.0,0.0,38,8.0,1.6,1.8,1.4,0.4,2,2,1,0.4,0.4,0.2,0,0.0,0.0,0.0,0.0,0.0,19,1.4,1.8,1.2,0.6,0.4,0,0.0,0.0,0.0,0.0,-1.6,-1.8,1.4,-0.4,-1.4,-1.8,1.2,0,1,0,1,0,0.4,AWAY_WIN,2
2023-08-12 16:30:00+00:00,Newcastle,Aston Villa,5.0,1.0,38,6.0,1.2,1.4,1.2,0.2,1,3,1,0.2,0.6,0.2,38,7.0,1.4,1.0,1.0,0.0,2,1,2,0.4,0.2,0.4,19,2.0,2.6,1.0,1.6,0.6,19,1.0,0.8,1.0,-0.2,0.2,2,1.5,2.0,1.5,0.5,-0.19999999999999996,0.3999999999999999,-0.19999999999999996,0.2,1.0,1.8,0.0,1,1,1,1,1,1.0,HOME_WIN,0
2023-08-13 13:00:00+00:00,Brentford,Tottenham,2.0,2.0,38,12.0,2.4,1.6,0.6,1.0,4,0,1,0.8,0.0,0.2,38,6.0,1.2,2.0,2.0,0.0,2,0,3,0.4,0.0,0.6,19,2.0,1.4,0.8,0.6,0.6,19,0.8,2.0,2.8,-0.8,0.2,2,2.0,2.5,1.5,0.5,1.2,-0.3999999999999999,1.4,1.0,1.2,-0.6000000000000001,1.9999999999999998,1,1,1,1,1,1.0,DRAW,1
2023-08-13 15:30:00+00:00,Chelsea,Liverpool,1.0,1.0,38,5.0,1.0,1.4,1.8,-0.4,1,2,2,0.2,0.4,0.4,38,11.0,2.2,2.0,1.0,1.0,3,2,0,0.6,0.4,0.0,19,0.6,0.8,1.4,-0.6,0.0,19,2.2,3.0,1.2,1.8,0.6,2,1.0,0.0,0.0,0.0,-1.2000000000000002,-0.6000000000000001,-0.8,-1.4,-1.6,-2.2,-0.19999999999999996,1,1,1,1,1,1.0,DRAW,1
2023-08-14 19:00:00+00:00,Manchester United,Wolves,1.0,0.0,38,12.0,2.4,1.8,0.6,1.2,4,0,1,0.8,0.0,0.2,38,4.0,0.8,0.4,2.8,-2.4,1,1,3,0.2,0.2,0.6,19,3.0,2.2,0.4,1.8,1.0,19,0.2,0.4,3.2,-2.8,0.0,2,3.0,1.5,0.0,1.0,1.5999999999999999,1.4,2.1999999999999997,3.5999999999999996,2.8,1.8000000000000003,2.8000000000000003,1,1,1,1,1,1.0,HOME_WIN,0
2023-08-18 18:45:00+00:00,Nottingham Forest,Sheffield Utd,2.0,1.0,39,8.0,1.6,1.8,1.6,0.2,2,2,1,0.4,0.4,0.2,1,0.0,0.0,0.0,1.0,-1.0,0,0,1,0.0,0.0,1.0,19,2.0,1.8,1.4,0.4,0.6,0,0.0,0.0,0.0,0.0,0.0,0,0.0,0.0,0.0,0.0,1.6,1.8,-0.6000000000000001,1.2,2.0,1.8,-1.4,1,1,1,0,0,0.6,HOME_WIN,0
2023-08-19 14:00:00+00:00,Wolves,Brighton,1.0,4.0,39,4.0,0.8,0.4,1.8,-1.4,1,1,3,0.2,0.2,0.6,39,7.0,1.4,2.0,1.8,0.2,2,1,2,0.4,0.2,0.4,19,2.6,1.4,0.2,1.2,0.8,19,1.2,1.6,2.0,-0.4,0.4,2,0.0,1.0,4.5,0.0,-0.5999999999999999,-1.6,0.0,-1.5999999999999999,1.4000000000000001,-0.20000000000000018,1.8,1,1,1,1,1,1.0,AWAY_WIN,2
2023-08-19 14:00:00+00:00,Fulham,Brentford,0.0,3.0,39,10.0,2.0,2.2,1.4,0.8,3,1,1,0.6,0.2,0.2,39,10.0,2.0,1.6,0.8,0.8,3,1,1,0.6,0.2,0.2,19,1.4,2.0,1.8,0.2,0.4,19,1.2,1.0,1.0,0.0,0.4,2,1.5,2.5,2.5,0.5,0.0,0.6000000000000001,-0.5999999999999999,0.0,0.19999999999999996,1.0,-0.8,1,1,1,1,1,1.0,AWAY_WIN,2
2023-08-19 14:00:00+00:00,Liverpool,Bournemouth,3.0,1.0,39,9.0,1.8,2.0,1.2,0.8,2,3,0,0.4,0.6,0.0,39,1.0,0.2,0.4,1.6,-1.2,0,1,4,0.0,0.2,0.8,19,2.6,2.0,1.2,0.8,0.8,19,1.8,1.0,1.0,0.0,0.6,2,1.5,4.5,0.5,0.5,1.6,1.6,0.40000000000000013,2.0,0.8,1.0,-0.19999999999999996,1,1,1,1,1,1.0,HOME_WIN,0
2023-08-19 16:30:00+00:00,Tottenham,Manchester United,2.0,0.0,39,7.0,1.4,1.8,1.6,0.2,2,1,2,0.4,0.2,0.4,39,15.0,3.0,2.0,0.4,1.6,5,0,0,1.0,0.0,0.0,19,1.4,1.6,1.8,-0.2,0.4,19,1.4,1.0,0.8,0.2,0.4,2,0.5,1.0,2.0,0.0,-1.6,-0.19999999999999996,-1.2000000000000002,-1.4000000000000001,0.0,0.6000000000000001,-1.0,1,1,1,1,1,1.0,HOME_WIN,0
2023-08-19 19:00:00+00:00,Manchester City,Newcastle,1.0,0.0,39,10.0,2.0,1.6,0.4,1.2,3,1,1,0.6,0.2,0.2,39,9.0,1.8,2.4,1.0,1.4,2,3,0,0.4,0.6,0.0,19,3.0,2.6,0.6,2.0,1.0,19,1.6,1.8,1.6,0.2,0.4,2,2.0,2.5,1.5,0.5,0.19999999999999996,-0.7999999999999998,0.6,-0.19999999999999996,1.4,0.8,1.0,1,1,1,1,1,1.0,HOME_WIN,0
2023-08-20 13:00:00+00:00,Aston Villa,Everton,4.0,0.0,39,7.0,1.4,1.2,1.8,-0.6,2,1,2,0.4,0.2,0.4,39,7.0,1.4,1.4,1.2,0.2,2,1,2,0.4,0.2,0.4,19,3.0,2.0,0.4,1.6,1.0,19,1.2,1.6,1.2,0.4,0.2,2,3.0,2.0,0.5,1.0,0.0,-0.19999999999999996,-0.6000000000000001,-0.8,1.8,0.3999999999999999,0.7999999999999999,1,1,1,1,1,1.0,HOME_WIN,0
2023-08-20 15:30:00+00:00,West Ham,Chelsea,3.0,1.0,39,7.0,1.4,1.2,1.2,0.0,2,1,2,0.4,0.2,0.4,39,3.0,0.6,1.0,1.8,-0.8,0,3,2,0.0,0.6,0.4,19,1.4,1.6,2.0,-0.4,0.4,19,0.6,1.0,2.0,-1.0,0.2,2,0.5,1.0,1.5,0.0,0.7999999999999999,0.19999999999999996,0.6000000000000001,0.8,0.7999999999999999,0.6000000000000001,0.0,1,1,1,1,1,1.0,HOME_WIN,0
2023-08-21 19:00:00+00:00,Crystal Palace,Arsenal,0.0,1.0,39,8.0,1.6,1.2,0.8,0.4,2,2,1,0.4,0.4,0.2,39,9.0,1.8,1.8,1.0,0.8,3,0,2,0.6,0.0,0.4,19,2.2,1.8,1.0,0.8,0.6,19,1.0,1.4,1.8,-0.4,0.2,2,0.0,0.5,3.0,0.0,-0.19999999999999996,-0.6000000000000001,0.19999999999999996,-0.4,1.2000000000000002,0.40000000000000013,0.8,1,1,1,1,1,1.0,AWAY_WIN,2
2023-08-25 19:00:00+00:00,Chelsea,Luton,3.0,0.0,40,2.0,0.4,0.8,2.0,-1.2,0,2,3,0.0,0.4,0.6,1,0.0,0.0,1.0,4.0,-3.0,0,0,1,0.0,0.0,1.0,20,0.6,1.0,1.6,-0.6,0.0,1,0.0,1.0,4.0,-3.0,0.0,0,0.0,0.0,0.0,0.0,0.4,-0.19999999999999996,2.0,1.8,0.6,0.0,2.4,1,1,1,1,0,0.8,HOME_WIN,0
2023-08-26 11:30:00+00:00,Bournemouth,Tottenham,0.0,2.0,40,1.0,0.2,0.4,1.6,-1.2,0,1,4,0.0,0.2,0.8,40,7.0,1.4,2.0,1.6,0.4,2,1,2,0.4,0.2,0.4,20,0.8,1.2,2.0,-0.8,0.2,20,0.8,2.2,3.0,-0.8,0.2,2,1.5,2.5,2.5,0.5,-1.2,-1.6,0.0,-1.6,0.0,-1.0000000000000002,1.0,1,1,1,1,1,1.0,AWAY_WIN,2
2023-08-26 14:00:00+00:00,Arsenal,Fulham,2.0,2.0,40,9.0,1.8,1.6,1.0,0.6,3,0,2,0.6,0.0,0.4,40,7.0,1.4,1.2,1.4,-0.2,2,1,2,0.4,0.2,0.4,20,2.0,2.6,1.6,1.0,0.6,20,1.2,0.8,0.8,0.0,0.4,2,3.0,2.5,0.5,1.0,0.40000000000000013,0.40000000000000013,0.3999999999999999,0.8,0.8,1.8,-0.8,1,1,1,1,1,1.0,DRAW,1
2023-08-26 14:00:00+00:00,Brentford,Crystal Palace,1.0,1.0,40,13.0,2.6,2.2,0.6,1.6,4,1,0,0.8,0.2,0.0,40,8.0,1.6,1.2,0.8,0.4,2,2,1,0.4,0.4,0.2,20,2.2,1.6,0.8,0.8,0.6,20,1.4,1.0,1.0,0.0,0.4,2,1.0,1.0,1.0,0.0,1.0,1.0000000000000002,0.20000000000000007,1.2000000000000002,0.8000000000000003,0.6000000000000001,0.19999999999999996,1,1,1,1,1,1.0,DRAW,1
2023-08-26 14:00:00+00:00,Everton,Wolves,0.0,1.0,40,4.0,0.8,0.4,1.8,-1.4,1,1,3,0.2,0.2,0.6,40,1.0,0.2,0.4,2.6,-2.2,0,1,4,0.0,0.2,0.8,20,0.6,0.6,2.2,-1.6,0.2,20,0.0,0.2,3.2,-3.0,0.0,2,0.5,1.0,1.5,0.0,0.6000000000000001,0.0,0.8,0.8000000000000003,0.6,0.39999999999999997,1.0,1,1,1,1,1,1.0,AWAY_WIN,2
2023-08-26 14:00:00+00:00,Manchester United,Nottingham Forest,3.0,2.0,40,12.0,2.4,1.6,0.8,0.8,4,0,1,0.8,0.0,0.2,40,8.0,1.6,1.4,1.2,0.2,2,2,1,0.4,0.4,0.2,20,3.0,2.0,0.4,1.6,1.0,20,0.4,1.4,2.0,-0.6,0.0,2,3.0,2.5,0.0,1.0,0.7999999999999998,0.20000000000000018,0.3999999999999999,0.6000000000000001,2.6,0.6000000000000001,1.6,1,1,1,1,1,1.0,HOME_WIN,0
2023-08-26 16:30:00+00:00,Brighton,West Ham,1.0,3.0,40,10.0,2.0,2.6,1.2,1.4,3,1,1,0.6,0.2,0.2,40,7.0,1.4,1.6,1.4,0.2,2,1,2,0.4,0.2,0.4,20,2.0,2.0,1.6,0.4,0.6,20,0.2,1.0,2.4,-1.4,0.0,2,3.0,3.0,0.0,1.0,0.6000000000000001,1.0,0.19999999999999996,1.2,1.8,1.0,0.7999999999999998,1,1,1,1,1,1.0,AWAY_WIN,2
2023-08-27 13:00:00+00:00,Burnley,Aston Villa,1.0,3.0,1,0.0,0.0,0.0,3.0,-3.0,0,0,1,0.0,0.0,1.0,40,10.0,2.0,2.0,1.6,0.4,3,1,1,0.6,0.2,0.2,1,0.0,0.0,3.0,-3.0,0.0,20,0.4,0.6,1.8,-1.2,0.0,0,0.0,0.0,0.0,0.0,-2.0,-2.0,-1.4,-3.4,-0.4,-0.6,-1.2,1,1,1,1,0,0.8,AWAY_WIN,2
2023-08-27 13:00:00+00:00,Sheffield Utd,Manchester City,1.0,2.0,2,0.0,0.0,0.5,1.5,-1.0,0,0,2,0.0,0.0,1.0,40,10.0,2.0,1.2,0.4,0.8,3,1,1,0.6,0.2,0.2,1,0.0,0.0,1.0,-1.0,0.0,20,2.0,1.8,0.6,1.2,0.6,0,0.0,0.0,0.0,0.0,-2.0,-0.7,-1.1,-1.8,-2.0,-1.8,-0.4,1,1,1,1,0,0.8,AWAY_WIN,2
2023-08-27 15:30:00+00:00,Newcastle,Liverpool,1.0,2.0,40,8.0,1.6,2.0,0.8,1.2,2,2,1,0.4,0.4,0.2,40,9.0,1.8,2.4,1.4,1.0,2,3,0,0.4,0.6,0.0,20,2.0,2.4,1.0,1.4,0.6,20,2.2,3.2,1.4,1.8,0.6,2,0.0,0.5,2.0,0.0,-0.19999999999999996,-0.3999999999999999,0.5999999999999999,0.19999999999999996,-0.20000000000000018,-0.8000000000000003,0.3999999999999999,1,1,1,1,1,1.0,AWAY_WIN,2
2023-09-01 19:00:00+00:00,Luton,West Ham,1.0,2.0,2,0.0,0.0,0.5,3.5,-3.0,0,0,2,0.0,0.0,1.0,41,10.0,2.0,2.2,1.2,1.0,3,1,1,0.6,0.2,0.2,0,0.0,0.0,0.0,0.0,0.0,21,0.8,1.0,1.8,-0.8,0.2,0,0.0,0.0,0.0,0.0,-2.0,-1.7000000000000002,-2.3,-4.0,-0.8,-1.0,1.8,1,1,0,1,0,0.6,AWAY_WIN,2
2023-09-02 11:30:00+00:00,Sheffield Utd,Everton,2.0,2.0,3,0.0,0.0,0.6666666666666666,1.6666666666666667,-1.0,0,0,3,0.0,0.0,1.0,41,4.0,0.8,0.4,1.4,-1.0,1,1,3,0.2,0.2,0.6,2,0.0,0.5,1.5,-1.0,0.0,20,1.2,1.6,1.6,0.0,0.2,0,0.0,0.0,0.0,0.0,-0.8,0.2666666666666666,-0.26666666666666683,0.0,-1.2,-1.1,0.10000000000000009,1,1,1,1,0,0.8,DRAW,1
2023-09-02 14:00:00+00:00,Brentford,Bournemouth,2.0,2.0,41,11.0,2.2,2.0,0.8,1.2,3,2,0,0.6,0.4,0.0,41,1.0,0.2,0.4,1.6,-1.2,0,1,4,0.0,0.2,0.8,21,2.2,1.6,0.8,0.8,0.6,20,1.2,1.0,1.6,-0.6,0.4,2,2.0,1.0,0.0,0.5,2.0,1.6,0.8,2.4,1.0000000000000002,0.6000000000000001,0.8,1,1,1,1,1,1.0,DRAW,1
2023-09-02 14:00:00+00:00,Burnley,Tottenham,2.0,5.0,2,0.0,0.0,0.5,3.0,-2.5,0,0,2,0.0,0.0,1.0,41,10.0,2.0,2.2,1.2,1.0,3,1,1,0.6,0.2,0.2,2,0.0,0.5,3.0,-2.5,0.0,21,1.4,2.4,1.8,0.6,0.4,0,0.0,0.0,0.0,0.0,-2.0,-1.7000000000000002,-1.8,-3.5,-1.4,-1.9,-1.2,1,1,1,1,0,0.8,AWAY_WIN,2
2023-09-02 14:00:00+00:00,Chelsea,Nottingham Forest,0.0,1.0,41,5.0,1.0,1.4,1.8,-0.4,1,2,2,0.2,0.4,0.4,41,7.0,1.4,1.4,1.4,0.0,2,1,2,0.4,0.2,0.4,21,1.2,1.4,1.2,0.2,0.2,21,0.4,1.4,2.0,-0.6,0.0,2,1.0,1.5,1.5,0.0,-0.3999999999999999,0.0,-0.40000000000000013,-0.4,0.7999999999999999,0.0,0.8,1,1,1,1,1,1.0,AWAY_WIN,2
2023-09-02 14:00:00+00:00,Manchester City,Fulham,5.0,1.0,41,10.0,2.0,1.4,0.6,0.8,3,1,1,0.6,0.2,0.2,41,5.0,1.0,1.2,1.8,-0.6,1,2,2,0.2,0.4,0.4,20,3.0,2.2,0.4,1.8,1.0,21,1.4,1.2,1.0,0.2,0.4,2,3.0,2.0,1.0,1.0,1.0,0.19999999999999996,1.2000000000000002,1.4,1.6,1.0000000000000002,0.6,1,1,1,1,1,1.0,HOME_WIN,0
2023-09-02 16:30:00+00:00,Brighton,Newcastle,3.0,1.0,41,7.0,1.4,2.2,1.6,0.6,2,1,2,0.4,0.2,0.4,41,5.0,1.0,1.4,1.0,0.4,1,2,2,0.2,0.4,0.4,21,1.4,2.0,2.2,-0.2,0.4,20,1.0,1.4,1.6,-0.2,0.2,2,0.5,0.5,2.0,0.0,0.3999999999999999,0.8000000000000003,-0.6000000000000001,0.19999999999999996,0.3999999999999999,0.6000000000000001,-0.6000000000000001,1,1,1,1,1,1.0,HOME_WIN,0
2023-09-03 13:00:00+00:00,Crystal Palace,Wolves,3.0,2.0,41,6.0,1.2,1.0,1.0,0.0,1,3,1,0.2,0.6,0.2,41,4.0,0.8,0.6,2.2,-1.6,1,1,3,0.2,0.2,0.6,20,1.6,1.4,1.0,0.4,0.4,21,0.6,0.2,2.8,-2.6,0.2,2,1.5,1.0,1.5,0.5,0.3999999999999999,0.4,1.2000000000000002,1.6,1.0,1.2,1.7999999999999998,1,1,1,1,1,1.0,HOME_WIN,0
2023-09-03 13:00:00+00:00,Liverpool,Aston Villa,3.0,0.0,41,9.0,1.8,2.2,1.6,0.6,2,3,0,0.4,0.6,0.0,41,10.0,2.0,2.2,1.6,0.6,3,1,1,0.6,0.2,0.2,20,2.6,2.0,1.0,1.0,0.8,21,0.8,1.0,1.8,-0.8,0.2,2,2.0,2.0,1.0,0.5,-0.19999999999999996,0.0,0.0,0.0,1.8,1.0,0.8,1,1,1,1,1,1.0,HOME_WIN,0
2023-09-03 15:30:00+00:00,Arsenal,Manchester United,3.0,1.0,41,10.0,2.0,2.0,0.8,1.2,3,1,1,0.6,0.2,0.2,41,12.0,2.4,2.0,1.2,0.8,4,0,1,0.8,0.0,0.2,21,2.0,2.4,1.4,1.0,0.6,20,0.8,0.6,1.2,-0.6,0.2,2,1.5,2.0,2.5,0.5,-0.3999999999999999,0.0,0.3999999999999999,0.3999999999999999,1.2,1.7999999999999998,-0.19999999999999996,1,1,1,1,1,1.0,HOME_WIN,0
2023-09-16 11:30:00+00:00,Wolves,Liverpool,1.0,3.0,42,3.0,0.6,0.8,2.6,-1.8,1,0,4,0.2,0.0,0.8,42,11.0,2.2,2.6,1.4,1.2,3,2,0,0.6,0.4,0.0,20,2.0,1.4,1.0,0.4,0.6,21,2.2,2.4,1.4,1.0,0.6,2,1.5,1.5,1.0,0.5,-1.6,-1.8,-1.2000000000000002,-3.0,-0.20000000000000018,-1.0,0.3999999999999999,1,1,1,1,1,1.0,AWAY_WIN,2
2023-09-16 14:00:00+00:00,Aston Villa,Crystal Palace,3.0,1.0,42,9.0,1.8,2.0,2.0,0.0,3,0,2,0.6,0.0,0.4,42,8.0,1.6,1.2,1.0,0.2,2,2,1,0.4,0.4,0.2,20,3.0,2.4,0.4,2.0,1.0,21,1.0,0.8,1.2,-0.4,0.2,2,1.5,1.0,1.5,0.5,0.19999999999999996,0.8,-1.0,-0.2,2.0,1.5999999999999999,0.7999999999999999,1,1,1,1,1,1.0,HOME_WIN,0
2023-09-16 14:00:00+00:00,Fulham,Luton,1.0,0.0,42,4.0,0.8,1.0,2.4,-1.4,1,1,3,0.2,0.2,0.6,3,0.0,0.0,0.6666666666666666,3.0,-2.3333333333333335,0,0,3,0.0,0.0,1.0,20,1.4,2.0,2.2,-0.2,0.4,2,0.0,0.5,3.5,-3.0,0.0,0,0.0,0.0,0.0,0.0,0.8,0.33333333333333337,0.6000000000000001,0.9333333333333336,1.4,1.5,1.2999999999999998,1,1,1,1,0,0.8,HOME_WIN,0
2023-09-16 14:00:00+00:00,Manchester United,Brighton,1.0,3.0,42,9.0,1.8,1.4,1.6,-0.2,3,0,2,0.6,0.0,0.4,42,9.0,1.8,2.6,1.6,1.0,3,0,2,0.6,0.0,0.4,21,3.0,2.4,0.8,1.6,1.0,20,1.2,2.0,2.0,0.0,0.4,2,0.0,0.5,1.5,0.0,0.0,-1.2000000000000002,0.0,-1.2,1.8,0.3999999999999999,1.2,1,1,1,1,1,1.0,AWAY_WIN,2
2023-09-16 14:00:00+00:00,Tottenham,Sheffield Utd,2.0,1.0,42,13.0,2.6,3.0,1.0,2.0,4,1,0,0.8,0.2,0.0,4,1.0,0.25,1.0,1.75,-0.75,0,1,3,0.0,0.25,0.75,20,1.4,1.6,1.6,0.0,0.4,1,0.0,1.0,2.0,-1.0,0.0,0,0.0,0.0,0.0,0.0,2.35,2.0,0.75,2.75,1.4,0.6000000000000001,0.3999999999999999,1,1,1,1,0,0.8,HOME_WIN,0
2023-09-16 14:00:00+00:00,West Ham,Manchester City,1.0,3.0,42,10.0,2.0,2.0,1.2,0.8,3,1,1,0.6,0.2,0.2,42,12.0,2.4,2.2,0.6,1.6,4,0,1,0.8,0.0,0.2,20,2.0,2.0,1.2,0.8,0.6,21,2.0,1.8,0.6,1.2,0.6,2,0.0,0.0,2.5,0.0,-0.3999999999999999,-0.20000000000000018,-0.6,-0.8,0.0,0.19999999999999996,-0.6,1,1,1,1,1,1.0,AWAY_WIN,2
2023-09-16 16:30:00+00:00,Newcastle,Brentford,1.0,0.0,42,4.0,0.8,1.6,1.6,0.0,1,1,3,0.2,0.2,0.6,42,9.0,1.8,1.8,1.0,0.8,2,3,0,0.4,0.6,0.0,21,1.4,2.0,1.2,0.8,0.4,20,1.8,1.6,0.8,0.8,0.6,2,3.0,3.5,1.0,1.0,-1.0,-0.19999999999999996,-0.6000000000000001,-0.8,-0.40000000000000013,0.3999999999999999,-0.3999999999999999,1,1,1,1,1,1.0,HOME_WIN,0
2023-09-17 13:00:00+00:00,Bournemouth,Chelsea,0.0,0.0,42,2.0,0.4,0.8,1.8,-1.0,0,2,3,0.0,0.4,0.6,42,5.0,1.0,1.2,1.2,0.0,1,2,2,0.2,0.4,0.4,21,0.8,1.2,1.6,-0.4,0.2,20,0.6,1.2,2.4,-1.2,0.2,2,0.0,0.5,2.5,0.0,-0.6,-0.3999999999999999,-0.6000000000000001,-1.0,0.20000000000000007,0.0,0.7999999999999998,1,1,1,1,1,1.0,DRAW,1
2023-09-17 15:30:00+00:00,Everton,Arsenal,0.0,1.0,42,4.0,0.8,0.6,1.6,-1.0,1,1,3,0.2,0.2,0.6,42,13.0,2.6,2.6,0.8,1.8,4,1,0,0.8,0.2,0.0,21,0.6,0.4,1.8,-1.4,0.2,20,1.4,1.2,1.4,-0.2,0.4,2,1.5,0.5,2.0,0.5,-1.8,-2.0,-0.8,-2.8,-0.7999999999999999,-0.7999999999999999,-0.40000000000000013,1,1,1,1,1,1.0,AWAY_WIN,2
2023-09-18 18:45:00+00:00,Nottingham Forest,Burnley,1.0,1.0,42,7.0,1.4,1.4,1.4,0.0,2,1,2,0.4,0.2,0.4,3,0.0,0.0,1.0,3.6666666666666665,-2.6666666666666665,0,0,3,0.0,0.0,1.0,20,2.4,2.0,1.4,0.6,0.8,0,0.0,0.0,0.0,0.0,0.0,0,0.0,0.0,0.0,0.0,1.4,0.3999999999999999,2.2666666666666666,2.6666666666666665,2.4,2.0,-1.4,1,1,1,0,0,0.6,DRAW,1
2023-09-23 14:00:00+00:00,Crystal Palace,Fulham,0.0,0.0,43,7.0,1.4,1.2,1.4,-0.2,2,1,2,0.4,0.2,0.4,43,7.0,1.4,1.0,2.0,-1.0,2,1,2,0.4,0.2,0.4,21,2.0,2.0,1.4,0.6,0.6,22,1.4,1.4,1.8,-0.4,0.4,2,0.5,1.0,2.5,0.0,0.0,0.19999999999999996,0.6000000000000001,0.8,0.6000000000000001,0.6000000000000001,0.40000000000000013,1,1,1,1,1,1.0,DRAW,1
2023-09-23 14:00:00+00:00,Luton,Wolves,1.0,1.0,4,0.0,0.0,0.5,2.5,-2.0,0,0,4,0.0,0.0,1.0,43,3.0,0.6,1.0,2.2,-1.2,1,0,4,0.2,0.0,0.8,1,0.0,1.0,2.0,-1.0,0.0,22,0.6,0.6,2.2,-1.6,0.2,0,0.0,0.0,0.0,0.0,-0.6,-0.5,-0.2999999999999998,-0.8,-0.6,0.4,0.20000000000000018,1,1,1,1,0,0.8,DRAW,1
2023-09-23 14:00:00+00:00,Manchester City,Nottingham Forest,2.0,0.0,43,15.0,3.0,2.8,0.6,2.2,5,0,0,1.0,0.0,0.0,43,7.0,1.4,1.4,1.4,0.0,2,1,2,0.4,0.2,0.4,21,3.0,2.4,0.4,2.0,1.0,22,1.0,1.4,1.6,-0.2,0.2,2,2.0,3.5,0.5,0.5,1.6,1.4,0.7999999999999999,2.2,2.0,1.0,1.2000000000000002,1,1,1,1,1,1.0,HOME_WIN,0
2023-09-23 16:30:00+00:00,Brentford,Everton,1.0,3.0,43,6.0,1.2,1.6,1.2,0.4,1,3,1,0.2,0.6,0.2,43,1.0,0.2,0.4,1.8,-1.4,0,1,4,0.0,0.2,0.8,22,1.8,1.6,1.0,0.6,0.4,21,1.2,2.0,2.0,0.0,0.2,2,0.5,0.5,1.0,0.0,1.0,1.2000000000000002,0.6000000000000001,1.7999999999999998,0.6000000000000001,-0.3999999999999999,1.0,1,1,1,1,1,1.0,AWAY_WIN,2
2023-09-23 19:00:00+00:00,Burnley,Manchester United,0.0,1.0,4,1.0,0.25,1.0,3.0,-2.0,0,1,3,0.0,0.25,0.75,43,6.0,1.2,1.2,2.0,-0.8,2,0,3,0.4,0.0,0.6,3,0.0,1.0,3.6666666666666665,-2.6666666666666665,0.0,21,0.6,0.4,1.4,-1.0,0.2,0,0.0,0.0,0.0,0.0,-0.95,-0.19999999999999996,-1.0,-1.2,-0.6,0.6,-2.2666666666666666,1,1,1,1,0,0.8,AWAY_WIN,2
2023-09-24 13:00:00+00:00,Arsenal,Tottenham,2.0,2.0,43,13.0,2.6,1.8,0.8,1.0,4,1,0,0.8,0.2,0.0,43,13.0,2.6,2.6,1.0,1.6,4,1,0,0.8,0.2,0.0,22,2.0,2.4,1.4,1.0,0.6,22,2.0,2.8,1.4,1.4,0.6,2,3.0,2.5,0.5,1.0,0.0,-0.8,0.19999999999999996,-0.6000000000000001,0.0,-0.3999999999999999,0.0,1,1,1,1,1,1.0,DRAW,1
2023-09-24 13:00:00+00:00,Brighton,Bournemouth,3.0,1.0,43,12.0,2.4,3.0,1.4,1.6,4,0,1,0.8,0.0,0.2,43,3.0,0.6,0.8,1.6,-0.8,0,3,2,0.0,0.6,0.4,22,2.0,2.4,1.4,1.0,0.6,21,0.8,0.8,1.6,-0.8,0.2,2,3.0,1.5,0.0,1.0,1.7999999999999998,2.2,0.20000000000000018,2.4000000000000004,1.2,1.5999999999999999,0.20000000000000018,1,1,1,1,1,1.0,HOME_WIN,0
2023-09-24 13:00:00+00:00,Chelsea,Aston Villa,0.0,1.0,43,5.0,1.0,1.0,1.0,0.0,1,2,2,0.2,0.4,0.4,43,9.0,1.8,2.2,2.0,0.2,3,0,2,0.6,0.0,0.4,22,1.2,1.4,1.0,0.4,0.2,22,0.8,1.0,2.2,-1.2,0.2,2,1.5,1.0,1.0,0.5,-0.8,-1.2000000000000002,1.0,-0.2,0.3999999999999999,0.3999999999999999,1.2000000000000002,1,1,1,1,1,1.0,AWAY_WIN,2
2023-09-24 13:00:00+00:00,Liverpool,West Ham,3.0,1.0,43,13.0,2.6,2.4,0.8,1.6,4,1,0,0.8,0.2,0.0,43,10.0,2.0,2.0,1.4,0.6,3,1,1,0.6,0.2,0.2,21,2.6,1.8,0.4,1.4,0.8,22,1.4,1.4,1.4,0.0,0.4,2,3.0,1.5,0.5,1.0,0.6000000000000001,0.3999999999999999,0.5999999999999999,1.0,1.2000000000000002,0.40000000000000013,0.9999999999999999,1,1,1,1,1,1.0,HOME_WIN,0
2023-09-24 15:30:00+00:00,Sheffield Utd,Newcastle,0.0,8.0,5,1.0,0.2,1.0,1.8,-0.8,0,1,4,0.0,0.2,0.8,43,6.0,1.2,1.6,1.4,0.2,2,0,3,0.4,0.0,0.6,3,0.3333333333333333,1.0,1.6666666666666667,-0.6666666666666666,0.0,21,1.0,1.6,1.6,0.0,0.2,0,0.0,0.0,0.0,0.0,-1.0,-0.6000000000000001,-0.40000000000000013,-1.0,-0.6666666666666667,-0.6000000000000001,-0.06666666666666665,1,1,1,1,0,0.8,AWAY_WIN,2
2023-09-30 11:30:00+00:00,Aston Villa,Brighton,6.0,1.0,44,12.0,2.4,2.2,1.0,1.2,4,0,1,0.8,0.0,0.2,44,12.0,2.4,2.8,1.4,1.4,4,0,1,0.8,0.0,0.2,21,3.0,2.4,0.6,1.8,1.0,21,1.8,2.4,1.6,0.8,0.6,2,3.0,2.0,1.0,1.0,0.0,-0.5999999999999996,0.3999999999999999,-0.19999999999999996,1.2,0.0,1.0,1,1,1,1,1,1.0,HOME_WIN,0
2023-09-30 14:00:00+00:00,West Ham,Sheffield Utd,2.0,0.0,44,9.0,1.8,2.0,1.8,0.2,3,0,2,0.6,0.0,0.4,6,1.0,0.2,1.0,3.2,-2.2,0,1,4,0.0,0.2,0.8,21,1.8,1.8,1.4,0.4,0.6,2,0.0,1.0,2.0,-1.0,0.0,0,0.0,0.0,0.0,0.0,1.6,1.0,1.4000000000000001,2.4000000000000004,1.8,0.8,0.6000000000000001,1,1,1,1,0,0.8,HOME_WIN,0
2023-09-30 14:00:00+00:00,Newcastle,Burnley,2.0,0.0,44,6.0,1.2,2.2,1.2,1.0,2,0,3,0.4,0.0,0.6,5,1.0,0.2,0.8,2.6,-1.8,0,1,4,0.0,0.2,0.8,22,2.0,2.2,0.8,1.4,0.6,1,1.0,1.0,1.0,0.0,0.0,0,0.0,0.0,0.0,0.0,1.0,1.4000000000000001,1.4000000000000001,2.8,1.0,1.2000000000000002,0.19999999999999996,1,1,1,1,0,0.8,HOME_WIN,0
2023-09-30 14:00:00+00:00,Wolves,Manchester City,2.0,1.0,44,4.0,0.8,1.2,2.2,-1.0,1,1,3,0.2,0.2,0.6,44,15.0,3.0,2.6,0.6,2.0,5,0,0,1.0,0.0,0.0,21,1.4,1.2,1.6,-0.4,0.4,22,2.0,1.8,0.8,1.0,0.6,2,0.0,0.0,3.0,0.0,-2.2,-1.4000000000000001,-1.6,-3.0,-0.6000000000000001,-0.6000000000000001,-0.8,1,1,1,1,1,1.0,HOME_WIN,0
2023-09-30 14:00:00+00:00,Everton,Luton,1.0,2.0,44,4.0,0.8,1.0,1.8,-0.8,1,1,3,0.2,0.2,0.6,5,1.0,0.2,0.6,2.2,-1.6,0,1,4,0.0,0.2,0.8,22,0.6,0.2,1.2,-1.0,0.2,3,0.0,0.3333333333333333,2.6666666666666665,-2.3333333333333335,0.0,0,0.0,0.0,0.0,0.0,0.6000000000000001,0.4,0.40000000000000013,0.8,0.6,-0.1333333333333333,1.4666666666666666,1,1,1,1,0,0.8,AWAY_WIN,2
2023-09-30 14:00:00+00:00,Bournemouth,Arsenal,0.0,4.0,44,2.0,0.4,0.8,2.0,-1.2,0,2,3,0.0,0.4,0.6,44,11.0,2.2,1.8,1.0,0.8,3,2,0,0.6,0.4,0.0,22,0.4,0.4,1.4,-1.0,0.0,21,1.8,1.0,1.0,0.0,0.6,2,0.0,1.0,3.0,0.0,-1.8000000000000003,-1.0,-1.0,-2.0,-1.4,-0.6,-0.3999999999999999,1,1,1,1,1,1.0,AWAY_WIN,2
2023-09-30 14:00:00+00:00,Manchester United,Crystal Palace,0.0,1.0,44,6.0,1.2,1.2,2.0,-0.8,2,0,3,0.4,0.0,0.6,44,5.0,1.0,1.0,1.4,-0.4,1,2,2,0.2,0.4,0.4,22,2.4,2.2,1.4,0.8,0.8,22,1.0,1.0,1.4,-0.4,0.2,2,2.0,1.5,1.0,0.5,0.19999999999999996,0.19999999999999996,-0.6000000000000001,-0.4,1.4,1.2000000000000002,0.0,1,1,1,1,1,1.0,AWAY_WIN,2
2023-09-30 16:30:00+00:00,Tottenham,Liverpool,2.0,1.0,44,13.0,2.6,2.6,1.0,1.6,4,1,0,0.8,0.2,0.0,44,15.0,3.0,2.8,0.8,2.0,5,0,0,1.0,0.0,0.0,21,2.0,1.6,1.2,0.4,0.6,22,2.2,2.6,1.4,1.2,0.6,2,0.0,2.0,3.0,0.0,-0.3999999999999999,-0.19999999999999973,-0.19999999999999996,-0.3999999999999999,-0.20000000000000018,-1.0,0.19999999999999996,1,1,1,1,1,1.0,HOME_WIN,0
2023-10-01 13:00:00+00:00,Nottingham Forest,Brentford,1.0,1.0,44,7.0,1.4,1.2,1.4,-0.2,2,1,2,0.4,0.2,0.4,44,5.0,1.0,1.4,1.4,0.0,1,2,2,0.2,0.4,0.4,21,2.6,2.2,1.2,1.0,0.8,21,1.8,1.6,0.6,1.0,0.6,2,0.5,1.5,2.0,0.0,0.3999999999999999,-0.19999999999999996,0.0,-0.2,0.8,0.6000000000000001,-0.6,1,1,1,1,1,1.0,DRAW,1
2023-10-02 19:00:00+00:00,Fulham,Chelsea,0.0,2.0,44,5.0,1.0,0.8,2.0,-1.2,1,2,2,0.2,0.4,0.4,44,4.0,0.8,0.8,1.0,-0.2,1,1,3,0.2,0.2,0.6,21,1.4,1.8,2.0,-0.2,0.4,21,0.8,1.0,1.8,-0.8,0.2,2,2.0,1.0,0.5,0.5,0.19999999999999996,0.0,-1.0,-1.0,0.5999999999999999,0.8,-0.19999999999999996,1,1,1,1,1,1.0,AWAY_WIN,2
2023-10-03 18:30:00+00:00,Luton,Burnley,1.0,2.0,6,4.0,0.8,0.8,1.6,-0.8,1,1,3,0.2,0.2,0.6,6,1.0,0.2,0.8,2.4,-1.6,0,1,4,0.0,0.2,0.8,2,0.5,1.0,1.5,-0.5,0.0,2,0.5,0.5,1.5,-1.0,0.0,0,0.0,0.0,0.0,0.0,0.6000000000000001,0.0,0.7999999999999998,0.8,0.0,0.5,0.0,1,1,1,1,0,0.8,AWAY_WIN,2
2023-10-07 11:30:00+00:00,Luton,Tottenham,0.0,1.0,7,4.0,0.8,1.0,1.4,-0.4,1,1,3,0.2,0.2,0.6,45,13.0,2.6,2.6,1.2,1.4,4,1,0,0.8,0.2,0.0,3,0.3333333333333333,1.0,1.6666666666666667,-0.6666666666666666,0.0,23,2.2,3.0,1.4,1.6,0.6,0,0.0,0.0,0.0,0.0,-1.8,-1.6,-0.19999999999999996,-1.7999999999999998,-1.866666666666667,-2.0,-0.26666666666666683,1,1,1,1,0,0.8,AWAY_WIN,2
2023-10-07 14:00:00+00:00,Manchester United,Brentford,2.0,1.0,45,6.0,1.2,1.2,1.8,-0.6,2,0,3,0.4,0.0,0.6,45,3.0,0.6,1.0,1.6,-0.6,0,3,2,0.0,0.6,0.4,23,1.8,1.4,1.4,0.0,0.6,22,1.4,1.4,0.8,0.6,0.4,2,1.5,0.5,2.0,0.5,0.6,0.19999999999999996,-0.19999999999999996,0.0,0.40000000000000013,0.0,-0.5999999999999999,1,1,1,1,1,1.0,HOME_WIN,0
2023-10-07 14:00:00+00:00,Fulham,Sheffield Utd,3.0,1.0,45,5.0,1.0,0.8,1.8,-1.0,1,2,2,0.2,0.4,0.4,7,1.0,0.2,0.8,3.2,-2.4,0,1,4,0.0,0.2,0.8,22,1.4,1.6,2.0,-0.4,0.4,3,0.0,0.6666666666666666,2.0,-1.3333333333333333,0.0,0,0.0,0.0,0.0,0.0,0.8,0.0,1.4000000000000001,1.4,1.4,0.9333333333333335,0.0,1,1,1,1,0,0.8,HOME_WIN,0
2023-10-07 14:00:00+00:00,Everton,Bournemouth,3.0,0.0,45,4.0,0.8,1.2,1.4,-0.2,1,1,3,0.2,0.2,0.6,45,2.0,0.4,0.6,2.2,-1.6,0,2,3,0.0,0.4,0.6,23,0.6,0.4,1.0,-0.6,0.2,22,0.2,0.8,2.2,-1.4,0.0,2,1.5,0.5,1.5,0.5,0.4,0.6,0.8000000000000003,1.4000000000000001,0.39999999999999997,-0.4,1.2000000000000002,1,1,1,1,1,1.0,HOME_WIN,0
2023-10-07 14:00:00+00:00,Burnley,Chelsea,1.0,4.0,7,4.0,0.8,1.0,2.0,-1.0,1,1,3,0.2,0.2,0.6,45,7.0,1.4,1.0,0.4,0.6,2,1,2,0.4,0.2,0.4,4,0.0,0.75,3.0,-2.25,0.0,22,0.8,0.8,1.6,-0.8,0.2,0,0.0,0.0,0.0,0.0,-0.5999999999999999,0.0,-1.6,-1.6,-0.8,-0.050000000000000044,-1.4,1,1,1,1,0,0.8,AWAY_WIN,2
2023-10-07 16:30:00+00:00,Crystal Palace,Nottingham Forest,0.0,0.0,45,8.0,1.6,1.2,1.2,0.0,2,2,1,0.4,0.4,0.2,45,5.0,1.0,1.0,1.4,-0.4,1,2,2,0.2,0.4,0.4,22,1.6,1.2,0.8,0.4,0.4,23,0.8,1.0,1.6,-0.6,0.2,2,0.5,0.5,1.0,0.0,0.6000000000000001,0.19999999999999996,0.19999999999999996,0.4,0.8,0.19999999999999996,0.8,1,1,1,1,1,1.0,DRAW,1
2023-10-08 13:00:00+00:00,Brighton,Liverpool,2.0,2.0,45,9.0,1.8,2.2,2.4,-0.2,3,0,2,0.6,0.0,0.4,45,12.0,2.4,2.4,1.0,1.4,4,0,1,0.8,0.0,0.2,23,2.0,2.4,1.4,1.0,0.6,23,1.6,2.2,1.8,0.4,0.4,2,2.0,3.0,1.5,0.5,-0.5999999999999999,-0.19999999999999973,-1.4,-1.5999999999999999,0.3999999999999999,0.19999999999999973,0.40000000000000013,1,1,1,1,1,1.0,DRAW,1
2023-10-08 13:00:00+00:00,West Ham,Newcastle,2.0,2.0,45,9.0,1.8,1.8,1.6,0.2,3,0,2,0.6,0.0,0.4,45,9.0,1.8,2.6,1.0,1.6,3,0,2,0.6,0.0,0.4,22,2.4,2.0,1.0,1.0,0.8,22,1.0,2.4,1.4,1.0,0.2,2,0.5,1.0,3.0,0.0,0.0,-0.8,-0.6000000000000001,-1.4000000000000001,1.4,-0.3999999999999999,0.3999999999999999,1,1,1,1,1,1.0,DRAW,1
2023-10-08 13:00:00+00:00,Wolves,Aston Villa,1.0,1.0,45,7.0,1.4,1.4,1.6,-0.2,2,1,2,0.4,0.2,0.4,45,12.0,2.4,2.6,1.2,1.4,4,0,1,0.8,0.0,0.2,22,1.4,1.2,1.8,-0.6,0.4,23,1.4,1.2,2.0,-0.8,0.4,2,2.0,1.0,0.5,0.5,-1.0,-1.2000000000000002,-0.40000000000000013,-1.5999999999999999,0.0,0.0,0.19999999999999996,1,1,1,1,1,1.0,DRAW,1
2023-10-08 15:30:00+00:00,Arsenal,Manchester City,1.0,0.0,45,11.0,2.2,2.4,1.0,1.4,3,2,0,0.6,0.4,0.0,45,12.0,2.4,2.6,1.0,1.6,4,0,1,0.8,0.0,0.2,23,2.2,2.8,1.2,1.6,0.6,23,1.8,1.8,1.0,0.8,0.6,2,0.0,1.0,3.5,0.0,-0.19999999999999973,-0.20000000000000018,0.0,-0.20000000000000018,0.40000000000000013,0.9999999999999998,-0.19999999999999996,1,1,1,1,1,1.0,HOME_WIN,0
2023-10-21 11:30:00+00:00,Liverpool,Everton,2.0,0.0,46,10.0,2.0,2.4,1.2,1.2,3,1,1,0.6,0.2,0.2,46,7.0,1.4,1.8,1.2,0.6,2,1,2,0.4,0.2,0.4,22,2.6,2.2,0.6,1.6,0.8,22,1.6,2.2,1.8,0.4,0.4,2,2.0,1.0,0.0,0.5,0.6000000000000001,0.5999999999999999,0.0,0.6,1.0,0.0,1.2000000000000002,1,1,1,1,1,1.0,HOME_WIN,0
2023-10-21 14:00:00+00:00,Nottingham Forest,Luton,2.0,2.0,46,6.0,1.2,0.6,0.8,-0.2,1,3,1,0.2,0.6,0.2,8,4.0,0.8,0.8,1.2,-0.4,1,1,3,0.2,0.2,0.6,22,2.2,1.8,1.2,0.6,0.6,4,0.75,0.75,2.25,-1.5,0.25,0,0.0,0.0,0.0,0.0,0.3999999999999999,-0.20000000000000007,0.3999999999999999,0.2,1.4500000000000002,1.05,1.05,1,1,1,1,0,0.8,DRAW,1
2023-10-21 14:00:00+00:00,Newcastle,Crystal Palace,4.0,0.0,46,10.0,2.0,2.8,1.0,1.8,3,1,1,0.6,0.2,0.2,46,8.0,1.6,1.0,1.0,0.0,2,2,1,0.4,0.4,0.2,23,2.0,1.8,0.6,1.2,0.6,23,1.6,1.2,1.2,0.0,0.4,2,1.0,0.0,0.0,0.0,0.3999999999999999,1.7999999999999998,0.0,1.8,0.3999999999999999,0.6000000000000001,0.6,1,1,1,1,1,1.0,HOME_WIN,0
2023-10-21 14:00:00+00:00,Bournemouth,Wolves,1.0,2.0,46,2.0,0.4,0.6,2.4,-1.8,0,2,3,0.0,0.4,0.6,46,5.0,1.0,1.4,1.8,-0.4,1,2,2,0.2,0.4,0.4,23,0.4,0.2,1.6,-1.4,0.0,23,0.8,0.8,2.0,-1.2,0.2,2,2.0,0.5,0.0,0.5,-0.6,-0.7999999999999999,-0.5999999999999999,-1.4,-0.4,-0.6000000000000001,0.3999999999999999,1,1,1,1,1,1.0,AWAY_WIN,2
2023-10-21 14:00:00+00:00,Brentford,Burnley,3.0,0.0,46,2.0,0.4,1.0,1.8,-0.8,0,2,3,0.0,0.4,0.6,8,4.0,0.8,0.8,1.8,-1.0,1,1,3,0.2,0.2,0.6,23,1.2,1.4,1.6,-0.2,0.2,3,1.3333333333333333,1.0,1.3333333333333333,-0.3333333333333333,0.3333333333333333,0,0.0,0.0,0.0,0.0,-0.4,0.19999999999999996,0.0,0.19999999999999996,-0.1333333333333333,0.3999999999999999,-0.26666666666666683,1,1,1,1,0,0.8,HOME_WIN,0
2023-10-21 14:00:00+00:00,Manchester City,Brighton,2.0,1.0,46,9.0,1.8,2.2,1.0,1.2,3,0,2,0.6,0.0,0.4,46,10.0,2.0,2.4,2.2,0.2,3,1,1,0.6,0.2,0.2,22,3.0,2.2,0.4,1.8,1.0,22,1.2,2.0,2.8,-0.8,0.4,2,2.0,2.0,1.0,0.5,-0.19999999999999996,-0.19999999999999973,1.2000000000000002,1.0,1.8,0.20000000000000018,2.4,1,1,1,1,1,1.0,HOME_WIN,0
2023-10-21 16:30:00+00:00,Chelsea,Arsenal,2.0,2.0,46,7.0,1.4,1.2,0.6,0.6,2,1,2,0.4,0.2,0.4,46,13.0,2.6,2.2,0.6,1.6,4,1,0,0.8,0.2,0.0,23,1.0,1.0,0.8,0.2,0.2,22,2.4,1.6,0.2,1.4,0.8,2,0.0,0.5,2.0,0.0,-1.2000000000000002,-1.0000000000000002,0.0,-1.0,-1.4,-0.6000000000000001,-0.6000000000000001,1,1,1,1,1,1.0,DRAW,1
2023-10-21 19:00:00+00:00,Sheffield Utd,Manchester United,1.0,2.0,8,1.0,0.2,0.8,3.4,-2.6,0,1,4,0.0,0.2,0.8,46,6.0,1.2,1.0,1.6,-0.6,2,0,3,0.4,0.0,0.6,4,0.25,0.75,3.25,-2.5,0.0,22,1.2,0.6,1.2,-0.6,0.4,0,0.0,0.0,0.0,0.0,-1.0,-0.19999999999999996,-1.7999999999999998,-2.0,-0.95,0.15000000000000002,-2.05,1,1,1,1,0,0.8,AWAY_WIN,2
2023-10-22 15:30:00+00:00,Aston Villa,West Ham,4.0,1.0,46,10.0,2.0,2.2,1.2,1.0,3,1,1,0.6,0.2,0.2,46,7.0,1.4,1.6,1.8,-0.2,2,1,2,0.4,0.2,0.4,22,3.0,3.4,0.8,2.6,1.0,23,1.4,1.6,1.6,0.0,0.4,2,0.5,0.5,1.0,0.0,0.6000000000000001,0.6000000000000001,0.6000000000000001,1.2,1.6,1.7999999999999998,0.8,1,1,1,1,1,1.0,HOME_WIN,0
2023-10-23 19:00:00+00:00,Tottenham,Fulham,2.0,0.0,46,13.0,2.6,2.4,1.2,1.2,4,1,0,0.8,0.2,0.0,46,7.0,1.4,1.0,1.6,-0.6,2,1,2,0.4,0.2,0.4,22,2.4,1.6,1.0,0.6,0.8,23,1.0,1.0,1.8,-0.8,0.2,2,3.0,1.5,0.5,1.0,1.2000000000000002,1.4,0.40000000000000013,1.7999999999999998,1.4,0.6000000000000001,0.8,1,1,1,1,1,1.0,HOME_WIN,0
2023-10-27 19:00:00+00:00,Crystal Palace,Tottenham,1.0,2.0,47,5.0,1.0,0.4,1.4,-1.0,1,2,2,0.2,0.4,0.4,47,13.0,2.6,1.8,0.8,1.0,4,1,0,0.8,0.2,0.0,23,1.2,0.8,0.8,0.0,0.2,24,2.2,2.4,1.2,1.2,0.6,2,0.0,0.0,2.5,0.0,-1.6,-1.4,-0.5999999999999999,-2.0,-1.0000000000000002,-1.5999999999999999,0.3999999999999999,1,1,1,1,1,1.0,AWAY_WIN,2
2023-10-28 11:30:00+00:00,Chelsea,Brentford,0.0,2.0,47,8.0,1.6,1.6,0.8,0.8,2,2,1,0.4,0.4,0.2,47,4.0,0.8,1.2,1.4,-0.2,1,1,3,0.2,0.2,0.6,24,1.0,1.2,1.0,0.2,0.2,23,1.4,1.6,1.0,0.6,0.4,2,0.5,0.0,1.0,0.0,0.8,0.40000000000000013,0.5999999999999999,1.0,-0.3999999999999999,-0.40000000000000013,0.0,1,1,1,1,1,1.0,AWAY_WIN,2
2023-10-28 14:00:00+00:00,Bournemouth,Burnley,2.0,1.0,47,1.0,0.2,0.4,2.4,-2.0,0,1,4,0.0,0.2,0.8,9,3.0,0.6,0.6,2.2,-1.6,1,0,4,0.2,0.0,0.8,24,0.4,0.4,1.8,-1.4,0.0,4,1.0,0.75,1.75,-1.0,0.25,0,0.0,0.0,0.0,0.0,-0.39999999999999997,-0.19999999999999996,-0.19999999999999973,-0.3999999999999999,-0.6,-0.35,-0.050000000000000044,1,1,1,1,0,0.8,HOME_WIN,0
2023-10-28 14:00:00+00:00,Arsenal,Sheffield Utd,5.0,0.0,47,11.0,2.2,2.0,0.8,1.2,3,2,0,0.6,0.4,0.0,9,0.0,0.0,0.6,3.4,-2.8,0,0,5,0.0,0.0,1.0,24,2.2,2.0,1.2,0.8,0.6,4,0.0,0.75,2.25,-1.5,0.0,0,0.0,0.0,0.0,0.0,2.2,1.4,2.5999999999999996,4.0,2.2,1.25,1.05,1,1,1,1,0,0.8,HOME_WIN,0
2023-10-28 16:30:00+00:00,Wolves,Newcastle,2.0,2.0,47,8.0,1.6,1.4,1.4,0.0,2,2,1,0.4,0.4,0.2,47,13.0,2.6,3.4,0.4,3.0,4,1,0,0.8,0.2,0.0,23,1.0,1.2,2.0,-0.8,0.2,23,1.0,2.4,1.4,1.0,0.2,2,0.5,1.0,1.5,0.0,-1.0,-2.0,-0.9999999999999999,-3.0,0.0,-1.2,-0.6000000000000001,1,1,1,1,1,1.0,DRAW,1
2023-10-29 13:00:00+00:00,West Ham,Everton,0.0,1.0,47,4.0,0.8,1.4,2.4,-1.0,1,1,3,0.2,0.2,0.6,47,6.0,1.2,1.4,1.2,0.2,2,0,3,0.4,0.0,0.6,23,2.0,2.2,1.4,0.8,0.6,23,1.0,1.2,2.0,-0.8,0.2,2,1.5,1.0,0.5,0.5,-0.3999999999999999,0.0,-1.2,-1.2,1.0,1.0000000000000002,0.6000000000000001,1,1,1,1,1,1.0,AWAY_WIN,2
2023-10-29 14:00:00+00:00,Aston Villa,Luton,3.0,1.0,47,13.0,2.6,3.0,0.8,2.2,4,1,0,0.8,0.2,0.0,9,5.0,1.0,1.2,1.4,-0.2,1,2,2,0.2,0.4,0.4,23,3.0,3.8,0.8,3.0,1.0,5,0.8,1.0,2.2,-1.2,0.2,0,0.0,0.0,0.0,0.0,1.6,1.8,0.5999999999999999,2.4000000000000004,2.2,2.8,1.4000000000000001,1,1,1,1,0,0.8,HOME_WIN,0
2023-10-29 14:00:00+00:00,Brighton,Fulham,1.0,1.0,47,7.0,1.4,2.0,2.4,-0.4,2,1,2,0.4,0.2,0.4,47,7.0,1.4,0.8,1.0,-0.2,2,1,2,0.4,0.2,0.4,24,2.0,2.6,1.6,1.0,0.6,24,1.0,0.8,1.8,-1.0,0.2,2,0.0,0.5,1.5,0.0,0.0,1.2,-1.4,-0.2,1.0,1.8,0.19999999999999996,1,1,1,1,1,1.0,DRAW,1
2023-10-29 14:00:00+00:00,Liverpool,Nottingham Forest,3.0,0.0,47,10.0,2.0,2.2,1.2,1.0,3,1,1,0.6,0.2,0.2,47,4.0,0.8,0.8,1.2,-0.4,0,4,1,0.0,0.8,0.2,23,2.6,2.4,0.6,1.8,0.8,24,0.8,0.8,1.4,-0.6,0.2,2,1.5,1.5,1.5,0.5,1.2,1.4000000000000001,0.0,1.4,1.8,1.5999999999999999,0.7999999999999999,1,1,1,1,1,1.0,HOME_WIN,0
2023-10-29 15:30:00+00:00,Manchester United,Manchester City,0.0,3.0,47,9.0,1.8,1.2,1.2,0.0,3,0,2,0.6,0.0,0.4,47,9.0,1.8,1.6,1.0,0.6,3,0,2,0.6,0.0,0.4,24,1.8,1.4,1.4,0.0,0.6,24,1.8,1.8,1.0,0.8,0.6,2,1.5,2.5,3.5,0.5,0.0,-0.40000000000000013,-0.19999999999999996,-0.6,0.0,-0.40000000000000013,-0.3999999999999999,1,1,1,1,1,1.0,AWAY_WIN,2
2023-11-04 12:30:00+00:00,Fulham,Manchester United,0.0,1.0,48,5.0,1.0,0.8,1.2,-0.4,1,2,2,0.2,0.4,0.4,48,9.0,1.8,1.0,1.2,-0.2,3,0,2,0.6,0.0,0.4,23,1.4,1.2,1.6,-0.4,0.4,23,1.8,1.0,1.2,-0.2,0.6,2,0.0,1.0,2.0,0.0,-0.8,-0.19999999999999996,0.0,-0.2,-0.40000000000000013,0.19999999999999996,-0.40000000000000013,1,1,1,1,1,1.0,AWAY_WIN,2
2023-11-04 15:00:00+00:00,Brentford,West Ham,3.0,2.0,48,7.0,1.4,1.6,1.2,0.4,2,1,2,0.4,0.2,0.4,48,4.0,0.8,1.2,2.0,-0.8,1,1,3,0.2,0.2,0.6,24,1.2,1.8,1.6,0.2,0.2,24,1.4,1.6,2.0,-0.4,0.4,2,3.0,2.0,0.0,1.0,0.5999999999999999,0.40000000000000013,0.8,1.2000000000000002,-0.19999999999999996,0.19999999999999996,0.3999999999999999,1,1,1,1,1,1.0,HOME_WIN,0
2023-11-04 15:00:00+00:00,Burnley,Crystal Palace,0.0,2.0,10,3.0,0.6,0.8,2.4,-1.6,1,0,4,0.2,0.0,0.8,48,5.0,1.0,0.4,1.2,-0.8,1,2,2,0.2,0.4,0.4,5,0.0,0.8,3.2,-2.4,0.0,24,1.4,0.8,1.6,-0.8,0.4,0,0.0,0.0,0.0,0.0,-0.4,0.4,-1.2,-0.8,-1.4,0.0,-1.6,1,1,1,1,0,0.8,AWAY_WIN,2
2023-11-04 15:00:00+00:00,Everton,Brighton,1.0,1.0,48,9.0,1.8,1.6,1.0,0.6,3,0,2,0.6,0.0,0.4,48,5.0,1.0,1.6,2.4,-0.8,1,2,2,0.2,0.4,0.4,24,0.6,0.8,1.0,-0.2,0.2,23,1.2,2.0,2.4,-0.4,0.4,2,1.5,3.0,2.5,0.5,0.8,0.0,1.4,1.4,-0.6,-1.2,1.4,1,1,1,1,1,1.0,DRAW,1
2023-11-04 15:00:00+00:00,Manchester City,Bournemouth,6.0,1.0,48,9.0,1.8,1.6,0.8,0.8,3,0,2,0.6,0.0,0.4,48,3.0,0.6,0.8,2.6,-1.8,1,0,4,0.2,0.0,0.8,23,3.0,2.2,0.4,1.8,1.0,23,0.2,0.8,2.4,-1.6,0.0,2,3.0,4.0,0.5,1.0,1.2000000000000002,0.8,1.8,2.6,2.8,1.4000000000000001,2.0,1,1,1,1,1,1.0,HOME_WIN,0
2023-11-04 15:00:00+00:00,Sheffield Utd,Wolves,2.0,1.0,10,0.0,0.0,0.4,4.0,-3.6,0,0,5,0.0,0.0,1.0,48,9.0,1.8,1.6,1.2,0.4,2,3,0,0.4,0.6,0.0,5,0.2,0.8,3.0,-2.2,0.0,24,1.4,1.2,1.2,0.0,0.4,0,0.0,0.0,0.0,0.0,-1.8,-1.2000000000000002,-2.8,-4.0,-1.2,-0.3999999999999999,-1.8,1,1,1,1,0,0.8,HOME_WIN,0
2023-11-04 17:30:00+00:00,Newcastle,Arsenal,1.0,0.0,48,11.0,2.2,3.6,0.8,2.8,3,2,0,0.6,0.4,0.0,48,11.0,2.2,2.8,0.8,2.0,3,2,0,0.6,0.4,0.0,24,2.4,2.6,0.6,2.0,0.8,23,2.0,1.6,0.6,1.0,0.6,2,0.5,0.0,1.0,0.0,0.0,0.8000000000000003,0.0,0.7999999999999998,0.3999999999999999,1.0,0.0,1,1,1,1,1,1.0,HOME_WIN,0
2023-11-05 14:00:00+00:00,Nottingham Forest,Aston Villa,2.0,0.0,48,3.0,0.6,0.6,1.6,-1.0,0,3,2,0.0,0.6,0.4,48,13.0,2.6,3.0,0.8,2.2,4,1,0,0.8,0.2,0.0,23,1.8,1.4,1.0,0.4,0.4,24,1.4,1.2,2.0,-0.8,0.4,2,0.5,0.5,1.5,0.0,-2.0,-2.4,-0.8,-3.2,0.40000000000000013,0.19999999999999996,1.0,1,1,1,1,1,1.0,HOME_WIN,0
2023-11-05 16:30:00+00:00,Luton,Liverpool,1.0,1.0,10,4.0,0.8,1.2,1.8,-0.6,1,1,3,0.2,0.2,0.6,48,10.0,2.0,2.2,1.0,1.2,3,1,1,0.6,0.2,0.2,4,0.25,0.75,1.5,-0.75,0.0,24,1.6,1.8,1.4,0.4,0.4,0,0.0,0.0,0.0,0.0,-1.2,-1.0000000000000002,-0.8,-1.7999999999999998,-1.35,-1.05,-0.10000000000000009,1,1,1,1,0,0.8,DRAW,1
2023-11-06 20:00:00+00:00,Tottenham,Chelsea,1.0,4.0,48,13.0,2.6,1.8,0.8,1.0,4,1,0,0.8,0.2,0.0,48,7.0,1.4,1.6,1.2,0.4,2,1,2,0.4,0.2,0.4,23,2.4,1.8,1.0,0.8,0.8,23,1.4,1.6,1.6,0.0,0.4,2,2.0,2.0,1.0,0.5,1.2000000000000002,0.19999999999999996,0.3999999999999999,0.6,1.0,0.19999999999999996,0.6000000000000001,1,1,1,1,1,1.0,AWAY_WIN,2
2023-11-11 12:30:00+00:00,Wolves,Tottenham,2.0,1.0,49,8.0,1.6,1.6,1.4,0.2,2,2,1,0.4,0.4,0.2,49,12.0,2.4,1.6,1.2,0.4,4,0,1,0.8,0.0,0.2,24,1.0,1.4,2.2,-0.8,0.2,25,2.6,2.4,1.0,1.4,0.8,2,1.5,0.5,0.5,0.5,-0.7999999999999998,0.0,-0.19999999999999996,-0.2,-1.6,-1.0,-1.2000000000000002,1,1,1,1,1,1.0,HOME_WIN,0
2023-11-11 15:00:00+00:00,Arsenal,Burnley,3.0,1.0,49,10.0,2.0,2.4,0.6,1.8,3,1,1,0.6,0.2,0.2,11,3.0,0.6,0.8,2.4,-1.6,1,0,4,0.2,0.0,0.8,25,2.2,2.6,1.0,1.6,0.6,5,0.8,0.8,1.8,-1.0,0.2,0,0.0,0.0,0.0,0.0,1.4,1.5999999999999999,1.7999999999999998,3.4000000000000004,1.4000000000000001,1.8,0.8,1,1,1,1,0,0.8,HOME_WIN,0
2023-11-11 15:00:00+00:00,Crystal Palace,Everton,2.0,3.0,49,7.0,1.4,0.8,1.2,-0.4,2,1,2,0.4,0.2,0.4,49,7.0,1.4,1.2,1.0,0.2,2,1,2,0.4,0.2,0.4,24,1.0,0.8,1.0,-0.2,0.2,24,1.4,1.2,1.8,-0.6,0.4,2,0.5,0.0,1.5,0.0,0.0,-0.3999999999999999,-0.19999999999999996,-0.6000000000000001,-0.3999999999999999,-0.3999999999999999,0.8,1,1,1,1,1,1.0,AWAY_WIN,2
2023-11-11 15:00:00+00:00,Manchester United,Luton,1.0,0.0,49,9.0,1.8,1.0,1.2,-0.2,3,0,2,0.6,0.0,0.4,11,2.0,0.4,1.0,1.8,-0.8,0,2,3,0.0,0.4,0.6,25,1.2,1.2,2.0,-0.8,0.4,6,0.8,1.0,2.0,-1.0,0.2,0,0.0,0.0,0.0,0.0,1.4,0.0,0.6000000000000001,0.6000000000000001,0.3999999999999999,0.19999999999999996,0.0,1,1,1,1,0,0.8,HOME_WIN,0
2023-11-11 17:30:00+00:00,Bournemouth,Newcastle,2.0,0.0,49,3.0,0.6,0.8,3.2,-2.4,1,0,4,0.2,0.0,0.8,49,11.0,2.2,2.2,0.8,1.4,3,2,0,0.6,0.4,0.0,25,0.8,0.6,1.8,-1.2,0.2,24,1.0,2.6,1.6,1.0,0.2,2,1.0,1.0,1.0,0.0,-1.6,-1.4000000000000001,-2.4000000000000004,-3.8,-0.19999999999999996,-2.0,-0.19999999999999996,1,1,1,1,1,1.0,HOME_WIN,0
2023-11-12 14:00:00+00:00,Liverpool,Brentford,3.0,0.0,49,8.0,1.6,1.8,1.0,0.8,2,2,1,0.4,0.4,0.2,49,10.0,2.0,2.0,1.0,1.0,3,1,1,0.6,0.2,0.2,24,3.0,2.8,0.4,2.4,1.0,24,1.4,1.4,0.8,0.6,0.4,2,1.5,1.0,1.5,0.5,-0.3999999999999999,-0.19999999999999996,0.0,-0.19999999999999996,1.6,1.4,0.4,1,1,1,1,1,1.0,HOME_WIN,0
2023-11-12 14:00:00+00:00,West Ham,Nottingham Forest,3.0,2.0,49,4.0,0.8,1.4,2.0,-0.6,1,1,3,0.2,0.2,0.6,49,6.0,1.2,1.0,1.2,-0.2,1,3,1,0.2,0.6,0.2,24,1.4,1.6,1.4,0.2,0.4,25,0.8,0.6,1.6,-1.0,0.2,2,1.5,2.0,0.5,0.5,-0.3999999999999999,0.3999999999999999,-0.8,-0.39999999999999997,0.5999999999999999,1.0,0.20000000000000018,1,1,1,1,1,1.0,HOME_WIN,0
2023-11-12 14:00:00+00:00,Aston Villa,Fulham,3.0,1.0,49,10.0,2.0,2.8,1.2,1.6,3,1,1,0.6,0.2,0.2,49,4.0,0.8,0.8,1.4,-0.6,1,1,3,0.2,0.2,0.6,24,3.0,4.0,0.8,3.2,1.0,25,0.6,0.8,2.0,-1.2,0.0,2,1.5,0.5,1.5,0.5,1.2,1.9999999999999998,0.19999999999999996,2.2,2.4,3.2,1.2,1,1,1,1,1,1.0,HOME_WIN,0
2023-11-12 14:00:00+00:00,Brighton,Sheffield Utd,1.0,1.0,49,3.0,0.6,1.2,2.4,-1.2,0,3,2,0.0,0.6,0.4,11,3.0,0.6,0.8,2.6,-1.8,1,0,4,0.2,0.0,0.8,25,1.6,2.0,1.6,0.4,0.4,5,0.0,0.6,2.8,-2.2,0.0,0,0.0,0.0,0.0,0.0,0.0,0.3999999999999999,0.20000000000000018,0.6000000000000001,1.6,1.4,1.1999999999999997,1,1,1,1,0,0.8,DRAW,1
2023-11-12 16:30:00+00:00,Chelsea,Manchester City,4.0,4.0,49,10.0,2.0,2.4,1.2,1.2,3,1,1,0.6,0.2,0.2,49,9.0,1.8,2.4,1.0,1.4,3,0,2,0.6,0.0,0.4,25,0.8,1.0,1.2,-0.2,0.2,25,1.8,1.8,1.0,0.8,0.6,2,0.0,0.0,1.0,0.0,0.19999999999999996,0.0,-0.19999999999999996,-0.19999999999999996,-1.0,-0.8,-0.19999999999999996,1,1,1,1,1,1.0,DRAW,1
2023-11-25 12:30:00+00:00,Manchester City,Liverpool,1.0,1.0,50,10.0,2.0,3.0,1.4,1.6,3,1,1,0.6,0.2,0.2,50,11.0,2.2,2.2,0.6,1.6,3,2,0,0.6,0.4,0.0,24,3.0,3.2,0.6,2.6,1.0,25,1.6,1.8,1.4,0.4,0.4,2,1.5,2.0,1.0,0.5,-0.20000000000000018,0.7999999999999998,-0.7999999999999999,0.0,1.4,1.4000000000000001,0.7999999999999999,1,1,1,1,1,1.0,DRAW,1
2023-11-25 15:00:00+00:00,Burnley,West Ham,1.0,2.0,12,0.0,0.0,0.6,2.8,-2.2,0,0,5,0.0,0.0,1.0,50,4.0,0.8,1.6,2.4,-0.8,1,1,3,0.2,0.2,0.6,6,0.0,0.8,3.0,-2.2,0.0,25,1.2,1.8,2.4,-0.6,0.4,0,0.0,0.0,0.0,0.0,-0.8,-1.0,-0.3999999999999999,-1.4000000000000001,-1.2,-1.0,-0.6000000000000001,1,1,1,1,0,0.8,AWAY_WIN,2
2023-11-25 15:00:00+00:00,Luton,Crystal Palace,2.0,1.0,12,2.0,0.4,0.8,1.6,-0.8,0,2,3,0.0,0.4,0.6,50,4.0,0.8,1.0,1.8,-0.8,1,1,3,0.2,0.2,0.6,5,0.4,0.8,1.4,-0.6,0.0,25,1.4,1.0,1.6,-0.6,0.4,0,0.0,0.0,0.0,0.0,-0.4,-0.19999999999999996,0.19999999999999996,0.0,-0.9999999999999999,-0.19999999999999996,0.20000000000000018,1,1,1,1,0,0.8,HOME_WIN,0
2023-11-25 15:00:00+00:00,Newcastle,Chelsea,4.0,1.0,50,8.0,1.6,1.8,1.2,0.6,2,2,1,0.4,0.4,0.2,50,8.0,1.6,2.8,2.0,0.8,2,2,1,0.4,0.4,0.2,25,2.4,1.8,0.4,1.4,0.8,24,2.0,2.2,1.0,1.2,0.6,2,2.0,1.0,0.5,0.5,0.0,-0.9999999999999998,0.8,-0.20000000000000007,0.3999999999999999,-0.40000000000000013,0.6,1,1,1,1,1,1.0,HOME_WIN,0
2023-11-25 15:00:00+00:00,Nottingham Forest,Brighton,2.0,3.0,50,5.0,1.0,1.2,1.6,-0.4,1,2,2,0.2,0.4,0.4,50,4.0,0.8,1.2,1.4,-0.2,0,4,1,0.0,0.8,0.2,24,1.8,1.6,1.0,0.6,0.4,24,1.4,2.0,2.2,-0.2,0.4,2,2.0,1.5,0.5,0.5,0.19999999999999996,0.0,-0.20000000000000018,-0.2,0.40000000000000013,-0.3999999999999999,1.2000000000000002,1,1,1,1,1,1.0,AWAY_WIN,2
2023-11-25 15:00:00+00:00,Sheffield Utd,Bournemouth,1.0,3.0,12,4.0,0.8,1.0,2.4,-1.4,1,1,3,0.2,0.2,0.6,50,6.0,1.2,1.2,2.4,-1.2,2,0,3,0.4,0.0,0.6,6,0.8,1.2,3.0,-1.8,0.2,24,0.2,1.0,3.4,-2.4,0.0,0,0.0,0.0,0.0,0.0,-0.3999999999999999,-0.19999999999999996,0.0,-0.19999999999999996,0.6000000000000001,0.19999999999999996,0.3999999999999999,1,1,1,1,0,0.8,AWAY_WIN,2
2023-11-25 17:30:00+00:00,Brentford,Arsenal,0.0,1.0,50,9.0,1.8,1.8,1.4,0.4,3,0,2,0.6,0.0,0.4,50,10.0,2.0,2.2,0.8,1.4,3,1,1,0.6,0.2,0.2,25,1.6,2.0,1.6,0.4,0.4,24,2.0,1.6,0.6,1.0,0.6,2,0.5,0.5,2.0,0.0,-0.19999999999999996,-0.40000000000000013,-0.5999999999999999,-0.9999999999999999,-0.3999999999999999,0.3999999999999999,-1.0,1,1,1,1,1,1.0,AWAY_WIN,2
2023-11-26 14:00:00+00:00,Tottenham,Aston Villa,1.0,2.0,50,9.0,1.8,1.4,1.4,0.0,3,0,2,0.6,0.0,0.4,50,10.0,2.0,2.2,1.2,1.0,3,1,1,0.6,0.2,0.2,24,2.4,1.8,1.2,0.6,0.8,25,1.4,1.0,1.4,-0.4,0.4,2,0.0,0.5,2.0,0.0,-0.19999999999999996,-0.8000000000000003,-0.19999999999999996,-1.0,1.0,0.8,0.19999999999999996,1,1,1,1,1,1.0,AWAY_WIN,2
2023-11-26 16:30:00+00:00,Everton,Manchester United,0.0,3.0,50,10.0,2.0,1.6,1.0,0.6,3,1,1,0.6,0.2,0.2,50,12.0,2.4,1.2,1.0,0.2,4,0,1,0.8,0.0,0.2,25,0.8,1.0,1.0,0.0,0.2,24,1.8,1.0,1.2,-0.2,0.6,2,0.0,0.5,2.0,0.0,-0.3999999999999999,0.40000000000000013,0.0,0.39999999999999997,-1.0,0.0,0.19999999999999996,1,1,1,1,1,1.0,AWAY_WIN,2
2023-11-27 20:00:00+00:00,Fulham,Wolves,3.0,2.0,50,4.0,0.8,1.0,1.6,-0.6,1,1,3,0.2,0.2,0.6,50,8.0,1.6,1.6,1.4,0.2,2,2,1,0.4,0.4,0.2,24,1.2,0.8,1.4,-0.6,0.4,25,1.4,1.4,1.4,0.0,0.4,2,1.0,0.5,0.5,0.0,-0.8,-0.6000000000000001,-0.20000000000000018,-0.8,-0.19999999999999996,-0.5999999999999999,0.0,1,1,1,1,1,1.0,HOME_WIN,0
2023-12-02 15:00:00+00:00,Arsenal,Wolves,2.0,1.0,51,10.0,2.0,2.2,0.8,1.4,3,1,1,0.6,0.2,0.2,51,7.0,1.4,1.8,1.8,0.0,2,1,2,0.4,0.2,0.4,26,2.6,2.8,0.8,2.0,0.8,26,0.8,1.6,2.0,-0.4,0.2,2,3.0,3.5,0.0,1.0,0.6000000000000001,0.40000000000000013,1.0,1.4,1.8,1.1999999999999997,1.2,1,1,1,1,1,1.0,HOME_WIN,0
2023-12-02 15:00:00+00:00,Brentford,Luton,3.0,1.0,51,9.0,1.8,1.6,1.2,0.4,3,0,2,0.6,0.0,0.4,13,5.0,1.0,1.2,1.6,-0.4,1,2,2,0.2,0.4,0.4,26,1.4,1.8,1.6,0.2,0.4,7,0.8,1.0,1.6,-0.6,0.2,0,0.0,0.0,0.0,0.0,0.8,0.40000000000000013,0.40000000000000013,0.8,0.5999999999999999,0.8,0.0,1,1,1,1,0,0.8,HOME_WIN,0
2023-12-02 15:00:00+00:00,Burnley,Sheffield Utd,5.0,0.0,13,0.0,0.0,0.6,2.4,-1.8,0,0,5,0.0,0.0,1.0,13,4.0,0.8,1.0,2.4,-1.4,1,1,3,0.2,0.2,0.6,7,0.0,0.8,2.8,-2.0,0.0,6,0.2,0.6,2.6,-2.0,0.0,0,0.0,0.0,0.0,0.0,-0.8,-0.4,0.0,-0.40000000000000013,-0.2,0.20000000000000007,-0.19999999999999973,1,1,1,1,0,0.8,HOME_WIN,0
2023-12-02 17:30:00+00:00,Nottingham Forest,Everton,0.0,1.0,51,4.0,0.8,1.6,2.2,-0.6,1,1,3,0.2,0.2,0.6,51,7.0,1.4,1.0,1.6,-0.6,2,1,2,0.4,0.2,0.4,25,1.2,1.6,1.4,0.2,0.2,25,2.0,1.8,1.4,0.4,0.6,2,1.0,1.5,1.5,0.0,-0.5999999999999999,0.6000000000000001,-0.6000000000000001,0.0,-0.8,-0.19999999999999996,0.0,1,1,1,1,1,1.0,AWAY_WIN,2
2023-12-02 20:00:00+00:00,Newcastle,Manchester United,1.0,0.0,51,10.0,2.0,2.2,1.0,1.2,3,1,1,0.6,0.2,0.2,51,12.0,2.4,1.4,0.8,0.6,4,0,1,0.8,0.0,0.2,26,3.0,2.4,0.2,2.2,1.0,25,2.4,1.6,0.8,0.8,0.8,2,2.0,1.0,0.0,0.5,-0.3999999999999999,0.8000000000000003,-0.19999999999999996,0.6,0.6000000000000001,0.7999999999999998,0.6000000000000001,1,1,1,1,1,1.0,HOME_WIN,0
2023-12-03 14:00:00+00:00,Bournemouth,Aston Villa,2.0,2.0,51,9.0,1.8,1.8,2.0,-0.2,3,0,2,0.6,0.0,0.4,51,12.0,2.4,2.4,1.2,1.2,4,0,1,0.8,0.0,0.2,26,1.4,1.0,1.4,-0.4,0.4,26,1.4,0.8,1.4,-0.6,0.4,2,1.5,1.0,1.5,0.5,-0.5999999999999999,-0.5999999999999999,-0.8,-1.4,0.0,0.19999999999999996,0.0,1,1,1,1,1,1.0,DRAW,1
2023-12-03 14:00:00+00:00,Chelsea,Brighton,3.0,2.0,51,5.0,1.0,2.2,2.6,-0.4,1,2,2,0.2,0.4,0.4,51,6.0,1.2,1.4,1.4,0.0,1,3,1,0.2,0.6,0.2,26,0.4,1.2,2.0,-0.8,0.0,25,1.4,1.8,2.4,-0.6,0.4,2,0.0,1.0,3.0,0.0,-0.19999999999999996,0.8000000000000003,-1.2000000000000002,-0.4,-0.9999999999999999,-0.6000000000000001,0.3999999999999999,1,1,1,1,1,1.0,HOME_WIN,0
2023-12-03 14:00:00+00:00,Liverpool,Fulham,4.0,3.0,51,11.0,2.2,2.0,0.4,1.6,3,2,0,0.6,0.4,0.0,51,4.0,0.8,1.0,1.8,-0.8,1,1,3,0.2,0.2,0.6,25,3.0,2.8,0.2,2.6,1.0,26,0.4,0.6,2.2,-1.6,0.0,2,2.0,1.5,1.0,0.5,1.4000000000000001,1.0,1.4,2.4000000000000004,2.6,2.1999999999999997,2.0,1,1,1,1,1,1.0,HOME_WIN,0
2023-12-03 14:00:00+00:00,West Ham,Crystal Palace,1.0,1.0,51,6.0,1.2,1.6,2.2,-0.6,2,0,3,0.4,0.0,0.6,51,3.0,0.6,1.2,2.2,-1.0,1,0,4,0.2,0.0,0.8,25,1.4,1.6,1.6,0.0,0.4,26,1.2,1.0,1.8,-0.8,0.4,2,0.0,2.0,3.0,0.0,0.6,0.40000000000000013,0.0,0.4,0.19999999999999996,0.6000000000000001,0.19999999999999996,1,1,1,1,1,1.0,DRAW,1
2023-12-03 16:30:00+00:00,Manchester City,Tottenham,3.0,3.0,51,11.0,2.2,3.2,1.4,1.8,3,2,0,0.6,0.4,0.0,51,6.0,1.2,1.4,1.8,-0.4,2,0,3,0.4,0.0,0.6,25,2.6,3.2,0.8,2.4,0.8,26,2.0,2.2,1.4,0.8,0.6,2,1.5,2.0,1.5,0.5,1.0000000000000002,1.8000000000000003,0.40000000000000013,2.2,0.6000000000000001,1.0,0.5999999999999999,1,1,1,1,1,1.0,DRAW,1
2023-12-05 19:30:00+00:00,Wolves,Burnley,1.0,0.0,52,4.0,0.8,1.6,2.0,-0.4,1,1,3,0.2,0.2,0.6,14,3.0,0.6,1.6,1.8,-0.2,1,0,4,0.2,0.0,0.8,25,1.6,1.6,1.6,0.0,0.4,6,0.6,0.8,2.2,-1.4,0.2,0,0.0,0.0,0.0,0.0,0.20000000000000007,0.0,-0.19999999999999996,-0.2,1.0,0.8,0.6000000000000001,1,1,1,1,0,0.8,HOME_WIN,0
2023-12-05 20:15:00+00:00,Luton,Arsenal,3.0,4.0,14,4.0,0.8,1.0,1.8,-0.8,1,1,3,0.2,0.2,0.6,52,12.0,2.4,2.2,0.6,1.6,4,0,1,0.8,0.0,0.2,6,1.0,1.0,1.2,-0.2,0.2,25,2.0,1.6,0.6,1.0,0.6,0,0.0,0.0,0.0,0.0,-1.5999999999999999,-1.2000000000000002,-1.2000000000000002,-2.4000000000000004,-1.0,-0.6000000000000001,-0.6,1,1,1,1,0,0.8,AWAY_WIN,2
2023-12-06 19:30:00+00:00,Crystal Palace,Bournemouth,0.0,2.0,52,4.0,0.8,1.4,1.6,-0.2,1,1,3,0.2,0.2,0.6,52,10.0,2.0,2.0,2.0,0.0,3,1,1,0.6,0.2,0.2,25,1.0,1.2,1.4,-0.2,0.2,25,0.8,1.4,3.0,-1.6,0.2,2,3.0,2.0,0.0,1.0,-1.2,-0.6000000000000001,0.3999999999999999,-0.2,0.19999999999999996,-0.19999999999999996,1.6,1,1,1,1,1,1.0,AWAY_WIN,2
2023-12-06 19:30:00+00:00,Sheffield Utd,Liverpool,0.0,2.0,14,4.0,0.8,0.8,3.0,-2.2,1,1,3,0.2,0.2,0.6,52,11.0,2.2,2.4,1.0,1.4,3,2,0,0.6,0.4,0.0,7,0.8,1.2,3.2,-2.0,0.2,26,1.2,1.6,1.4,0.2,0.2,0,0.0,0.0,0.0,0.0,-1.4000000000000001,-1.5999999999999999,-2.0,-3.6,-0.3999999999999999,-0.40000000000000013,-1.8000000000000003,1,1,1,1,0,0.8,AWAY_WIN,2
2023-12-06 19:30:00+00:00,Fulham,Nottingham Forest,5.0,0.0,52,4.0,0.8,1.6,2.2,-0.6,1,1,3,0.2,0.2,0.6,52,3.0,0.6,1.2,2.0,-0.8,1,0,4,0.2,0.0,0.8,25,1.8,1.4,1.2,0.2,0.6,26,0.8,0.6,1.6,-1.0,0.2,2,3.0,2.5,1.0,1.0,0.20000000000000007,0.40000000000000013,-0.20000000000000018,0.20000000000000007,1.0,0.7999999999999999,0.40000000000000013,1,1,1,1,1,1.0,HOME_WIN,0
2023-12-06 19:30:00+00:00,Brighton,Brentford,2.0,1.0,52,6.0,1.2,1.6,1.6,0.0,1,3,1,0.2,0.6,0.2,52,9.0,1.8,1.6,1.4,0.2,3,0,2,0.6,0.0,0.4,26,1.8,2.0,1.2,0.8,0.4,25,0.8,0.8,1.4,-0.6,0.2,2,0.5,1.5,2.5,0.0,-0.6000000000000001,0.0,-0.20000000000000018,-0.2,1.0,1.2,0.19999999999999996,1,1,1,1,1,1.0,HOME_WIN,0
2023-12-06 20:15:00+00:00,Aston Villa,Manchester City,1.0,0.0,52,10.0,2.0,2.0,1.4,0.6,3,1,1,0.6,0.2,0.2,52,9.0,1.8,3.4,1.8,1.6,2,3,0,0.4,0.6,0.0,25,3.0,3.8,1.0,2.8,1.0,26,1.4,2.2,1.6,0.6,0.4,2,0.5,1.0,2.0,0.0,0.19999999999999996,-1.4,0.40000000000000013,-1.0,1.6,1.5999999999999996,0.6000000000000001,1,1,1,1,1,1.0,HOME_WIN,0
2023-12-06 20:15:00+00:00,Manchester United,Chelsea,2.0,1.0,52,9.0,1.8,1.0,0.8,0.2,3,0,2,0.6,0.0,0.4,52,7.0,1.4,2.4,2.6,-0.2,2,1,2,0.4,0.2,0.4,26,1.2,0.8,1.6,-0.8,0.4,25,2.0,2.2,1.2,1.0,0.6,2,2.0,2.5,1.0,0.5,0.40000000000000013,-1.4,1.8,0.4,-0.8,-1.4000000000000001,-0.40000000000000013,1,1,1,1,1,1.0,HOME_WIN,0
2023-12-07 19:30:00+00:00,Everton,Newcastle,3.0,0.0,52,10.0,2.0,1.2,1.2,0.0,3,1,1,0.6,0.2,0.2,52,10.0,2.0,1.6,1.0,0.6,3,1,1,0.6,0.2,0.2,26,0.8,1.0,1.4,-0.4,0.2,25,1.0,2.6,1.8,0.8,0.2,2,0.0,0.5,2.5,0.0,0.0,-0.40000000000000013,-0.19999999999999996,-0.6,-0.19999999999999996,-1.6,0.40000000000000013,1,1,1,1,1,1.0,HOME_WIN,0
2023-12-07 20:15:00+00:00,Tottenham,West Ham,1.0,2.0,52,4.0,0.8,1.6,2.4,-0.8,1,1,3,0.2,0.2,0.6,52,7.0,1.4,1.6,1.6,0.0,2,1,2,0.4,0.2,0.4,25,1.8,1.6,1.6,0.0,0.6,26,1.2,1.6,2.4,-0.8,0.4,2,2.0,1.5,0.5,0.5,-0.5999999999999999,0.0,-0.7999999999999998,-0.8,0.6000000000000001,0.0,0.7999999999999998,1,1,1,1,1,1.0,AWAY_WIN,2
2023-12-09 12:30:00+00:00,Crystal Palace,Liverpool,1.0,2.0,53,4.0,0.8,1.2,1.6,-0.4,1,1,3,0.2,0.2,0.6,53,11.0,2.2,2.2,1.0,1.2,3,2,0,0.6,0.4,0.0,26,0.4,0.6,1.4,-0.8,0.0,27,1.2,1.4,1.2,0.2,0.2,2,1.0,0.5,0.5,0.0,-1.4000000000000001,-1.0000000000000002,-0.6000000000000001,-1.6,-0.7999999999999999,-0.7999999999999999,-0.19999999999999996,1,1,1,1,1,1.0,AWAY_WIN,2
2023-12-09 15:00:00+00:00,Sheffield Utd,Brentford,1.0,0.0,15,4.0,0.8,0.8,2.4,-1.6,1,1,3,0.2,0.2,0.6,53,6.0,1.2,1.4,1.8,-0.4,2,0,3,0.4,0.0,0.6,8,0.6,0.8,3.2,-2.4,0.2,26,0.8,1.0,1.6,-0.6,0.2,0,0.0,0.0,0.0,0.0,-0.3999999999999999,-0.5999999999999999,-0.5999999999999999,-1.2000000000000002,-0.20000000000000007,-0.19999999999999996,-1.6,1,1,1,1,0,0.8,HOME_WIN,0
2023-12-09 15:00:00+00:00,Wolves,Nottingham Forest,1.0,1.0,53,6.0,1.2,1.4,1.6,-0.2,2,0,3,0.4,0.0,0.6,53,3.0,0.6,1.2,2.4,-1.2,1,0,4,0.2,0.0,0.8,26,2.2,1.6,1.0,0.6,0.6,27,0.2,0.4,2.6,-2.2,0.0,2,2.0,1.0,0.5,0.5,0.6,0.19999999999999996,0.7999999999999998,1.0,2.0,1.2000000000000002,1.6,1,1,1,1,1,1.0,DRAW,1
2023-12-09 15:00:00+00:00,Manchester United,Bournemouth,0.0,3.0,53,12.0,2.4,1.4,0.4,1.0,4,0,1,0.8,0.0,0.2,53,10.0,2.0,2.0,1.8,0.2,3,1,1,0.6,0.2,0.2,27,1.8,1.0,1.2,-0.2,0.6,26,1.2,1.4,2.6,-1.2,0.4,2,3.0,2.0,0.0,1.0,0.3999999999999999,-0.6000000000000001,1.4,0.8,0.6000000000000001,-0.3999999999999999,1.4000000000000001,1,1,1,1,1,1.0,AWAY_WIN,2
2023-12-09 15:00:00+00:00,Brighton,Burnley,1.0,1.0,53,8.0,1.6,1.8,1.6,0.2,2,2,1,0.4,0.4,0.2,15,3.0,0.6,1.4,1.6,-0.2,1,0,4,0.2,0.0,0.8,27,1.8,1.8,1.2,0.6,0.4,7,0.6,0.8,2.0,-1.2,0.2,0,0.0,0.0,0.0,0.0,1.0,0.40000000000000013,0.0,0.4,1.2000000000000002,1.0,0.8,1,1,1,1,0,0.8,DRAW,1
2023-12-09 17:30:00+00:00,Aston Villa,Arsenal,1.0,0.0,53,10.0,2.0,1.6,1.2,0.4,3,1,1,0.6,0.2,0.2,53,12.0,2.4,2.0,1.2,0.8,4,0,1,0.8,0.0,0.2,26,3.0,3.4,0.8,2.6,1.0,26,2.0,2.2,1.2,1.0,0.6,2,0.0,1.5,3.0,0.0,-0.3999999999999999,-0.3999999999999999,0.0,-0.4,1.0,1.1999999999999997,0.3999999999999999,1,1,1,1,1,1.0,HOME_WIN,0
2023-12-10 14:00:00+00:00,Everton,Chelsea,2.0,0.0,53,10.0,2.0,1.6,1.2,0.4,3,1,1,0.6,0.2,0.2,53,7.0,1.4,2.6,2.6,0.0,2,1,2,0.4,0.2,0.4,27,1.4,1.6,1.2,0.4,0.4,26,1.8,2.4,1.6,0.8,0.6,2,0.5,1.0,1.5,0.0,0.6000000000000001,-1.0,1.4000000000000001,0.4,-0.40000000000000013,-0.7999999999999998,0.40000000000000013,1,1,1,1,1,1.0,HOME_WIN,0
2023-12-10 14:00:00+00:00,Fulham,West Ham,5.0,0.0,53,6.0,1.2,2.4,2.0,0.4,2,0,3,0.4,0.0,0.6,53,10.0,2.0,2.0,1.6,0.4,3,1,1,0.6,0.2,0.2,26,1.8,2.2,1.2,1.0,0.6,27,1.2,1.6,2.4,-0.8,0.4,2,0.0,0.5,2.0,0.0,-0.8,0.3999999999999999,-0.3999999999999999,0.0,0.6000000000000001,0.6000000000000001,1.2,1,1,1,1,1,1.0,HOME_WIN,0
2023-12-10 14:00:00+00:00,Luton,Manchester City,1.0,2.0,15,4.0,0.8,1.4,2.0,-0.6,1,1,3,0.2,0.2,0.6,53,6.0,1.2,2.8,2.0,0.8,1,3,1,0.2,0.6,0.2,7,0.8,1.4,1.8,-0.4,0.2,27,0.8,1.6,1.6,0.0,0.2,0,0.0,0.0,0.0,0.0,-0.3999999999999999,-1.4,0.0,-1.4,0.0,-0.20000000000000018,-0.19999999999999996,1,1,1,1,0,0.8,AWAY_WIN,2
2023-12-10 16:30:00+00:00,Tottenham,Newcastle,4.0,1.0,53,1.0,0.2,1.4,2.6,-1.2,0,1,4,0.0,0.2,0.8,53,9.0,1.8,1.2,1.2,0.0,3,0,2,0.6,0.0,0.4,26,1.2,1.4,1.8,-0.4,0.4,26,1.0,2.4,1.8,0.6,0.2,2,0.0,1.0,4.0,0.0,-1.6,0.19999999999999996,-1.4000000000000001,-1.2,0.19999999999999996,-1.0,0.0,1,1,1,1,1,1.0,HOME_WIN,0
2023-12-15 20:00:00+00:00,Nottingham Forest,Tottenham,0.0,2.0,54,1.0,0.2,1.0,2.6,-1.6,0,1,4,0.0,0.2,0.8,54,4.0,0.8,2.0,2.0,0.0,1,1,3,0.2,0.2,0.6,26,1.0,1.4,1.4,0.0,0.2,27,1.6,1.8,1.6,0.2,0.4,2,0.0,0.5,2.5,0.0,-0.6000000000000001,-1.0,-0.6000000000000001,-1.6,-0.6000000000000001,-0.40000000000000013,0.20000000000000018,1,1,1,1,1,1.0,AWAY_WIN,2
2023-12-16 15:00:00+00:00,Newcastle,Fulham,3.0,0.0,54,6.0,1.2,1.2,2.0,-0.8,2,0,3,0.4,0.0,0.6,54,9.0,1.8,3.4,1.8,1.6,3,0,2,0.6,0.0,0.4,27,3.0,2.4,0.2,2.2,1.0,27,0.4,1.0,2.0,-1.0,0.0,2,3.0,2.5,0.5,1.0,-0.6000000000000001,-2.2,-0.19999999999999996,-2.4000000000000004,2.6,1.4,1.8,1,1,1,1,1,1.0,HOME_WIN,0
2023-12-16 15:00:00+00:00,Manchester City,Crystal Palace,2.0,2.0,54,6.0,1.2,2.0,2.0,0.0,1,3,1,0.2,0.6,0.2,54,1.0,0.2,1.0,2.0,-1.0,0,1,4,0.0,0.2,0.8,26,2.2,2.8,1.2,1.6,0.6,27,1.4,1.0,1.4,-0.4,0.4,2,3.0,2.5,1.0,1.0,1.0,1.0,0.0,1.0,0.8000000000000003,1.7999999999999998,0.19999999999999996,1,1,1,1,1,1.0,DRAW,1
2023-12-16 15:00:00+00:00,Chelsea,Sheffield Utd,2.0,0.0,54,4.0,0.8,1.8,2.8,-1.0,1,1,3,0.2,0.2,0.6,16,4.0,0.8,0.6,2.2,-1.6,1,1,3,0.2,0.2,0.6,27,1.0,1.8,2.2,-0.4,0.2,7,0.2,0.4,3.2,-2.8,0.0,0,0.0,0.0,0.0,0.0,0.0,1.2000000000000002,-0.5999999999999996,0.6000000000000001,0.8,1.4,1.0,1,1,1,1,0,0.8,HOME_WIN,0
2023-12-16 17:30:00+00:00,Burnley,Everton,0.0,2.0,16,4.0,0.8,1.6,1.4,0.2,1,1,3,0.2,0.2,0.6,54,12.0,2.4,1.8,1.0,0.8,4,0,1,0.8,0.0,0.2,8,0.6,1.4,1.8,-0.4,0.2,26,2.4,1.6,1.0,0.6,0.8,0,0.0,0.0,0.0,0.0,-1.5999999999999999,-0.19999999999999996,-0.3999999999999999,-0.6000000000000001,-1.7999999999999998,-0.20000000000000018,-0.8,1,1,1,1,0,0.8,AWAY_WIN,2
2023-12-17 14:00:00+00:00,Arsenal,Brighton,2.0,0.0,54,12.0,2.4,2.0,1.2,0.8,4,0,1,0.8,0.0,0.2,54,8.0,1.6,1.8,1.6,0.2,2,2,1,0.4,0.4,0.2,27,2.6,2.6,0.8,1.8,0.8,26,0.8,1.6,2.8,-1.2,0.2,2,1.5,2.0,2.5,0.5,0.7999999999999998,0.19999999999999996,0.40000000000000013,0.6000000000000001,1.8,1.0,1.9999999999999998,1,1,1,1,1,1.0,HOME_WIN,0
2023-12-17 14:00:00+00:00,Brentford,Aston Villa,1.0,2.0,54,3.0,0.6,0.8,1.6,-0.8,1,0,4,0.2,0.0,0.8,54,13.0,2.6,1.8,0.8,1.0,4,1,0,0.8,0.2,0.0,27,1.8,2.0,1.4,0.6,0.6,27,1.6,1.2,1.2,0.0,0.4,2,0.5,0.5,2.5,0.0,-2.0,-1.0,-0.8,-1.8,0.19999999999999996,0.8,-0.19999999999999996,1,1,1,1,1,1.0,AWAY_WIN,2
2023-12-17 14:00:00+00:00,West Ham,Wolves,3.0,0.0,54,10.0,2.0,1.6,2.0,-0.4,3,1,1,0.6,0.2,0.2,54,7.0,1.4,1.4,1.4,0.0,2,1,2,0.4,0.2,0.4,26,1.6,1.6,1.2,0.4,0.4,27,0.8,1.4,1.8,-0.4,0.2,2,1.5,1.0,0.5,0.5,0.6000000000000001,0.20000000000000018,-0.6000000000000001,-0.4,0.8,0.20000000000000018,0.6000000000000001,1,1,1,1,1,1.0,HOME_WIN,0
2023-12-17 16:30:00+00:00,Liverpool,Manchester United,0.0,0.0,54,13.0,2.6,2.4,1.0,1.4,4,1,0,0.8,0.2,0.0,54,9.0,1.8,1.2,1.0,0.2,3,0,2,0.6,0.0,0.4,26,3.0,3.0,0.8,2.2,1.0,26,2.4,1.4,0.4,1.0,0.8,2,1.5,4.0,1.0,0.5,0.8,1.2,0.0,1.2,0.6000000000000001,1.6,-0.4,1,1,1,1,1,1.0,DRAW,1
2023-12-21 20:00:00+00:00,Crystal Palace,Brighton,1.0,1.0,55,2.0,0.4,1.0,1.8,-0.8,0,2,3,0.0,0.4,0.6,55,7.0,1.4,1.6,1.8,-0.2,2,1,2,0.4,0.2,0.4,27,0.2,0.8,1.8,-1.0,0.0,27,0.8,1.4,2.0,-0.6,0.2,2,0.5,0.5,1.0,0.0,-0.9999999999999999,-0.6000000000000001,0.0,-0.6000000000000001,-0.6000000000000001,-0.5999999999999999,0.19999999999999996,1,1,1,1,1,1.0,DRAW,1
2023-12-22 20:00:00+00:00,Aston Villa,Sheffield Utd,1.0,1.0,55,13.0,2.6,1.6,0.8,0.8,4,1,0,0.8,0.2,0.0,17,3.0,0.6,0.4,2.4,-2.0,1,0,4,0.2,0.0,0.8,27,3.0,2.4,0.6,1.8,1.0,8,0.2,0.4,3.2,-2.8,0.0,0,0.0,0.0,0.0,0.0,2.0,1.2000000000000002,1.5999999999999999,2.8,2.8,2.0,2.6,1,1,1,1,0,0.8,DRAW,1
2023-12-23 12:30:00+00:00,West Ham,Manchester United,2.0,0.0,55,10.0,2.0,1.6,1.6,0.0,3,1,1,0.6,0.2,0.2,55,7.0,1.4,1.0,1.0,0.0,2,1,2,0.4,0.2,0.4,27,1.6,1.8,1.2,0.6,0.4,27,2.0,1.2,0.4,0.8,0.6,2,1.5,0.5,0.5,0.5,0.6000000000000001,0.6000000000000001,-0.6000000000000001,0.0,-0.3999999999999999,0.6000000000000001,-0.7999999999999999,1,1,1,1,1,1.0,HOME_WIN,0
2023-12-23 15:00:00+00:00,Fulham,Burnley,0.0,2.0,55,9.0,1.8,3.2,1.8,1.4,3,0,2,0.6,0.0,0.4,17,4.0,0.8,1.4,1.2,0.2,1,1,3,0.2,0.2,0.6,27,2.4,3.2,0.8,2.4,0.8,8,0.2,0.6,2.0,-1.4,0.0,0,0.0,0.0,0.0,0.0,1.0,1.8000000000000003,-0.6000000000000001,1.2,2.1999999999999997,2.6,1.2,1,1,1,1,0,0.8,AWAY_WIN,2
2023-12-23 15:00:00+00:00,Luton,Newcastle,1.0,0.0,16,3.0,0.6,1.4,2.2,-0.8,1,0,4,0.2,0.0,0.8,55,9.0,1.8,1.8,1.6,0.2,3,0,2,0.6,0.0,0.4,8,0.8,1.4,1.8,-0.4,0.2,27,0.4,1.0,2.6,-1.6,0.0,0,0.0,0.0,0.0,0.0,-1.2000000000000002,-0.40000000000000013,-0.6000000000000001,-1.0,0.4,0.3999999999999999,0.8,1,1,1,1,0,0.8,HOME_WIN,0
2023-12-23 15:00:00+00:00,Nottingham Forest,Bournemouth,2.0,3.0,55,1.0,0.2,0.6,2.4,-1.8,0,1,4,0.0,0.2,0.8,54,13.0,2.6,2.4,0.6,1.8,4,1,0,0.8,0.2,0.0,27,0.8,1.2,1.6,-0.4,0.2,27,1.8,1.8,2.0,-0.2,0.6,2,0.5,1.5,2.0,0.0,-2.4,-1.7999999999999998,-1.7999999999999998,-3.6,-1.0,-0.6000000000000001,0.3999999999999999,1,1,1,1,1,1.0,AWAY_WIN,2
2023-12-23 15:00:00+00:00,Tottenham,Everton,2.0,1.0,55,7.0,1.4,2.2,1.6,0.6,2,1,2,0.4,0.2,0.4,55,12.0,2.4,1.6,0.6,1.0,4,0,1,0.8,0.0,0.2,27,1.2,1.8,1.8,0.0,0.4,27,2.4,1.4,0.8,0.6,0.8,2,2.0,1.5,0.5,0.5,-1.0,0.6000000000000001,-1.0,-0.4,-1.2,0.40000000000000013,-1.0,1,1,1,1,1,1.0,HOME_WIN,0
2023-12-23 17:30:00+00:00,Liverpool,Arsenal,1.0,1.0,55,11.0,2.2,1.8,1.0,0.8,3,2,0,0.6,0.4,0.0,55,12.0,2.4,1.8,1.0,0.8,4,0,1,0.8,0.0,0.2,27,2.6,2.4,0.6,1.8,0.8,27,1.4,1.4,1.4,0.0,0.4,2,0.5,2.0,2.5,0.0,-0.19999999999999973,0.0,0.0,0.0,1.2000000000000002,1.0,0.7999999999999999,1,1,1,1,1,1.0,DRAW,1
2023-12-24 13:00:00+00:00,Wolves,Chelsea,2.0,1.0,55,4.0,0.8,1.0,1.8,-0.8,1,1,3,0.2,0.2,0.6,55,6.0,1.2,1.4,2.0,-0.6,2,0,3,0.4,0.0,0.6,27,1.8,1.4,1.0,0.4,0.4,27,1.2,2.0,2.0,0.0,0.4,2,1.5,0.5,1.5,0.5,-0.3999999999999999,-0.3999999999999999,0.19999999999999996,-0.20000000000000007,0.6000000000000001,-0.6000000000000001,1.0,1,1,1,1,1,1.0,HOME_WIN,0
2023-12-26 12:30:00+00:00,Newcastle,Nottingham Forest,1.0,3.0,56,6.0,1.2,1.0,1.6,-0.6,2,0,3,0.4,0.0,0.6,56,1.0,0.2,0.6,2.4,-1.8,0,1,4,0.0,0.2,0.8,28,3.0,2.6,0.2,2.4,1.0,28,0.4,0.6,2.4,-1.8,0.0,2,3.0,2.0,0.5,1.0,1.0,0.4,0.7999999999999998,1.2000000000000002,2.6,2.0,2.1999999999999997,1,1,1,1,1,1.0,AWAY_WIN,2
2023-12-26 15:00:00+00:00,Bournemouth,Fulham,3.0,0.0,55,13.0,2.6,2.6,1.0,1.6,4,1,0,0.8,0.2,0.0,56,6.0,1.2,2.6,1.8,0.8,2,0,3,0.4,0.0,0.6,27,1.4,1.4,1.8,-0.4,0.4,28,0.2,1.0,2.6,-1.6,0.0,2,2.0,2.0,1.5,0.5,1.4000000000000001,0.0,0.8,0.8,1.2,0.3999999999999999,0.8,1,1,1,1,1,1.0,HOME_WIN,0
2023-12-26 15:00:00+00:00,Sheffield Utd,Luton,2.0,3.0,18,4.0,0.8,0.4,2.0,-1.6,1,1,3,0.2,0.2,0.6,17,6.0,1.2,1.6,2.0,-0.4,2,0,3,0.4,0.0,0.6,9,1.2,1.0,1.6,-0.6,0.4,8,0.8,1.2,2.0,-0.8,0.2,0,0.0,0.0,0.0,0.0,-0.3999999999999999,-1.2000000000000002,0.0,-1.2000000000000002,0.3999999999999999,-0.19999999999999996,0.3999999999999999,1,1,1,1,0,0.8,AWAY_WIN,2
2023-12-26 17:30:00+00:00,Burnley,Liverpool,0.0,2.0,18,7.0,1.4,1.6,0.8,0.8,2,1,2,0.4,0.2,0.4,56,11.0,2.2,1.8,1.0,0.8,3,2,0,0.6,0.4,0.0,9,0.6,1.4,2.0,-0.6,0.2,28,1.8,1.6,1.0,0.6,0.4,0,0.0,0.0,0.0,0.0,-0.8000000000000003,-0.19999999999999996,0.19999999999999996,0.0,-1.2000000000000002,-0.20000000000000018,-1.0,1,1,1,1,0,0.8,AWAY_WIN,2
2023-12-26 20:00:00+00:00,Manchester United,Aston Villa,3.0,2.0,56,4.0,0.8,0.4,1.4,-1.0,1,1,3,0.2,0.2,0.6,56,11.0,2.2,1.4,0.8,0.6,3,2,0,0.6,0.4,0.0,28,1.8,1.0,1.6,-0.6,0.6,28,1.6,1.4,1.4,0.0,0.4,2,1.5,1.0,1.5,0.5,-1.4000000000000001,-0.9999999999999999,-0.5999999999999999,-1.6,0.19999999999999996,-0.3999999999999999,-0.20000000000000018,1,1,1,1,1,1.0,HOME_WIN,0
2023-12-27 19:30:00+00:00,Brentford,Wolves,1.0,4.0,55,3.0,0.6,1.0,1.4,-0.4,1,0,4,0.2,0.0,0.8,56,7.0,1.4,1.0,1.4,-0.4,2,1,2,0.4,0.2,0.4,28,1.8,2.0,1.2,0.8,0.6,28,0.6,1.2,2.2,-1.0,0.2,2,0.5,0.5,1.5,0.0,-0.7999999999999999,0.0,0.0,0.0,1.2000000000000002,0.8,1.0000000000000002,1,1,1,1,1,1.0,AWAY_WIN,2
2023-12-27 19:30:00+00:00,Chelsea,Crystal Palace,2.0,1.0,56,6.0,1.2,1.4,1.6,-0.2,2,0,3,0.4,0.0,0.6,56,3.0,0.6,1.0,1.6,-0.6,0,3,2,0.0,0.6,0.4,28,1.6,2.2,2.0,0.2,0.4,28,1.0,1.2,1.8,-0.6,0.2,2,3.0,1.5,0.5,1.0,0.6,0.3999999999999999,0.0,0.39999999999999997,0.6000000000000001,1.0000000000000002,-0.19999999999999996,1,1,1,1,1,1.0,HOME_WIN,0
2023-12-27 20:15:00+00:00,Everton,Manchester City,1.0,3.0,56,12.0,2.4,1.8,0.4,1.4,4,0,1,0.8,0.0,0.2,55,6.0,1.2,1.6,1.6,0.0,1,3,1,0.2,0.6,0.2,28,2.0,1.8,0.8,1.0,0.6,28,1.4,1.8,1.4,0.4,0.4,2,0.5,0.5,2.0,0.0,1.2,0.19999999999999996,1.2000000000000002,1.4,0.6000000000000001,0.0,0.5999999999999999,1,1,1,1,1,1.0,AWAY_WIN,2
2023-12-28 19:30:00+00:00,Brighton,Tottenham,4.0,2.0,56,5.0,1.0,1.2,1.6,-0.4,1,2,2,0.2,0.4,0.4,56,10.0,2.0,2.4,1.4,1.0,3,1,1,0.6,0.2,0.2,28,1.4,1.4,1.2,0.2,0.2,28,2.0,1.8,1.2,0.6,0.6,2,0.0,0.5,1.5,0.0,-1.0,-1.2,-0.20000000000000018,-1.4,-0.6000000000000001,-0.40000000000000013,0.0,1,1,1,1,1,1.0,HOME_WIN,0
2023-12-28 20:15:00+00:00,Arsenal,West Ham,0.0,2.0,56,10.0,2.0,1.8,1.2,0.6,3,1,1,0.6,0.2,0.2,56,10.0,2.0,1.6,1.4,0.2,3,1,1,0.6,0.2,0.2,28,3.0,2.6,0.4,2.2,1.0,28,1.2,1.4,2.8,-1.4,0.4,2,2.0,2.5,1.5,0.5,0.0,0.19999999999999996,0.19999999999999996,0.39999999999999997,1.8,1.2000000000000002,2.4,1,1,1,1,1,1.0,AWAY_WIN,2
2023-12-30 12:30:00+00:00,Luton,Chelsea,2.0,3.0,18,6.0,1.2,1.8,2.2,-0.4,2,0,3,0.4,0.0,0.6,57,6.0,1.2,1.2,1.4,-0.2,2,0,3,0.4,0.0,0.6,9,1.4,1.6,1.6,0.0,0.4,28,0.6,1.4,2.2,-0.8,0.2,1,0.0,0.0,3.0,0.0,0.0,0.6000000000000001,-0.8000000000000003,-0.2,0.7999999999999999,0.20000000000000018,0.6000000000000001,1,1,1,1,1,1.0,AWAY_WIN,2
2023-12-30 15:00:00+00:00,Wolves,Everton,3.0,0.0,57,10.0,2.0,1.6,1.2,0.4,3,1,1,0.6,0.2,0.2,57,9.0,1.8,1.8,1.0,0.8,3,0,2,0.6,0.0,0.4,28,2.2,1.6,1.0,0.6,0.6,28,2.4,1.6,0.8,0.8,0.8,3,2.3333333333333335,1.3333333333333333,0.6666666666666666,0.6666666666666666,0.19999999999999996,-0.19999999999999996,-0.19999999999999996,-0.4,-0.19999999999999973,0.0,-0.19999999999999996,1,1,1,1,1,1.0,HOME_WIN,0
2023-12-30 15:00:00+00:00,Manchester City,Sheffield Utd,2.0,0.0,56,8.0,1.6,2.0,1.6,0.4,2,2,1,0.4,0.4,0.2,19,4.0,0.8,0.8,1.6,-0.8,1,1,3,0.2,0.2,0.6,27,1.8,2.8,1.6,1.2,0.4,9,0.4,0.4,2.8,-2.4,0.0,1,3.0,2.0,1.0,1.0,0.8,1.2,0.0,1.2000000000000002,1.4,2.4,1.1999999999999997,1,1,1,1,1,1.0,HOME_WIN,0
2023-12-30 15:00:00+00:00,Aston Villa,Burnley,3.0,2.0,57,10.0,2.0,1.4,1.0,0.4,3,1,1,0.6,0.2,0.2,19,4.0,0.8,0.6,1.2,-0.6,1,1,3,0.2,0.2,0.6,28,2.6,1.8,0.6,1.2,0.8,9,0.8,1.0,1.4,-0.4,0.2,1,3.0,3.0,1.0,1.0,1.2,0.7999999999999999,0.19999999999999996,1.0,1.8,0.8,0.7999999999999999,1,1,1,1,1,1.0,HOME_WIN,0
2023-12-30 15:00:00+00:00,Crystal Palace,Brentford,3.0,1.0,57,2.0,0.4,1.0,1.8,-0.8,0,2,3,0.0,0.4,0.6,56,3.0,0.6,1.2,2.0,-0.8,1,0,4,0.2,0.0,0.8,28,0.2,1.0,2.0,-1.0,0.0,27,0.6,0.8,1.6,-0.8,0.2,3,1.0,1.0,1.0,0.0,-0.19999999999999996,-0.19999999999999996,0.19999999999999996,0.0,-0.39999999999999997,0.19999999999999996,-0.3999999999999999,1,1,1,1,1,1.0,HOME_WIN,0
2023-12-30 17:30:00+00:00,Nottingham Forest,Manchester United,2.0,1.0,57,4.0,0.8,1.2,2.4,-1.2,1,1,3,0.2,0.2,0.6,57,7.0,1.4,1.0,1.6,-0.6,2,1,2,0.4,0.2,0.4,28,0.6,1.2,1.8,-0.6,0.2,28,1.4,0.8,0.6,0.2,0.4,3,0.0,0.6666666666666666,2.6666666666666665,0.0,-0.5999999999999999,0.19999999999999996,-0.7999999999999998,-0.6,-0.7999999999999999,0.3999999999999999,-1.2000000000000002,1,1,1,1,1,1.0,HOME_WIN,0
2023-12-31 14:00:00+00:00,Fulham,Arsenal,2.0,1.0,57,6.0,1.2,2.0,1.6,0.4,2,0,3,0.4,0.0,0.6,57,7.0,1.4,1.4,1.4,0.0,2,1,2,0.4,0.2,0.4,28,1.8,2.6,1.0,1.6,0.6,28,1.4,1.2,1.2,0.0,0.4,3,0.3333333333333333,1.0,2.3333333333333335,0.0,-0.19999999999999996,0.6000000000000001,-0.20000000000000018,0.4,0.40000000000000013,1.4000000000000001,0.19999999999999996,1,1,1,1,1,1.0,HOME_WIN,0
2023-12-31 14:00:00+00:00,Tottenham,Bournemouth,3.0,1.0,57,9.0,1.8,2.2,1.6,0.6,3,0,2,0.6,0.0,0.4,56,13.0,2.6,2.6,0.8,1.8,4,1,0,0.8,0.2,0.0,28,1.2,1.8,2.0,-0.2,0.4,28,2.4,2.4,1.8,0.6,0.8,3,2.0,2.3333333333333335,1.6666666666666667,0.6666666666666666,-0.8,-0.3999999999999999,-0.8,-1.2000000000000002,-1.2,-0.5999999999999999,-0.19999999999999996,1,1,1,1,1,1.0,HOME_WIN,0
2024-01-01 20:00:00+00:00,Liverpool,Newcastle,4.0,2.0,57,11.0,2.2,1.4,0.4,1.0,3,2,0,0.6,0.4,0.0,57,3.0,0.6,1.0,2.2,-1.2,1,0,4,0.2,0.0,0.8,28,2.2,2.2,0.8,1.4,0.6,28,0.2,0.6,2.4,-1.8,0.0,3,3.0,2.0,0.6666666666666666,1.0,1.6,0.3999999999999999,1.8000000000000003,2.2,2.0,1.6,1.5999999999999999,1,1,1,1,1,1.0,HOME_WIN,0
2024-01-02 19:30:00+00:00,West Ham,Brighton,0.0,0.0,57,12.0,2.4,1.8,1.2,0.6,4,0,1,0.8,0.0,0.2,57,8.0,1.6,1.6,1.4,0.2,2,2,1,0.4,0.4,0.2,28,2.0,1.8,0.8,1.0,0.6,28,1.0,1.4,1.8,-0.4,0.2,3,1.0,1.0,2.3333333333333335,0.3333333333333333,0.7999999999999998,0.19999999999999996,0.19999999999999996,0.39999999999999997,1.0,0.40000000000000013,1.0,1,1,1,1,1,1.0,DRAW,1
2024-01-12 19:45:00+00:00,Burnley,Luton,1.0,1.0,20,4.0,0.8,1.0,1.6,-0.6,1,1,3,0.2,0.2,0.6,19,6.0,1.2,2.0,2.2,-0.2,2,0,3,0.4,0.0,0.6,10,0.6,1.2,1.6,-0.4,0.2,9,0.8,1.4,2.2,-0.8,0.2,1,3.0,2.0,1.0,1.0,-0.3999999999999999,-1.0,0.6000000000000001,-0.39999999999999997,-0.20000000000000007,-0.19999999999999996,0.6000000000000001,1,1,1,1,1,1.0,DRAW,1
2024-01-13 12:30:00+00:00,Chelsea,Fulham,1.0,0.0,58,9.0,1.8,1.6,1.4,0.2,3,0,2,0.6,0.0,0.4,58,6.0,1.2,1.4,1.8,-0.4,2,0,3,0.4,0.0,0.6,29,2.0,2.2,1.8,0.4,0.6,29,0.2,1.0,2.8,-1.8,0.0,3,1.3333333333333333,1.0,0.6666666666666666,0.3333333333333333,0.6000000000000001,0.20000000000000018,0.40000000000000013,0.6000000000000001,1.8,1.2000000000000002,0.9999999999999998,1,1,1,1,1,1.0,HOME_WIN,0
2024-01-13 17:30:00+00:00,Newcastle,Manchester City,2.0,3.0,58,3.0,0.6,1.4,2.4,-1.0,1,0,4,0.2,0.0,0.8,57,10.0,2.0,1.8,1.0,0.8,3,1,1,0.6,0.2,0.2,29,2.4,2.0,0.8,1.2,0.8,29,2.0,2.4,1.4,1.0,0.6,3,0.3333333333333333,1.0,2.0,0.0,-1.4,-0.40000000000000013,-1.4,-1.8,0.3999999999999999,-0.3999999999999999,0.5999999999999999,1,1,1,1,1,1.0,AWAY_WIN,2
2024-01-14 14:00:00+00:00,Everton,Aston Villa,0.0,0.0,58,6.0,1.2,1.2,1.6,-0.4,2,0,3,0.4,0.0,0.6,58,10.0,2.0,1.8,1.4,0.4,3,1,1,0.6,0.2,0.2,29,1.4,1.4,1.4,0.0,0.4,29,1.4,1.6,1.8,-0.2,0.4,3,0.0,0.3333333333333333,2.6666666666666665,0.0,-0.8,-0.6000000000000001,-0.20000000000000018,-0.8,0.0,-0.20000000000000018,0.40000000000000013,1,1,1,1,1,1.0,DRAW,1
2024-01-14 16:30:00+00:00,Manchester United,Tottenham,2.0,2.0,58,4.0,0.8,0.8,1.8,-1.0,1,1,3,0.2,0.2,0.6,58,12.0,2.4,2.6,1.4,1.2,4,0,1,0.8,0.0,0.2,29,1.8,1.2,1.8,-0.6,0.6,29,1.4,2.0,2.0,0.0,0.4,3,1.3333333333333333,1.3333333333333333,1.3333333333333333,0.3333333333333333,-1.5999999999999999,-1.8,-0.40000000000000013,-2.2,0.40000000000000013,-0.8,0.19999999999999996,1,1,1,1,1,1.0,DRAW,1
2024-01-20 12:30:00+00:00,Arsenal,Crystal Palace,5.0,0.0,58,4.0,0.8,0.8,1.2,-0.4,1,1,3,0.2,0.2,0.6,58,5.0,1.0,1.6,1.6,0.0,1,2,2,0.2,0.4,0.4,29,2.4,2.4,0.8,1.6,0.8,29,1.0,1.4,1.4,0.0,0.2,3,3.0,2.3333333333333335,0.3333333333333333,1.0,-0.19999999999999996,-0.8,0.40000000000000013,-0.4,1.4,1.0,0.5999999999999999,1,1,1,1,1,1.0,HOME_WIN,0
2024-01-20 17:30:00+00:00,Brentford,Nottingham Forest,3.0,2.0,57,0.0,0.0,0.8,2.4,-1.6,0,0,5,0.0,0.0,1.0,58,7.0,1.4,1.6,1.6,0.0,2,1,2,0.4,0.2,0.4,29,1.2,1.6,2.0,-0.4,0.4,29,0.8,1.2,2.6,-1.4,0.2,3,1.6666666666666667,1.6666666666666667,1.3333333333333333,0.3333333333333333,-1.4,-0.8,-0.7999999999999998,-1.6,0.3999999999999999,0.40000000000000013,0.6000000000000001,1,1,1,1,1,1.0,HOME_WIN,0
2024-01-21 14:00:00+00:00,Sheffield Utd,West Ham,2.0,2.0,20,4.0,0.8,0.8,1.6,-0.8,1,1,3,0.2,0.2,0.6,58,10.0,2.0,1.4,1.0,0.4,3,1,1,0.6,0.2,0.2,10,1.2,1.2,1.8,-0.6,0.4,29,1.8,1.6,2.0,-0.4,0.6,1,0.0,0.0,2.0,0.0,-1.2,-0.5999999999999999,-0.6000000000000001,-1.2000000000000002,-0.6000000000000001,-0.40000000000000013,0.19999999999999996,1,1,1,1,1,1.0,DRAW,1
2024-01-21 16:30:00+00:00,Bournemouth,Liverpool,0.0,4.0,57,12.0,2.4,2.4,1.0,1.4,4,0,1,0.8,0.0,0.2,58,11.0,2.2,1.8,0.8,1.0,3,2,0,0.6,0.4,0.0,28,2.0,2.0,1.0,1.0,0.6,29,2.2,1.6,0.6,1.0,0.6,3,1.0,0.6666666666666666,4.0,0.3333333333333333,0.19999999999999973,0.5999999999999999,-0.19999999999999996,0.3999999999999999,-0.20000000000000018,0.3999999999999999,-0.4,1,1,1,1,1,1.0,AWAY_WIN,2
2024-01-22 19:45:00+00:00,Brighton,Wolves,0.0,0.0,58,6.0,1.2,1.2,1.2,0.0,1,3,1,0.2,0.6,0.2,58,10.0,2.0,2.0,1.2,0.8,3,1,1,0.6,0.2,0.2,29,1.8,1.8,1.2,0.6,0.4,29,0.6,1.6,2.2,-0.6,0.2,3,3.0,4.333333333333333,1.0,1.0,-0.8,-0.8,0.0,-0.8,1.2000000000000002,0.19999999999999996,1.0000000000000002,1,1,1,1,1,1.0,DRAW,1
2024-01-30 19:30:00+00:00,Nottingham Forest,Arsenal,1.0,2.0,59,6.0,1.2,1.8,2.0,-0.2,2,0,3,0.4,0.0,0.6,59,7.0,1.4,1.8,1.0,0.8,2,1,2,0.4,0.2,0.4,29,0.6,1.2,2.0,-0.8,0.2,29,1.4,1.4,1.4,0.0,0.4,3,1.0,0.6666666666666666,2.3333333333333335,0.3333333333333333,-0.19999999999999996,0.0,-1.0,-1.0,-0.7999999999999999,-0.19999999999999996,-0.6000000000000001,1,1,1,1,1,1.0,AWAY_WIN,2
2024-01-30 19:45:00+00:00,Fulham,Everton,0.0,0.0,59,3.0,0.6,0.4,2.0,-1.6,1,0,4,0.2,0.0,0.8,59,4.0,0.8,0.8,1.6,-0.8,1,1,3,0.2,0.2,0.6,29,2.4,3.0,1.0,2.0,0.8,29,1.8,1.4,1.4,0.0,0.6,3,2.3333333333333335,1.3333333333333333,0.3333333333333333,0.6666666666666666,-0.20000000000000007,-0.4,-0.3999999999999999,-0.8,0.5999999999999999,1.6,0.3999999999999999,1,1,1,1,1,1.0,DRAW,1
2024-01-30 19:45:00+00:00,Luton,Brighton,4.0,0.0,20,7.0,1.4,1.6,1.6,0.0,2,1,2,0.4,0.2,0.4,59,6.0,1.2,1.0,1.0,0.0,1,3,1,0.2,0.6,0.2,10,1.2,1.8,2.0,-0.2,0.4,29,1.0,1.2,1.6,-0.4,0.2,1,0.0,1.0,4.0,0.0,0.19999999999999996,0.6000000000000001,-0.6000000000000001,0.0,0.19999999999999996,0.6000000000000001,-0.3999999999999999,1,1,1,1,1,1.0,HOME_WIN,0
2024-01-30 20:00:00+00:00,Crystal Palace,Sheffield Utd,3.0,2.0,59,5.0,1.0,1.4,2.2,-0.8,1,2,2,0.2,0.4,0.4,21,2.0,0.4,1.0,2.0,-1.0,0,2,3,0.0,0.4,0.6,29,0.8,1.4,1.8,-0.4,0.2,10,0.4,0.4,2.2,-1.8,0.0,1,3.0,1.0,0.0,1.0,0.6,0.3999999999999999,-0.20000000000000018,0.19999999999999996,0.4,0.9999999999999999,0.40000000000000013,1,1,1,1,1,1.0,HOME_WIN,0
2024-01-30 20:15:00+00:00,Aston Villa,Newcastle,1.0,3.0,59,8.0,1.6,1.6,1.4,0.2,2,2,1,0.4,0.4,0.2,59,3.0,0.6,1.6,2.2,-0.6,1,0,4,0.2,0.0,0.8,29,2.6,1.8,0.8,1.0,0.8,29,0.0,0.6,2.8,-2.2,0.0,3,1.0,1.3333333333333333,3.0,0.3333333333333333,1.0,0.0,0.8000000000000003,0.8,2.6,1.2000000000000002,1.9999999999999998,1,1,1,1,1,1.0,AWAY_WIN,2
2024-01-31 19:30:00+00:00,Tottenham,Brentford,3.0,2.0,59,10.0,2.0,2.2,1.6,0.6,3,1,1,0.6,0.2,0.2,58,3.0,0.6,1.2,2.4,-1.2,1,0,4,0.2,0.0,0.8,29,1.8,2.2,1.4,0.8,0.6,28,0.6,0.8,1.8,-1.0,0.2,3,0.6666666666666666,1.6666666666666667,2.3333333333333335,0.0,1.4,1.0000000000000002,0.7999999999999998,1.7999999999999998,1.2000000000000002,1.4000000000000001,0.40000000000000013,1,1,1,1,1,1.0,HOME_WIN,0
2024-01-31 19:30:00+00:00,Manchester City,Burnley,3.0,1.0,58,13.0,2.6,2.4,1.2,1.2,4,1,0,0.8,0.2,0.0,21,4.0,0.8,1.0,1.6,-0.6,1,1,3,0.2,0.2,0.6,28,1.8,2.8,1.4,1.4,0.4,10,0.8,1.2,1.6,-0.4,0.2,1,3.0,3.0,0.0,1.0,1.8,1.4,0.40000000000000013,1.7999999999999998,1.0,1.5999999999999999,0.20000000000000018,1,1,1,1,1,1.0,HOME_WIN,0
2024-01-31 20:15:00+00:00,Liverpool,Chelsea,4.0,1.0,59,11.0,2.2,2.2,0.6,1.6,3,2,0,0.6,0.4,0.0,59,12.0,2.4,1.8,1.0,0.8,4,0,1,0.8,0.0,0.2,29,2.2,2.4,1.2,1.2,0.6,29,0.6,1.2,2.4,-1.2,0.2,3,1.0,0.3333333333333333,0.3333333333333333,0.0,-0.19999999999999973,0.40000000000000013,0.4,0.8,1.6,1.2,1.2,1,1,1,1,1,1.0,HOME_WIN,0
2024-02-01 19:30:00+00:00,West Ham,Bournemouth,1.0,1.0,59,11.0,2.2,1.8,0.4,1.4,3,2,0,0.6,0.4,0.0,58,9.0,1.8,2.0,1.8,0.2,3,0,2,0.6,0.0,0.4,29,2.2,1.8,0.6,1.2,0.6,29,2.4,2.4,1.2,1.2,0.8,3,2.3333333333333335,2.3333333333333335,0.3333333333333333,0.6666666666666666,0.40000000000000013,-0.19999999999999996,1.4,1.2,-0.19999999999999973,-0.5999999999999999,0.6,1,1,1,1,1,1.0,DRAW,1
2024-02-01 20:15:00+00:00,Wolves,Manchester United,3.0,4.0,59,10.0,2.0,1.8,1.0,0.8,3,1,1,0.6,0.2,0.2,59,5.0,1.0,1.2,1.6,-0.4,1,2,2,0.2,0.4,0.4,29,2.6,1.8,0.6,1.2,0.8,29,0.8,0.8,1.0,-0.2,0.2,3,0.0,0.0,1.3333333333333333,0.0,1.0,0.6000000000000001,0.6000000000000001,1.2000000000000002,1.8,1.0,0.4,1,1,1,1,1,1.0,AWAY_WIN,2
2024-02-03 12:30:00+00:00,Everton,Tottenham,2.0,2.0,60,2.0,0.4,0.4,1.6,-1.2,0,2,3,0.0,0.4,0.6,60,10.0,2.0,2.4,2.0,0.4,3,1,1,0.6,0.2,0.2,30,1.4,1.2,1.2,0.0,0.4,30,1.0,2.0,2.2,-0.2,0.2,3,0.3333333333333333,0.6666666666666666,1.6666666666666667,0.0,-1.6,-2.0,0.3999999999999999,-1.6,0.3999999999999999,-0.8,1.0000000000000002,1,1,1,1,1,1.0,DRAW,1
2024-02-03 15:00:00+00:00,Brighton,Crystal Palace,4.0,1.0,60,6.0,1.2,1.0,1.4,-0.4,1,3,1,0.2,0.6,0.2,60,7.0,1.4,1.6,2.2,-0.6,2,1,2,0.4,0.2,0.4,30,1.8,1.6,1.0,0.6,0.4,30,0.4,1.0,2.4,-1.4,0.0,3,1.6666666666666667,1.0,0.6666666666666666,0.3333333333333333,-0.19999999999999996,-0.6000000000000001,0.8000000000000003,0.19999999999999996,1.4,0.6000000000000001,1.4,1,1,1,1,1,1.0,HOME_WIN,0
2024-02-03 15:00:00+00:00,Burnley,Fulham,2.0,2.0,22,4.0,0.8,1.2,1.8,-0.6,1,1,3,0.2,0.2,0.6,60,4.0,0.8,0.4,1.4,-1.0,1,1,3,0.2,0.2,0.6,11,0.8,1.4,1.4,0.0,0.2,30,0.0,0.8,2.8,-2.0,0.0,1,3.0,2.0,0.0,1.0,0.0,0.7999999999999999,-0.40000000000000013,0.4,0.8,0.5999999999999999,1.4,1,1,1,1,1,1.0,DRAW,1
2024-02-03 15:00:00+00:00,Newcastle,Luton,4.0,4.0,60,3.0,0.6,1.6,2.4,-0.8,1,0,4,0.2,0.0,0.8,21,10.0,2.0,2.2,1.2,1.0,3,1,1,0.6,0.2,0.2,30,1.8,2.2,1.4,0.8,0.6,10,0.8,1.2,2.0,-0.8,0.2,1,0.0,0.0,1.0,0.0,-1.4,-0.6000000000000001,-1.2,-1.8,1.0,1.0000000000000002,0.6000000000000001,1,1,1,1,1,1.0,DRAW,1
2024-02-03 17:30:00+00:00,Sheffield Utd,Aston Villa,0.0,5.0,22,2.0,0.4,1.4,2.2,-0.8,0,2,3,0.0,0.4,0.6,60,5.0,1.0,1.4,1.8,-0.4,1,2,2,0.2,0.4,0.4,11,0.8,1.2,2.0,-0.8,0.2,30,1.6,1.6,1.4,0.2,0.4,1,1.0,1.0,1.0,0.0,-0.6,0.0,-0.40000000000000013,-0.4,-0.8,-0.40000000000000013,-0.6000000000000001,1,1,1,1,1,1.0,AWAY_WIN,2
2024-02-04 14:00:00+00:00,Chelsea,Wolves,2.0,4.0,60,9.0,1.8,1.6,1.8,-0.2,3,0,2,0.6,0.0,0.4,60,10.0,2.0,2.4,1.2,1.2,3,1,1,0.6,0.2,0.2,30,2.6,2.4,1.4,1.0,0.8,30,0.8,1.4,1.8,-0.4,0.2,3,1.0,1.3333333333333333,1.0,0.3333333333333333,-0.19999999999999996,-0.7999999999999998,-0.6000000000000001,-1.4,1.8,1.0,0.40000000000000013,1,1,1,1,1,1.0,AWAY_WIN,2
2024-02-04 14:00:00+00:00,Manchester United,West Ham,3.0,0.0,60,7.0,1.4,2.0,2.2,-0.2,2,1,2,0.4,0.2,0.4,60,9.0,1.8,1.4,0.6,0.8,2,3,0,0.4,0.6,0.0,30,2.0,1.6,1.6,0.0,0.6,30,2.0,1.6,1.8,-0.2,0.6,3,1.0,0.3333333333333333,1.0,0.3333333333333333,-0.40000000000000013,0.6000000000000001,-1.6,-1.0,0.0,0.0,0.19999999999999996,1,1,1,1,1,1.0,HOME_WIN,0
2024-02-04 14:00:00+00:00,Bournemouth,Nottingham Forest,1.0,1.0,59,7.0,1.4,1.6,2.0,-0.4,2,1,2,0.4,0.2,0.4,60,6.0,1.2,2.0,2.0,0.0,2,0,3,0.4,0.0,0.6,29,2.0,1.8,1.4,0.4,0.6,30,0.8,1.6,2.6,-1.0,0.2,3,2.3333333333333335,2.3333333333333335,1.6666666666666667,0.6666666666666666,0.19999999999999996,-0.3999999999999999,0.0,-0.4,1.2,0.19999999999999996,1.2000000000000002,1,1,1,1,1,1.0,DRAW,1
2024-02-04 16:30:00+00:00,Arsenal,Liverpool,3.0,1.0,60,7.0,1.4,1.8,1.2,0.6,2,1,2,0.4,0.2,0.4,60,13.0,2.6,3.0,0.8,2.2,4,1,0,0.8,0.2,0.0,30,2.4,2.4,0.8,1.6,0.8,30,2.6,2.2,0.4,1.8,0.8,3,1.6666666666666667,2.0,1.6666666666666667,0.3333333333333333,-1.2000000000000002,-1.2,-0.3999999999999999,-1.6,-0.20000000000000018,0.19999999999999973,-0.4,1,1,1,1,1,1.0,HOME_WIN,0
2024-02-05 20:00:00+00:00,Brentford,Manchester City,1.0,3.0,59,3.0,0.6,1.6,2.8,-1.2,1,0,4,0.2,0.0,0.8,59,13.0,2.6,2.6,1.2,1.4,4,1,0,0.8,0.2,0.0,30,1.2,1.6,2.0,-0.4,0.4,30,2.0,2.4,1.8,0.6,0.6,2,3.0,1.5,0.5,1.0,-2.0,-1.0,-1.5999999999999999,-2.5999999999999996,-0.8,-0.7999999999999998,-0.19999999999999996,1,1,1,1,1,1.0,AWAY_WIN,2
2024-02-10 12:30:00+00:00,Manchester City,Everton,2.0,0.0,60,15.0,3.0,2.8,1.0,1.8,5,0,0,1.0,0.0,0.0,61,3.0,0.6,0.6,1.6,-1.0,0,3,2,0.0,0.6,0.4,29,1.8,2.2,1.4,0.8,0.4,30,1.4,0.8,1.0,-0.2,0.4,3,2.3333333333333335,2.3333333333333335,0.6666666666666666,0.6666666666666666,2.4,2.1999999999999997,0.6000000000000001,2.8,0.40000000000000013,1.4000000000000001,-0.3999999999999999,1,1,1,1,1,1.0,HOME_WIN,0
2024-02-10 15:00:00+00:00,Fulham,Bournemouth,3.0,1.0,61,5.0,1.0,0.8,1.4,-0.6,1,2,2,0.2,0.4,0.4,60,5.0,1.0,1.2,1.8,-0.6,1,2,2,0.2,0.4,0.4,30,2.0,2.4,0.6,1.8,0.6,30,2.0,2.0,1.2,0.8,0.6,3,0.3333333333333333,1.0,2.3333333333333335,0.0,0.0,-0.3999999999999999,0.40000000000000013,0.0,0.0,0.3999999999999999,0.6,1,1,1,1,1,1.0,HOME_WIN,0
2024-02-10 15:00:00+00:00,Liverpool,Burnley,3.0,1.0,61,12.0,2.4,3.0,1.2,1.8,4,0,1,0.8,0.0,0.2,23,2.0,0.4,1.2,2.2,-1.0,0,2,3,0.0,0.4,0.6,30,2.2,2.6,1.4,1.2,0.6,11,0.8,1.2,1.6,-0.4,0.2,1,3.0,2.0,0.0,1.0,2.0,1.8,1.0000000000000002,2.8,1.4000000000000001,1.4000000000000001,0.20000000000000018,1,1,1,1,1,1.0,HOME_WIN,0
2024-02-10 15:00:00+00:00,Luton,Sheffield Utd,1.0,3.0,22,8.0,1.6,2.8,2.0,0.8,2,2,1,0.4,0.4,0.2,23,1.0,0.2,1.2,3.0,-1.8,0,1,4,0.0,0.2,0.8,11,1.2,2.2,1.8,0.4,0.4,11,0.2,0.6,2.6,-2.0,0.0,1,3.0,3.0,2.0,1.0,1.4000000000000001,1.5999999999999999,1.0,2.6,1.0,1.6,0.8,1,1,1,1,1,1.0,AWAY_WIN,2
2024-02-10 15:00:00+00:00,Tottenham,Brighton,2.0,1.0,61,8.0,1.6,2.4,2.2,0.2,2,2,1,0.4,0.4,0.2,61,8.0,1.6,1.6,1.4,0.2,2,2,1,0.4,0.4,0.2,30,2.4,2.6,1.4,1.2,0.8,30,0.4,0.6,2.0,-1.4,0.0,3,2.0,1.6666666666666667,1.6666666666666667,0.6666666666666666,0.0,0.7999999999999998,-0.8000000000000003,0.0,2.0,2.0,0.6000000000000001,1,1,1,1,1,1.0,HOME_WIN,0
2024-02-10 15:00:00+00:00,Wolves,Brentford,0.0,2.0,61,10.0,2.0,2.8,1.4,1.4,3,1,1,0.6,0.2,0.2,60,3.0,0.6,1.6,3.0,-1.4,1,0,4,0.2,0.0,0.8,30,2.0,2.0,1.2,0.8,0.6,29,0.0,0.8,2.4,-1.6,0.0,3,2.3333333333333335,2.3333333333333335,0.6666666666666666,0.6666666666666666,1.4,1.1999999999999997,1.6,2.8,2.0,1.2,1.2,1,1,1,1,1,1.0,AWAY_WIN,2
2024-02-10 17:30:00+00:00,Nottingham Forest,Newcastle,2.0,3.0,61,7.0,1.4,1.8,1.6,0.2,2,1,2,0.4,0.2,0.4,61,4.0,0.8,2.4,3.0,-0.6,1,1,3,0.2,0.2,0.6,30,0.6,1.0,1.8,-0.8,0.2,30,0.6,1.2,2.6,-1.4,0.2,3,1.0,1.3333333333333333,1.6666666666666667,0.3333333333333333,0.5999999999999999,-0.5999999999999999,1.4,0.8,0.0,-0.19999999999999996,0.8,1,1,1,1,1,1.0,AWAY_WIN,2
2024-02-11 14:00:00+00:00,West Ham,Arsenal,0.0,6.0,61,6.0,1.2,1.0,1.2,-0.2,1,3,1,0.2,0.6,0.2,61,9.0,1.8,2.2,1.2,1.0,3,0,2,0.6,0.0,0.4,30,1.8,1.4,0.4,1.0,0.4,30,1.4,1.6,1.6,0.0,0.4,3,1.3333333333333333,1.6666666666666667,1.6666666666666667,0.3333333333333333,-0.6000000000000001,-1.2000000000000002,0.0,-1.2,0.40000000000000013,-0.20000000000000018,1.2000000000000002,1,1,1,1,1,1.0,AWAY_WIN,2
2024-02-11 16:30:00+00:00,Aston Villa,Manchester United,1.0,2.0,61,7.0,1.4,2.2,1.6,0.6,2,1,2,0.4,0.2,0.4,61,10.0,2.0,2.6,1.8,0.8,3,1,1,0.6,0.2,0.2,30,2.0,1.4,1.2,0.2,0.6,30,0.8,1.0,1.6,-0.6,0.2,3,1.0,1.6666666666666667,1.6666666666666667,0.3333333333333333,-0.6000000000000001,-0.3999999999999999,0.19999999999999996,-0.20000000000000007,1.2,0.3999999999999999,0.40000000000000013,1,1,1,1,1,1.0,AWAY_WIN,2
2024-02-12 20:00:00+00:00,Crystal Palace,Chelsea,1.0,3.0,61,6.0,1.2,1.6,2.8,-1.2,2,0,3,0.4,0.0,0.6,61,9.0,1.8,1.8,2.2,-0.4,3,0,2,0.6,0.0,0.4,30,1.4,1.6,1.6,0.0,0.4,30,0.6,1.2,2.4,-1.2,0.2,3,0.0,0.6666666666666666,1.6666666666666667,0.0,-0.6000000000000001,-0.19999999999999996,-0.5999999999999996,-0.7999999999999999,0.7999999999999999,0.40000000000000013,0.7999999999999998,1,1,1,1,1,1.0,AWAY_WIN,2
2024-02-17 12:30:00+00:00,Brentford,Liverpool,1.0,4.0,61,6.0,1.2,1.8,2.2,-0.4,2,0,3,0.4,0.0,0.6,62,12.0,2.4,3.2,1.4,1.8,4,0,1,0.8,0.0,0.2,31,1.2,1.8,2.4,-0.6,0.4,31,2.4,2.2,0.8,1.4,0.8,3,1.0,1.0,1.6666666666666667,0.3333333333333333,-1.2,-1.4000000000000001,-0.8000000000000003,-2.2,-1.2,-0.40000000000000013,-1.5999999999999999,1,1,1,1,1,1.0,AWAY_WIN,2
2024-02-17 15:00:00+00:00,Nottingham Forest,West Ham,2.0,0.0,62,4.0,0.8,1.6,2.0,-0.4,1,1,3,0.2,0.2,0.6,62,3.0,0.6,0.6,2.4,-1.8,0,3,2,0.0,0.6,0.4,31,0.6,1.4,2.2,-0.8,0.2,31,1.4,1.2,2.2,-1.0,0.4,3,1.0,1.0,2.3333333333333335,0.3333333333333333,0.20000000000000007,1.0,0.3999999999999999,1.4,-0.7999999999999999,0.19999999999999996,0.0,1,1,1,1,1,1.0,HOME_WIN,0
2024-02-17 15:00:00+00:00,Tottenham,Wolves,1.0,2.0,62,11.0,2.2,2.4,1.6,0.8,3,2,0,0.6,0.4,0.0,62,7.0,1.4,2.0,1.6,0.4,2,1,2,0.4,0.2,0.4,31,3.0,2.8,1.2,1.6,1.0,31,1.4,1.8,1.6,0.2,0.4,3,1.0,0.6666666666666666,1.0,0.3333333333333333,0.8000000000000003,0.3999999999999999,0.0,0.4,1.6,0.9999999999999998,0.40000000000000013,1,1,1,1,1,1.0,AWAY_WIN,2
2024-02-17 15:00:00+00:00,Newcastle,Bournemouth,2.0,2.0,62,7.0,1.4,2.8,2.8,0.0,2,1,2,0.4,0.2,0.4,61,2.0,0.4,0.8,2.4,-1.6,0,2,3,0.0,0.4,0.6,31,1.4,2.2,2.0,0.2,0.4,31,1.4,1.8,1.8,0.0,0.4,3,0.6666666666666666,0.6666666666666666,1.3333333333333333,0.0,0.9999999999999999,1.9999999999999998,-0.3999999999999999,1.6,0.0,0.40000000000000013,-0.19999999999999996,1,1,1,1,1,1.0,DRAW,1
2024-02-17 15:00:00+00:00,Fulham,Aston Villa,1.0,2.0,62,8.0,1.6,1.4,1.0,0.4,2,2,1,0.4,0.4,0.2,62,7.0,1.4,2.0,1.4,0.6,2,1,2,0.4,0.2,0.4,31,2.0,2.0,0.8,1.2,0.6,31,1.6,2.2,1.2,1.0,0.4,3,1.0,1.3333333333333333,1.3333333333333333,0.3333333333333333,0.20000000000000018,-0.6000000000000001,0.3999999999999999,-0.19999999999999996,0.3999999999999999,-0.20000000000000018,0.3999999999999999,1,1,1,1,1,1.0,AWAY_WIN,2
2024-02-17 15:00:00+00:00,Burnley,Arsenal,0.0,5.0,24,2.0,0.4,1.4,2.4,-1.0,0,2,3,0.0,0.4,0.6,62,12.0,2.4,3.4,0.8,2.6,4,0,1,0.8,0.0,0.2,12,1.0,1.6,1.4,0.2,0.2,31,1.4,2.0,1.0,1.0,0.4,1,0.0,1.0,3.0,0.0,-2.0,-2.0,-1.5999999999999999,-3.6,-0.3999999999999999,-0.3999999999999999,-0.3999999999999999,1,1,1,1,1,1.0,AWAY_WIN,2
2024-02-17 17:30:00+00:00,Manchester City,Chelsea,1.0,1.0,61,15.0,3.0,2.6,0.8,1.8,5,0,0,1.0,0.0,0.0,62,9.0,1.8,2.0,2.2,-0.2,3,0,2,0.6,0.0,0.4,30,2.2,2.4,1.2,1.2,0.6,31,1.2,1.6,2.2,-0.6,0.4,3,2.3333333333333335,2.0,1.3333333333333333,0.6666666666666666,1.2,0.6000000000000001,1.4000000000000001,2.0,1.0000000000000002,0.7999999999999998,1.0000000000000002,1,1,1,1,1,1.0,DRAW,1
2024-02-18 14:00:00+00:00,Sheffield Utd,Brighton,0.0,5.0,24,4.0,0.8,1.4,2.6,-1.2,1,1,3,0.2,0.2,0.6,62,5.0,1.0,1.0,1.4,-0.4,1,2,2,0.2,0.4,0.4,12,0.8,1.0,2.4,-1.4,0.2,31,0.4,0.4,1.8,-1.4,0.0,1,1.0,1.0,1.0,0.0,-0.19999999999999996,0.3999999999999999,-1.2000000000000002,-0.7999999999999999,0.4,0.6,-0.5999999999999999,1,1,1,1,1,1.0,AWAY_WIN,2
2024-02-18 16:30:00+00:00,Luton,Manchester United,1.0,2.0,23,5.0,1.0,2.4,2.2,0.2,1,2,2,0.2,0.4,0.4,62,10.0,2.0,2.4,1.6,0.8,3,1,1,0.6,0.2,0.2,12,1.2,1.8,1.6,0.2,0.4,31,1.4,1.4,1.6,-0.2,0.4,1,0.0,0.0,1.0,0.0,-1.0,0.0,-0.6000000000000001,-0.6000000000000001,-0.19999999999999996,0.40000000000000013,0.0,1,1,1,1,1,1.0,AWAY_WIN,2
2024-02-19 20:00:00+00:00,Everton,Crystal Palace,1.0,1.0,62,3.0,0.6,0.4,1.4,-1.0,0,3,2,0.0,0.6,0.4,62,6.0,1.2,1.6,3.0,-1.4,2,0,3,0.4,0.0,0.6,31,1.6,1.6,1.0,0.6,0.4,31,0.4,1.0,2.8,-1.8,0.0,3,2.3333333333333335,2.0,0.6666666666666666,0.6666666666666666,-0.6,-1.2000000000000002,1.6,0.3999999999999999,1.2000000000000002,0.6000000000000001,1.7999999999999998,1,1,1,1,1,1.0,DRAW,1
2024-02-20 19:30:00+00:00,Manchester City,Brentford,1.0,0.0,62,13.0,2.6,2.4,1.0,1.4,4,1,0,0.8,0.2,0.0,62,6.0,1.2,1.8,2.4,-0.6,2,0,3,0.4,0.0,0.6,31,2.2,2.0,0.8,1.2,0.6,30,0.6,1.2,1.8,-0.6,0.2,3,1.0,1.3333333333333333,1.3333333333333333,0.3333333333333333,1.4000000000000001,0.5999999999999999,1.4,2.0,1.6,0.8,1.0,1,1,1,1,1,1.0,HOME_WIN,0
2024-02-21 19:30:00+00:00,Liverpool,Luton,4.0,1.0,63,12.0,2.4,3.2,1.2,2.0,4,0,1,0.8,0.0,0.2,24,5.0,1.0,2.2,2.0,0.2,1,2,2,0.2,0.4,0.4,31,2.2,2.4,1.0,1.4,0.6,11,1.0,1.8,2.2,-0.4,0.2,1,1.0,1.0,1.0,0.0,1.4,1.0,0.8,1.8,1.2000000000000002,0.5999999999999999,1.2000000000000002,1,1,1,1,1,1.0,HOME_WIN,0
2024-02-24 15:00:00+00:00,Aston Villa,Nottingham Forest,4.0,2.0,63,7.0,1.4,1.8,1.2,0.6,2,1,2,0.4,0.2,0.4,63,4.0,0.8,1.6,1.8,-0.2,1,1,3,0.2,0.2,0.6,31,1.4,1.4,1.6,-0.2,0.4,31,1.0,1.4,2.2,-0.8,0.2,3,1.3333333333333333,1.0,1.0,0.3333333333333333,0.5999999999999999,0.19999999999999996,0.6000000000000001,0.8,0.3999999999999999,0.0,0.6000000000000001,1,1,1,1,1,1.0,HOME_WIN,0
2024-02-24 15:00:00+00:00,Brighton,Everton,1.0,1.0,63,7.0,1.4,2.0,1.4,0.6,2,1,2,0.4,0.2,0.4,63,4.0,0.8,0.6,1.0,-0.4,0,4,1,0.0,0.8,0.2,31,2.2,2.2,1.0,1.2,0.6,31,0.8,0.6,1.4,-0.8,0.2,3,1.3333333333333333,2.0,2.3333333333333335,0.3333333333333333,0.5999999999999999,1.4,-0.3999999999999999,1.0,1.4000000000000001,1.6,0.3999999999999999,1,1,1,1,1,1.0,DRAW,1
2024-02-24 15:00:00+00:00,Crystal Palace,Burnley,3.0,0.0,63,4.0,0.8,1.2,3.0,-1.8,1,1,3,0.2,0.2,0.6,25,2.0,0.4,1.0,2.8,-1.8,0,2,3,0.0,0.4,0.6,31,1.4,1.8,1.8,0.0,0.4,12,0.8,1.4,2.0,-0.6,0.2,1,3.0,2.0,0.0,1.0,0.4,0.19999999999999996,-0.20000000000000018,0.0,0.5999999999999999,0.40000000000000013,0.19999999999999996,1,1,1,1,1,1.0,HOME_WIN,0
2024-02-24 15:00:00+00:00,Manchester United,Fulham,1.0,2.0,63,13.0,2.6,2.6,1.4,1.2,4,1,0,0.8,0.2,0.0,63,5.0,1.0,1.2,1.2,0.0,1,2,2,0.2,0.4,0.4,31,2.0,2.0,1.6,0.4,0.6,31,0.2,1.0,2.6,-1.6,0.0,3,3.0,1.6666666666666667,0.6666666666666666,1.0,1.6,1.4000000000000001,-0.19999999999999996,1.2,1.8,1.0,1.0,1,1,1,1,1,1.0,AWAY_WIN,2
2024-02-24 17:30:00+00:00,Bournemouth,Manchester City,0.0,1.0,62,3.0,0.6,1.0,2.2,-1.2,0,3,2,0.0,0.6,0.4,63,13.0,2.6,2.0,0.6,1.4,4,1,0,0.8,0.2,0.0,30,1.6,1.6,1.4,0.2,0.4,31,2.4,2.2,1.2,1.0,0.8,3,0.0,0.6666666666666666,4.666666666666667,0.0,-2.0,-1.0,-1.6,-2.5999999999999996,-0.7999999999999998,-0.6000000000000001,-0.19999999999999996,1,1,1,1,1,1.0,AWAY_WIN,2
2024-02-24 20:00:00+00:00,Arsenal,Newcastle,4.0,1.0,63,15.0,3.0,4.2,0.4,3.8,5,0,0,1.0,0.0,0.0,63,8.0,1.6,2.8,2.4,0.4,2,2,1,0.4,0.4,0.2,31,2.4,2.4,0.8,1.6,0.8,31,1.2,1.8,2.4,-0.6,0.4,3,1.3333333333333333,0.6666666666666666,0.3333333333333333,0.3333333333333333,1.4,1.4000000000000004,2.0,3.4,1.2,0.5999999999999999,1.5999999999999999,1,1,1,1,1,1.0,HOME_WIN,0
2024-02-25 13:30:00+00:00,Wolves,Sheffield Utd,1.0,0.0,63,7.0,1.4,1.8,1.8,0.0,2,1,2,0.4,0.2,0.4,25,4.0,0.8,1.4,3.2,-1.8,1,1,3,0.2,0.2,0.6,31,1.4,1.8,1.6,0.2,0.4,12,0.8,1.2,1.8,-0.6,0.2,1,0.0,1.0,2.0,0.0,0.5999999999999999,0.40000000000000013,1.4000000000000001,1.8,0.5999999999999999,0.6000000000000001,0.19999999999999996,1,1,1,1,1,1.0,HOME_WIN,0
2024-02-26 20:00:00+00:00,West Ham,Brentford,4.0,2.0,63,2.0,0.4,0.6,2.8,-2.2,0,2,3,0.0,0.4,0.6,63,3.0,0.6,1.2,2.2,-1.0,1,0,4,0.2,0.0,0.8,31,1.6,1.2,1.4,-0.2,0.4,31,0.6,1.0,1.6,-0.6,0.2,3,0.0,0.6666666666666666,2.3333333333333335,0.0,-0.19999999999999996,-0.6,-0.5999999999999996,-1.2000000000000002,1.0,0.19999999999999996,0.20000000000000018,1,1,1,1,1,1.0,HOME_WIN,0
2024-03-02 15:00:00+00:00,Tottenham,Crystal Palace,3.0,1.0,63,8.0,1.6,2.0,1.8,0.2,2,2,1,0.4,0.4,0.2,64,7.0,1.4,1.8,2.0,-0.2,2,1,2,0.4,0.2,0.4,32,2.4,2.2,1.4,0.8,0.8,32,0.4,1.0,2.8,-1.8,0.0,3,3.0,2.3333333333333335,0.3333333333333333,1.0,0.20000000000000018,0.19999999999999996,0.19999999999999996,0.4,2.0,1.2000000000000002,1.4,1,1,1,1,1,1.0,HOME_WIN,0
2024-03-02 15:00:00+00:00,Newcastle,Wolves,3.0,0.0,64,8.0,1.6,2.6,2.6,0.0,2,2,1,0.4,0.4,0.2,64,9.0,1.8,2.0,1.8,0.2,3,0,2,0.6,0.0,0.4,32,1.0,2.4,2.4,0.0,0.2,32,2.0,2.0,1.4,0.6,0.6,3,1.6666666666666667,1.6666666666666667,1.3333333333333333,0.3333333333333333,-0.19999999999999996,0.6000000000000001,-0.8,-0.2,-1.0,0.3999999999999999,-1.0,1,1,1,1,1,1.0,HOME_WIN,0
2024-03-02 15:00:00+00:00,Nottingham Forest,Liverpool,0.0,1.0,64,4.0,0.8,1.6,2.0,-0.4,1,1,3,0.2,0.2,0.6,64,12.0,2.4,3.2,1.4,1.8,4,0,1,0.8,0.0,0.2,32,1.2,1.8,1.8,0.0,0.4,32,2.4,2.6,1.0,1.6,0.8,3,1.0,1.0,2.0,0.3333333333333333,-1.5999999999999999,-1.6,-0.6000000000000001,-2.2,-1.2,-0.8,-0.8,1,1,1,1,1,1.0,AWAY_WIN,2
2024-03-02 15:00:00+00:00,Everton,West Ham,1.0,3.0,64,4.0,0.8,0.8,1.2,-0.4,0,4,1,0.0,0.8,0.2,64,4.0,0.8,1.0,2.8,-1.8,1,1,3,0.2,0.2,0.6,32,1.2,1.2,1.2,0.0,0.2,32,0.8,0.8,2.4,-1.6,0.2,3,2.0,0.6666666666666666,0.6666666666666666,0.6666666666666666,0.0,-0.19999999999999996,1.5999999999999999,1.4,0.3999999999999999,0.3999999999999999,1.2,1,1,1,1,1,1.0,AWAY_WIN,2
2024-03-02 15:00:00+00:00,Fulham,Brighton,3.0,0.0,64,8.0,1.6,1.6,1.2,0.4,2,2,1,0.4,0.4,0.2,64,7.0,1.4,2.2,1.6,0.6,2,1,2,0.4,0.2,0.4,32,1.4,1.2,1.2,0.0,0.4,32,1.0,1.4,1.4,0.0,0.2,3,2.3333333333333335,1.3333333333333333,0.6666666666666666,0.6666666666666666,0.20000000000000018,-0.6000000000000001,0.40000000000000013,-0.19999999999999996,0.3999999999999999,-0.19999999999999996,0.19999999999999996,1,1,1,1,1,1.0,HOME_WIN,0
2024-03-02 15:00:00+00:00,Brentford,Chelsea,2.0,2.0,64,3.0,0.6,1.2,2.4,-1.2,1,0,4,0.2,0.0,0.8,63,7.0,1.4,1.6,2.0,-0.4,2,1,2,0.4,0.2,0.4,32,0.6,1.4,3.0,-1.6,0.2,32,1.4,1.8,2.0,-0.2,0.4,3,2.3333333333333335,1.3333333333333333,0.0,0.6666666666666666,-0.7999999999999999,-0.40000000000000013,-0.3999999999999999,-0.7999999999999999,-0.7999999999999999,-0.40000000000000013,-1.0,1,1,1,1,1,1.0,DRAW,1
2024-03-02 17:30:00+00:00,Luton,Aston Villa,2.0,3.0,25,4.0,0.8,2.2,2.6,-0.4,1,1,3,0.2,0.2,0.6,64,9.0,1.8,2.6,1.6,1.0,3,0,2,0.6,0.0,0.4,13,1.2,1.8,1.6,0.2,0.4,32,2.0,2.2,1.0,1.2,0.6,1,0.0,1.0,3.0,0.0,-1.0,-0.3999999999999999,-1.0,-1.4,-0.8,-0.40000000000000013,-0.6000000000000001,1,1,1,1,1,1.0,AWAY_WIN,2
2024-03-03 13:00:00+00:00,Burnley,Bournemouth,0.0,2.0,26,1.0,0.2,0.8,3.2,-2.4,0,1,4,0.0,0.2,0.8,63,3.0,0.6,1.0,1.6,-0.6,0,3,2,0.0,0.6,0.4,13,0.4,0.6,2.4,-1.8,0.0,32,1.0,1.6,2.2,-0.6,0.2,1,0.0,1.0,2.0,0.0,-0.39999999999999997,-0.19999999999999996,-1.6,-1.7999999999999998,-0.6,-1.0,-0.19999999999999973,1,1,1,1,1,1.0,AWAY_WIN,2
2024-03-03 15:30:00+00:00,Manchester City,Manchester United,3.0,1.0,64,13.0,2.6,1.6,0.4,1.2,4,1,0,0.8,0.2,0.0,64,12.0,2.4,2.4,1.4,1.0,4,0,1,0.8,0.0,0.2,32,2.6,1.8,0.4,1.4,0.8,32,1.8,1.8,1.8,0.0,0.6,3,2.0,3.3333333333333335,1.6666666666666667,0.6666666666666666,0.20000000000000018,-0.7999999999999998,0.9999999999999999,0.19999999999999996,0.8,0.0,1.4,1,1,1,1,1,1.0,HOME_WIN,0
2024-03-04 20:00:00+00:00,Sheffield Utd,Arsenal,0.0,6.0,26,3.0,0.6,1.0,3.0,-2.0,1,0,4,0.2,0.0,0.8,64,15.0,3.0,4.0,0.6,3.4,5,0,0,1.0,0.0,0.0,13,0.8,1.0,3.0,-2.0,0.2,32,2.0,3.0,0.8,2.2,0.6,1,0.0,0.0,5.0,0.0,-2.4,-3.0,-2.4,-5.4,-1.2,-2.0,-2.2,1,1,1,1,1,1.0,AWAY_WIN,2
2024-03-09 12:30:00+00:00,Manchester United,Everton,2.0,0.0,65,9.0,1.8,1.8,1.4,0.4,3,0,2,0.6,0.0,0.4,65,3.0,0.6,1.0,1.8,-0.8,0,3,2,0.0,0.6,0.4,32,1.4,1.8,1.8,0.0,0.4,32,0.4,0.4,1.6,-1.2,0.0,3,3.0,2.3333333333333335,0.3333333333333333,1.0,1.2000000000000002,0.8,0.40000000000000013,1.2000000000000002,0.9999999999999999,1.4,-0.19999999999999996,1,1,1,1,1,1.0,HOME_WIN,0
2024-03-09 15:00:00+00:00,Bournemouth,Sheffield Utd,2.0,2.0,64,5.0,1.0,1.2,1.4,-0.2,1,2,2,0.2,0.4,0.4,27,3.0,0.6,0.6,3.6,-3.0,1,0,4,0.2,0.0,0.8,31,1.0,1.2,1.6,-0.4,0.2,13,0.8,1.2,1.6,-0.4,0.2,1,3.0,3.0,1.0,1.0,0.4,0.6,2.2,2.8,0.19999999999999996,0.0,0.0,1,1,1,1,1,1.0,DRAW,1
2024-03-09 15:00:00+00:00,Crystal Palace,Luton,1.0,1.0,65,4.0,0.8,1.4,2.2,-0.8,1,1,3,0.2,0.2,0.6,26,1.0,0.2,1.8,3.2,-1.4,0,1,4,0.0,0.2,0.8,32,2.0,2.2,1.4,0.8,0.6,12,1.0,2.0,2.8,-0.8,0.2,1,0.0,1.0,2.0,0.0,0.6000000000000001,-0.40000000000000013,1.0,0.5999999999999999,1.0,0.20000000000000018,1.4,1,1,1,1,1,1.0,DRAW,1
2024-03-09 15:00:00+00:00,Wolves,Fulham,2.0,1.0,65,9.0,1.8,1.4,1.6,-0.2,3,0,2,0.6,0.0,0.4,65,10.0,2.0,2.2,1.2,1.0,3,1,1,0.6,0.2,0.2,32,1.8,1.8,1.4,0.4,0.6,32,0.8,0.8,2.0,-1.2,0.2,3,0.6666666666666666,1.0,1.3333333333333333,0.0,-0.19999999999999996,-0.8000000000000003,-0.40000000000000013,-1.2,1.0,1.0,0.6000000000000001,1,1,1,1,1,1.0,HOME_WIN,0
2024-03-09 17:30:00+00:00,Arsenal,Brentford,2.0,1.0,65,15.0,3.0,4.8,0.4,4.4,5,0,0,1.0,0.0,0.0,65,4.0,0.8,1.4,2.2,-0.8,1,1,3,0.2,0.2,0.6,32,2.4,2.8,0.8,2.0,0.8,32,0.6,1.4,2.2,-0.8,0.2,3,2.3333333333333335,1.6666666666666667,0.3333333333333333,0.6666666666666666,2.2,3.4,1.8000000000000003,5.2,1.7999999999999998,1.4,1.4000000000000001,1,1,1,1,1,1.0,HOME_WIN,0
2024-03-10 13:00:00+00:00,Aston Villa,Tottenham,0.0,4.0,65,12.0,2.4,3.0,1.4,1.6,4,0,1,0.8,0.0,0.2,64,10.0,2.0,2.2,1.6,0.6,3,1,1,0.6,0.2,0.2,32,1.4,2.0,2.0,0.0,0.4,31,1.2,2.2,2.2,0.0,0.2,3,3.0,2.0,0.6666666666666666,1.0,0.3999999999999999,0.7999999999999998,0.20000000000000018,1.0,0.19999999999999996,-0.20000000000000018,0.20000000000000018,1,1,1,1,1,1.0,AWAY_WIN,2
2024-03-10 14:00:00+00:00,Brighton,Nottingham Forest,1.0,0.0,65,7.0,1.4,2.2,1.4,0.8,2,1,2,0.4,0.2,0.4,65,4.0,0.8,1.4,1.8,-0.4,1,1,3,0.2,0.2,0.6,32,1.8,2.0,1.0,1.0,0.4,32,1.0,1.8,2.0,-0.2,0.2,3,1.3333333333333333,1.3333333333333333,1.6666666666666667,0.3333333333333333,0.5999999999999999,0.8000000000000003,0.40000000000000013,1.2000000000000002,0.8,0.19999999999999996,1.0,1,1,1,1,1,1.0,HOME_WIN,0
2024-03-10 14:00:00+00:00,West Ham,Burnley,2.0,2.0,65,6.0,1.2,1.4,2.8,-1.4,2,0,3,0.4,0.0,0.6,27,1.0,0.2,0.6,3.0,-2.4,0,1,4,0.0,0.2,0.8,32,1.6,1.4,1.8,-0.4,0.4,13,0.6,1.2,2.4,-1.2,0.2,1,3.0,2.0,1.0,1.0,1.0,0.7999999999999999,0.20000000000000018,1.0,1.0,0.19999999999999996,0.5999999999999999,1,1,1,1,1,1.0,DRAW,1
2024-03-10 15:45:00+00:00,Liverpool,Manchester City,1.0,1.0,65,12.0,2.4,2.6,1.2,1.4,4,0,1,0.8,0.0,0.2,65,13.0,2.6,1.6,0.4,1.2,4,1,0,0.8,0.2,0.0,32,2.6,3.2,1.2,2.0,0.8,32,3.0,2.4,1.0,1.4,1.0,3,1.3333333333333333,1.0,1.6666666666666667,0.3333333333333333,-0.20000000000000018,1.0,-0.7999999999999999,0.19999999999999996,-0.3999999999999999,0.8000000000000003,-0.19999999999999996,1,1,1,1,1,1.0,DRAW,1
2024-03-11 20:00:00+00:00,Chelsea,Newcastle,3.0,2.0,64,5.0,1.0,1.8,2.4,-0.6,1,2,2,0.2,0.4,0.4,65,8.0,1.6,2.6,2.4,0.2,2,2,1,0.4,0.4,0.2,31,2.4,2.0,1.4,0.6,0.8,32,1.2,1.8,2.4,-0.6,0.4,3,0.3333333333333333,0.6666666666666666,2.0,0.0,-0.6000000000000001,-0.8,0.0,-0.8,1.2,0.19999999999999996,1.0,1,1,1,1,1,1.0,HOME_WIN,0
2024-03-13 19:30:00+00:00,Bournemouth,Luton,4.0,3.0,65,5.0,1.0,1.4,1.6,-0.2,1,2,2,0.2,0.4,0.4,27,1.0,0.2,1.2,2.6,-1.4,0,1,4,0.0,0.2,0.8,32,1.0,1.2,1.6,-0.4,0.2,13,1.2,2.0,2.4,-0.4,0.2,0,0.0,0.0,0.0,0.0,0.8,0.19999999999999996,1.0,1.2,-0.19999999999999996,-0.8,0.7999999999999998,1,1,1,1,0,0.8,HOME_WIN,0
2024-03-16 15:00:00+00:00,Burnley,Brentford,2.0,1.0,28,1.0,0.2,0.6,3.0,-2.4,0,1,4,0.0,0.2,0.8,66,1.0,0.2,1.2,2.6,-1.4,0,1,4,0.0,0.2,0.8,14,0.4,0.6,2.4,-1.8,0.0,33,0.6,1.4,2.0,-0.6,0.2,1,0.0,0.0,3.0,0.0,0.0,-0.6,-0.3999999999999999,-1.0,-0.19999999999999996,-0.7999999999999999,-0.3999999999999999,1,1,1,1,1,1.0,HOME_WIN,0
2024-03-16 15:00:00+00:00,Luton,Nottingham Forest,1.0,1.0,28,1.0,0.2,1.6,2.8,-1.2,0,1,4,0.0,0.2,0.8,66,3.0,0.6,1.2,1.8,-0.6,1,0,4,0.2,0.0,0.8,14,0.6,2.0,2.2,-0.2,0.2,33,0.8,1.6,2.0,-0.4,0.2,1,1.0,2.0,2.0,0.0,-0.39999999999999997,0.40000000000000013,-0.9999999999999998,-0.6,-0.20000000000000007,0.3999999999999999,-0.20000000000000018,1,1,1,1,1,1.0,DRAW,1
2024-03-16 17:30:00+00:00,Fulham,Tottenham,3.0,0.0,66,9.0,1.8,2.0,1.2,0.8,3,0,2,0.6,0.0,0.4,65,10.0,2.0,2.4,1.2,1.2,3,1,1,0.6,0.2,0.2,33,2.0,1.8,0.8,1.0,0.6,32,1.6,2.4,1.6,0.8,0.4,3,0.0,0.3333333333333333,1.6666666666666667,0.0,-0.19999999999999996,-0.3999999999999999,0.0,-0.3999999999999999,0.3999999999999999,-0.5999999999999999,0.8,1,1,1,1,1,1.0,HOME_WIN,0
2024-03-17 14:00:00+00:00,West Ham,Aston Villa,1.0,1.0,66,7.0,1.4,1.8,2.6,-0.8,2,1,2,0.4,0.2,0.4,66,9.0,1.8,2.0,2.2,-0.2,3,0,2,0.6,0.0,0.4,33,1.2,1.4,2.2,-0.8,0.2,33,2.0,2.4,1.2,1.2,0.6,3,1.3333333333333333,1.0,1.6666666666666667,0.3333333333333333,-0.40000000000000013,-0.19999999999999996,-0.3999999999999999,-0.6000000000000001,-0.8,-1.0,-1.0000000000000002,1,1,1,1,1,1.0,DRAW,1
2024-03-30 12:30:00+00:00,Newcastle,West Ham,4.0,3.0,66,7.0,1.4,2.2,2.2,0.0,2,1,2,0.4,0.2,0.4,67,8.0,1.6,2.0,1.6,0.4,2,2,1,0.4,0.4,0.2,33,1.0,2.4,2.4,0.0,0.2,33,1.4,1.4,1.6,-0.2,0.4,3,1.6666666666666667,2.6666666666666665,1.3333333333333333,0.3333333333333333,-0.20000000000000018,0.20000000000000018,-0.6000000000000001,-0.4,-0.3999999999999999,1.0,-0.7999999999999998,1,1,1,1,1,1.0,HOME_WIN,0
2024-03-30 15:00:00+00:00,Tottenham,Luton,2.0,1.0,66,9.0,1.8,2.0,1.4,0.6,3,0,2,0.6,0.0,0.4,29,2.0,0.4,1.6,2.6,-1.0,0,2,3,0.0,0.4,0.6,33,2.4,2.4,1.4,1.0,0.8,14,0.6,2.0,2.8,-0.8,0.0,1,3.0,1.0,0.0,1.0,1.4,0.3999999999999999,1.2000000000000002,1.6,1.7999999999999998,0.3999999999999999,1.4,1,1,1,1,1,1.0,HOME_WIN,0
2024-03-30 15:00:00+00:00,Sheffield Utd,Fulham,3.0,3.0,28,4.0,0.8,1.0,3.0,-2.0,1,1,3,0.2,0.2,0.6,67,9.0,1.8,2.0,1.0,1.0,3,0,2,0.6,0.0,0.4,14,0.2,0.8,4.2,-3.4,0.0,33,0.8,1.0,1.8,-0.8,0.2,1,0.0,1.0,3.0,0.0,-1.0,-1.0,-2.0,-3.0,-0.6000000000000001,-0.19999999999999996,-2.4000000000000004,1,1,1,1,1,1.0,DRAW,1
2024-03-30 15:00:00+00:00,Nottingham Forest,Crystal Palace,1.0,1.0,67,4.0,0.8,1.0,1.4,-0.4,1,1,3,0.2,0.2,0.6,66,5.0,1.0,1.4,1.6,-0.2,1,2,2,0.2,0.4,0.4,33,1.2,1.4,1.4,0.0,0.4,33,0.2,0.8,3.0,-2.2,0.0,3,1.6666666666666667,0.6666666666666666,0.3333333333333333,0.3333333333333333,-0.19999999999999996,-0.3999999999999999,0.20000000000000018,-0.2,1.0,0.5999999999999999,1.6,1,1,1,1,1,1.0,DRAW,1
2024-03-30 15:00:00+00:00,Chelsea,Burnley,2.0,2.0,65,8.0,1.6,2.2,2.0,0.2,2,2,1,0.4,0.4,0.2,29,4.0,0.8,0.8,2.6,-1.8,1,1,3,0.2,0.2,0.6,32,2.4,2.0,1.4,0.6,0.8,14,0.2,1.2,2.8,-1.6,0.0,1,3.0,4.0,1.0,1.0,0.8,1.4000000000000001,0.6000000000000001,2.0,2.1999999999999997,0.8,1.4,1,1,1,1,1,1.0,DRAW,1
2024-03-30 15:00:00+00:00,Bournemouth,Everton,2.0,1.0,66,8.0,1.6,2.0,1.6,0.4,2,2,1,0.4,0.4,0.2,66,2.0,0.4,0.6,1.8,-1.2,0,2,3,0.0,0.4,0.6,33,1.0,1.4,2.2,-0.8,0.2,33,0.4,0.2,1.6,-1.4,0.0,3,1.0,1.0,1.3333333333333333,0.3333333333333333,1.2000000000000002,1.4,0.19999999999999996,1.6,0.6,1.2,-0.6000000000000001,1,1,1,1,1,1.0,HOME_WIN,0
2024-03-30 17:30:00+00:00,Aston Villa,Wolves,2.0,0.0,67,10.0,2.0,2.0,2.0,0.0,3,1,1,0.6,0.2,0.2,66,9.0,1.8,1.0,1.4,-0.4,3,0,2,0.6,0.0,0.4,33,1.2,1.8,2.6,-0.8,0.4,33,2.0,2.0,1.4,0.6,0.6,3,0.6666666666666666,0.6666666666666666,1.0,0.0,0.19999999999999996,1.0,-0.6000000000000001,0.4,-0.8,-0.19999999999999996,-1.2000000000000002,1,1,1,1,1,1.0,HOME_WIN,0
2024-03-30 20:00:00+00:00,Brentford,Manchester United,1.0,1.0,67,1.0,0.2,1.2,2.2,-1.0,0,1,4,0.0,0.2,0.8,66,9.0,1.8,1.6,1.4,0.2,3,0,2,0.6,0.0,0.4,33,0.8,1.6,3.0,-1.4,0.2,33,1.8,2.0,2.0,0.0,0.6,3,1.0,1.6666666666666667,1.0,0.3333333333333333,-1.6,-0.40000000000000013,-0.8000000000000003,-1.2,-1.0,-0.3999999999999999,-1.0,1,1,1,1,1,1.0,DRAW,1
2024-03-31 13:00:00+00:00,Liverpool,Brighton,2.0,1.0,66,13.0,2.6,2.6,0.8,1.8,4,1,0,0.8,0.2,0.0,66,7.0,1.4,1.6,1.2,0.4,2,1,2,0.4,0.2,0.4,33,2.6,3.2,1.2,2.0,0.8,33,0.8,1.2,1.8,-0.6,0.2,3,0.6666666666666666,1.6666666666666667,2.6666666666666665,0.0,1.2000000000000002,1.0,0.3999999999999999,1.4,1.8,2.0,0.6000000000000001,1,1,1,1,1,1.0,HOME_WIN,0
2024-03-31 15:30:00+00:00,Manchester City,Arsenal,0.0,0.0,66,11.0,2.2,1.4,0.6,0.8,3,2,0,0.6,0.4,0.0,66,15.0,3.0,4.6,0.4,4.2,5,0,0,1.0,0.0,0.0,33,2.6,2.0,0.6,1.4,0.8,33,2.4,4.0,0.6,3.4,0.8,3,2.0,2.3333333333333335,1.0,0.6666666666666666,-0.7999999999999998,-3.1999999999999997,-0.19999999999999996,-3.4000000000000004,0.20000000000000018,-2.0,0.0,1,1,1,1,1,1.0,DRAW,1
2024-04-02 18:30:00+00:00,Nottingham Forest,Fulham,3.0,1.0,68,2.0,0.4,0.8,1.6,-0.8,0,2,3,0.0,0.4,0.6,68,10.0,2.0,2.4,1.2,1.2,3,1,1,0.6,0.2,0.2,34,0.8,1.2,1.4,-0.2,0.2,34,1.0,1.6,1.8,-0.2,0.2,3,0.0,0.6666666666666666,3.3333333333333335,0.0,-1.6,-1.5999999999999999,-0.40000000000000013,-2.0,-0.19999999999999996,-0.40000000000000013,0.40000000000000013,1,1,1,1,1,1.0,HOME_WIN,0
2024-04-02 18:30:00+00:00,Newcastle,Everton,1.0,1.0,67,7.0,1.4,2.4,2.4,0.0,2,1,2,0.4,0.2,0.4,67,2.0,0.4,0.8,1.8,-1.0,0,2,3,0.0,0.4,0.6,34,1.6,3.0,2.4,0.6,0.4,34,0.4,0.4,1.4,-1.0,0.0,3,2.0,1.6666666666666667,1.3333333333333333,0.6666666666666666,0.9999999999999999,1.5999999999999999,-0.5999999999999999,1.0,1.2000000000000002,2.6,-1.0,1,1,1,1,1,1.0,DRAW,1
2024-04-02 18:45:00+00:00,Burnley,Wolves,1.0,1.0,30,5.0,1.0,1.2,2.0,-0.8,1,2,2,0.2,0.4,0.4,67,9.0,1.8,1.0,1.4,-0.4,3,0,2,0.6,0.0,0.4,15,1.0,1.0,2.2,-1.2,0.2,34,1.4,1.2,1.6,-0.4,0.4,1,0.0,0.0,1.0,0.0,-0.8,0.19999999999999996,-0.6000000000000001,-0.4,-0.3999999999999999,-0.19999999999999996,-0.6000000000000001,1,1,1,1,1,1.0,DRAW,1
2024-04-02 18:45:00+00:00,Bournemouth,Crystal Palace,1.0,0.0,67,10.0,2.0,2.0,1.4,0.6,3,1,1,0.6,0.2,0.2,67,6.0,1.2,1.4,1.2,0.2,1,3,1,0.2,0.6,0.2,34,1.6,1.8,1.6,0.2,0.4,34,0.4,0.8,2.8,-2.0,0.0,3,1.0,0.6666666666666666,1.3333333333333333,0.3333333333333333,0.8,0.6000000000000001,-0.19999999999999996,0.39999999999999997,1.2000000000000002,1.0,1.1999999999999997,1,1,1,1,1,1.0,HOME_WIN,0
2024-04-02 19:15:00+00:00,West Ham,Tottenham,1.0,1.0,68,8.0,1.6,2.6,2.0,0.6,2,2,1,0.4,0.4,0.2,67,9.0,1.8,2.0,1.4,0.6,3,0,2,0.6,0.0,0.4,34,1.2,1.6,2.4,-0.8,0.2,33,1.0,2.0,2.2,-0.2,0.2,3,1.3333333333333333,1.0,1.3333333333333333,0.3333333333333333,-0.19999999999999996,0.6000000000000001,-0.6000000000000001,0.0,0.19999999999999996,-0.3999999999999999,-0.19999999999999973,1,1,1,1,1,1.0,DRAW,1
2024-04-03 18:30:00+00:00,Arsenal,Luton,2.0,0.0,67,13.0,2.6,3.4,0.4,3.0,4,1,0,0.8,0.2,0.0,30,2.0,0.4,1.6,2.2,-0.6,0,2,3,0.0,0.4,0.6,33,2.4,2.8,1.0,1.8,0.8,15,0.4,2.0,3.0,-1.0,0.0,1,3.0,4.0,3.0,1.0,2.2,1.7999999999999998,1.8000000000000003,3.6,2.0,0.7999999999999998,2.0,1,1,1,1,1,1.0,HOME_WIN,0
2024-04-03 18:30:00+00:00,Brentford,Brighton,0.0,0.0,68,2.0,0.4,1.4,2.2,-0.8,0,2,3,0.0,0.4,0.6,67,7.0,1.4,1.6,1.2,0.4,2,1,2,0.4,0.2,0.4,34,1.0,1.6,2.4,-0.8,0.2,34,0.6,1.4,2.2,-0.8,0.2,3,1.3333333333333333,2.0,1.6666666666666667,0.3333333333333333,-0.9999999999999999,-0.20000000000000018,-1.0000000000000002,-1.2000000000000002,0.4,0.20000000000000018,-0.19999999999999973,1,1,1,1,1,1.0,DRAW,1
2024-04-03 19:15:00+00:00,Manchester City,Aston Villa,4.0,1.0,67,11.0,2.2,1.2,0.4,0.8,3,2,0,0.6,0.4,0.0,68,10.0,2.0,2.0,1.8,0.2,3,1,1,0.6,0.2,0.2,34,2.2,1.4,0.4,1.0,0.6,34,2.2,2.2,0.8,1.4,0.6,3,1.3333333333333333,1.3333333333333333,1.0,0.3333333333333333,0.20000000000000018,-0.8,1.4,0.6000000000000001,0.0,-0.8000000000000003,0.4,1,1,1,1,1,1.0,HOME_WIN,0
2024-04-04 18:30:00+00:00,Liverpool,Sheffield Utd,3.0,1.0,67,13.0,2.6,2.4,0.8,1.6,4,1,0,0.8,0.2,0.0,29,2.0,0.4,1.0,3.4,-2.4,0,2,3,0.0,0.4,0.6,34,2.6,2.8,1.0,1.8,0.8,14,0.8,1.4,1.8,-0.4,0.2,1,3.0,2.0,0.0,1.0,2.2,1.4,2.5999999999999996,4.0,1.8,1.4,0.8,1,1,1,1,1,1.0,HOME_WIN,0
2024-04-04 19:15:00+00:00,Chelsea,Manchester United,4.0,3.0,66,9.0,1.8,2.2,1.6,0.6,2,3,0,0.4,0.6,0.0,67,7.0,1.4,1.4,1.4,0.0,2,1,2,0.4,0.2,0.4,33,2.0,2.0,1.8,0.2,0.6,34,2.0,2.0,1.8,0.2,0.6,3,0.3333333333333333,1.0,2.3333333333333335,0.0,0.40000000000000013,0.8000000000000003,-0.20000000000000018,0.6,0.0,0.0,0.0,1,1,1,1,1,1.0,HOME_WIN,0
2024-04-06 11:30:00+00:00,Crystal Palace,Manchester City,2.0,4.0,68,5.0,1.0,1.2,1.2,0.0,1,2,2,0.2,0.4,0.4,68,11.0,2.2,1.8,0.6,1.2,3,2,0,0.6,0.4,0.0,33,2.0,2.2,1.4,0.8,0.6,33,2.6,2.2,1.0,1.2,0.8,3,0.3333333333333333,1.3333333333333333,2.3333333333333335,0.0,-1.2000000000000002,-0.6000000000000001,-0.6,-1.2,-0.6000000000000001,0.0,-0.3999999999999999,1,1,1,1,1,1.0,AWAY_WIN,2
2024-04-06 14:00:00+00:00,Everton,Burnley,1.0,0.0,68,2.0,0.4,0.8,1.8,-1.0,0,2,3,0.0,0.4,0.6,31,6.0,1.2,1.4,1.6,-0.2,1,3,1,0.2,0.6,0.2,33,0.6,1.0,1.8,-0.8,0.0,15,0.4,1.2,2.6,-1.4,0.0,1,3.0,2.0,0.0,1.0,-0.7999999999999999,-0.5999999999999999,-0.19999999999999996,-0.8,0.19999999999999996,-0.19999999999999996,0.8,1,1,1,1,1,1.0,HOME_WIN,0
2024-04-06 14:00:00+00:00,Wolves,West Ham,1.0,2.0,68,7.0,1.4,0.8,1.4,-0.6,2,1,2,0.4,0.2,0.4,69,6.0,1.2,2.0,1.8,0.2,1,3,1,0.2,0.6,0.2,33,1.8,1.8,1.4,0.4,0.6,34,0.8,1.6,2.4,-0.8,0.2,3,1.0,0.3333333333333333,1.6666666666666667,0.3333333333333333,0.19999999999999996,-1.2,0.40000000000000013,-0.8,1.0,0.19999999999999996,1.0,1,1,1,1,1,1.0,AWAY_WIN,2
2024-04-06 14:00:00+00:00,Luton,Bournemouth,2.0,1.0,31,2.0,0.4,1.2,2.0,-0.8,0,2,3,0.0,0.4,0.6,68,13.0,2.6,2.2,1.2,1.0,4,1,0,0.8,0.2,0.0,15,0.8,1.8,1.8,0.0,0.2,33,1.0,1.4,1.8,-0.4,0.2,1,0.0,3.0,4.0,0.0,-2.2,-1.0000000000000002,-0.8,-1.8,-0.19999999999999996,0.40000000000000013,0.0,1,1,1,1,1,1.0,HOME_WIN,0
2024-04-06 14:00:00+00:00,Aston Villa,Brentford,3.0,3.0,69,7.0,1.4,1.4,2.2,-0.8,2,1,2,0.4,0.2,0.4,69,3.0,0.6,1.0,1.4,-0.4,0,3,2,0.0,0.6,0.4,34,1.2,1.6,2.2,-0.6,0.4,34,0.6,1.2,1.8,-0.6,0.2,3,2.3333333333333335,2.3333333333333335,0.6666666666666666,0.6666666666666666,0.7999999999999999,0.3999999999999999,-0.8000000000000003,-0.4,0.6,0.40000000000000013,-0.40000000000000013,1,1,1,1,1,1.0,DRAW,1
2024-04-06 14:00:00+00:00,Fulham,Newcastle,0.0,1.0,69,7.0,1.4,2.2,1.6,0.6,2,1,2,0.4,0.2,0.4,68,7.0,1.4,2.2,2.2,0.0,2,1,2,0.4,0.2,0.4,34,2.0,2.0,0.6,1.4,0.6,33,1.2,2.2,2.8,-0.6,0.4,3,0.0,0.3333333333333333,2.6666666666666665,0.0,0.0,0.0,0.6000000000000001,0.6,0.8,-0.20000000000000018,2.1999999999999997,1,1,1,1,1,1.0,AWAY_WIN,2
2024-04-06 16:30:00+00:00,Brighton,Arsenal,0.0,3.0,68,5.0,1.0,0.6,1.2,-0.6,1,2,2,0.2,0.4,0.4,68,13.0,2.6,2.8,0.4,2.4,4,1,0,0.8,0.2,0.0,33,2.2,2.0,0.8,1.2,0.6,34,2.6,3.8,0.2,3.6,0.8,3,1.0,1.6666666666666667,2.0,0.3333333333333333,-1.6,-2.1999999999999997,-0.7999999999999999,-3.0,-0.3999999999999999,-1.7999999999999998,-0.6000000000000001,1,1,1,1,1,1.0,AWAY_WIN,2
2024-04-07 14:30:00+00:00,Manchester United,Liverpool,2.0,2.0,68,4.0,0.8,1.6,2.0,-0.4,1,1,3,0.2,0.2,0.6,68,13.0,2.6,2.2,0.8,1.4,4,1,0,0.8,0.2,0.0,33,2.0,2.2,1.2,1.0,0.6,33,2.4,2.4,0.8,1.6,0.8,3,1.3333333333333333,0.6666666666666666,2.6666666666666665,0.3333333333333333,-1.8,-0.6000000000000001,-1.2,-1.7999999999999998,-0.3999999999999999,-0.19999999999999973,-0.3999999999999999,1,1,1,1,1,1.0,DRAW,1
2024-04-07 16:30:00+00:00,Sheffield Utd,Chelsea,2.0,2.0,30,2.0,0.4,1.2,3.0,-1.8,0,2,3,0.0,0.4,0.6,67,9.0,1.8,2.4,2.0,0.4,2,3,0,0.4,0.6,0.0,15,0.4,1.0,4.2,-3.2,0.0,33,1.6,2.0,2.0,0.0,0.4,1,0.0,0.0,2.0,0.0,-1.4,-1.2,-1.0,-2.2,-1.2000000000000002,-1.0,-2.2,1,1,1,1,1,1.0,DRAW,1
2024-04-07 17:00:00+00:00,Tottenham,Nottingham Forest,3.0,1.0,68,10.0,2.0,2.0,1.2,0.8,3,1,1,0.6,0.2,0.2,69,5.0,1.0,1.0,1.0,0.0,1,2,2,0.2,0.4,0.4,34,2.4,2.2,1.4,0.8,0.8,34,0.4,1.2,2.0,-0.8,0.0,3,3.0,2.3333333333333335,0.3333333333333333,1.0,1.0,1.0,-0.19999999999999996,0.8,2.0,1.0000000000000002,0.6000000000000001,1,1,1,1,1,1.0,HOME_WIN,0
2024-04-13 11:30:00+00:00,Newcastle,Tottenham,4.0,0.0,69,10.0,2.0,2.2,1.4,0.8,3,1,1,0.6,0.2,0.2,69,10.0,2.0,2.0,1.2,0.8,3,1,1,0.6,0.2,0.2,35,1.8,2.8,2.0,0.8,0.4,34,1.2,1.8,1.6,0.2,0.2,3,2.0,3.0,2.0,0.6666666666666666,0.0,0.20000000000000018,-0.19999999999999996,0.0,0.6000000000000001,0.9999999999999998,-0.3999999999999999,1,1,1,1,1,1.0,HOME_WIN,0
2024-04-13 14:00:00+00:00,Nottingham Forest,Wolves,2.0,2.0,70,5.0,1.0,1.2,1.4,-0.2,1,2,2,0.2,0.4,0.4,69,4.0,0.8,0.8,1.8,-1.0,1,1,3,0.2,0.2,0.6,35,1.4,1.6,1.2,0.4,0.4,35,1.4,1.4,1.8,-0.4,0.4,3,0.6666666666666666,0.6666666666666666,1.0,0.0,0.19999999999999996,0.3999999999999999,0.40000000000000013,0.8,0.0,0.20000000000000018,0.6000000000000001,1,1,1,1,1,1.0,DRAW,1
2024-04-13 14:00:00+00:00,Manchester City,Luton,5.0,1.0,69,11.0,2.2,2.4,1.0,1.4,3,2,0,0.6,0.4,0.0,32,4.0,0.8,1.4,2.0,-0.6,1,1,3,0.2,0.2,0.6,35,2.2,1.8,0.6,1.2,0.6,16,0.2,1.2,2.6,-1.4,0.0,1,3.0,2.0,1.0,1.0,1.4000000000000001,1.0,1.0,2.0,2.0,0.6000000000000001,2.0,1,1,1,1,1,1.0,HOME_WIN,0
2024-04-13 14:00:00+00:00,Brentford,Sheffield Utd,2.0,0.0,70,3.0,0.6,1.2,1.6,-0.4,0,3,2,0.0,0.6,0.4,31,3.0,0.6,1.6,3.2,-1.6,0,3,2,0.0,0.6,0.4,35,0.6,1.0,2.0,-1.0,0.0,15,0.8,1.6,2.0,-0.4,0.2,1,0.0,0.0,1.0,0.0,0.0,-0.40000000000000013,1.6,1.2000000000000002,-0.20000000000000007,-0.6000000000000001,0.0,1,1,1,1,1,1.0,HOME_WIN,0
2024-04-13 14:00:00+00:00,Burnley,Brighton,1.0,1.0,32,6.0,1.2,1.4,1.4,0.0,1,3,1,0.2,0.6,0.2,69,4.0,0.8,0.4,1.6,-1.2,1,1,3,0.2,0.2,0.6,16,1.0,1.0,2.2,-1.2,0.2,35,0.8,1.4,1.4,0.0,0.2,1,1.0,1.0,1.0,0.0,0.3999999999999999,0.9999999999999999,0.20000000000000018,1.2,0.19999999999999996,-0.3999999999999999,-0.8000000000000003,1,1,1,1,1,1.0,DRAW,1
2024-04-13 16:30:00+00:00,Bournemouth,Manchester United,2.0,2.0,69,10.0,2.0,2.0,1.6,0.4,3,1,1,0.6,0.2,0.2,69,5.0,1.0,1.8,2.0,-0.2,1,2,2,0.2,0.4,0.4,35,2.0,1.8,1.4,0.4,0.6,35,1.4,1.8,2.0,-0.2,0.4,3,1.0,1.0,1.3333333333333333,0.3333333333333333,1.0,0.19999999999999996,0.3999999999999999,0.6000000000000001,0.6000000000000001,0.0,0.6000000000000001,1,1,1,1,1,1.0,DRAW,1
2024-04-14 13:00:00+00:00,Liverpool,Crystal Palace,0.0,1.0,69,11.0,2.2,1.8,1.0,0.8,3,2,0,0.6,0.4,0.0,69,2.0,0.4,1.0,2.0,-1.0,0,2,3,0.0,0.4,0.6,35,2.6,2.6,1.0,1.6,0.8,35,0.4,0.8,2.0,-1.2,0.0,3,1.6666666666666667,1.0,0.6666666666666666,0.3333333333333333,1.8000000000000003,0.8,1.0,1.8,2.2,1.8,1.0,1,1,1,1,1,1.0,AWAY_WIN,2
2024-04-14 13:00:00+00:00,West Ham,Fulham,0.0,2.0,70,6.0,1.2,1.8,1.8,0.0,1,3,1,0.2,0.6,0.2,70,4.0,0.8,1.6,1.8,-0.2,1,1,3,0.2,0.2,0.6,35,1.2,1.6,2.4,-0.8,0.2,35,1.0,1.8,2.2,-0.4,0.2,3,2.0,1.3333333333333333,2.0,0.6666666666666666,0.3999999999999999,0.19999999999999996,0.0,0.2,0.19999999999999996,-0.19999999999999996,-0.19999999999999973,1,1,1,1,1,1.0,AWAY_WIN,2
2024-04-14 15:30:00+00:00,Arsenal,Aston Villa,0.0,2.0,69,13.0,2.6,2.6,0.2,2.4,4,1,0,0.8,0.2,0.0,70,5.0,1.0,1.4,2.4,-1.0,1,2,2,0.2,0.4,0.4,34,3.0,3.2,0.6,2.6,1.0,35,2.0,2.4,1.6,0.8,0.6,3,2.0,2.0,1.3333333333333333,0.6666666666666666,1.6,1.2000000000000002,2.1999999999999997,3.4,1.0,0.8000000000000003,1.0,1,1,1,1,1,1.0,AWAY_WIN,2
2024-04-15 19:00:00+00:00,Chelsea,Everton,6.0,0.0,68,9.0,1.8,2.6,2.2,0.4,2,3,0,0.4,0.6,0.0,69,4.0,0.8,0.8,1.6,-0.8,1,1,3,0.2,0.2,0.6,34,2.0,2.4,2.2,0.2,0.6,35,0.4,0.6,1.6,-1.0,0.0,3,1.3333333333333333,1.0,1.3333333333333333,0.3333333333333333,1.0,1.8,-0.6000000000000001,1.2000000000000002,1.6,1.7999999999999998,-0.6000000000000001,1,1,1,1,1,1.0,HOME_WIN,0
2024-04-20 14:00:00+00:00,Luton,Brentford,1.0,5.0,33,4.0,0.8,1.0,2.2,-1.2,1,1,3,0.2,0.2,0.6,71,6.0,1.2,1.4,1.2,0.2,1,3,1,0.2,0.6,0.2,16,0.8,1.4,2.0,-0.6,0.2,35,0.2,1.4,2.4,-1.0,0.0,1,0.0,1.0,3.0,0.0,-0.3999999999999999,-0.3999999999999999,-1.0000000000000002,-1.4,0.6000000000000001,0.0,0.3999999999999999,1,1,1,1,1,1.0,AWAY_WIN,2
2024-04-20 14:00:00+00:00,Sheffield Utd,Burnley,1.0,4.0,32,3.0,0.6,1.6,2.4,-0.8,0,3,2,0.0,0.6,0.4,33,6.0,1.2,1.2,1.2,0.0,1,3,1,0.2,0.6,0.2,16,0.4,1.0,4.2,-3.2,0.0,16,0.4,1.0,2.2,-1.2,0.0,1,0.0,0.0,5.0,0.0,-0.6,0.40000000000000013,-1.2,-0.8,0.0,0.0,-2.0,1,1,1,1,1,1.0,AWAY_WIN,2
2024-04-20 18:30:00+00:00,Wolves,Arsenal,0.0,2.0,70,5.0,1.0,1.2,1.6,-0.4,1,2,2,0.2,0.4,0.4,70,10.0,2.0,1.4,0.6,0.8,3,1,1,0.6,0.2,0.2,34,1.2,1.4,1.8,-0.4,0.4,35,2.6,4.0,0.0,4.0,0.8,3,0.0,0.3333333333333333,3.0,0.0,-1.0,-0.19999999999999996,-1.0,-1.2000000000000002,-1.4000000000000001,-2.6,-1.8,1,1,1,1,1,1.0,AWAY_WIN,2
2024-04-21 12:30:00+00:00,Everton,Nottingham Forest,2.0,0.0,70,4.0,0.8,0.6,2.2,-1.6,1,1,3,0.2,0.2,0.6,71,6.0,1.2,1.6,1.6,0.0,1,3,1,0.2,0.6,0.2,34,1.2,1.0,1.2,-0.2,0.2,35,0.4,1.0,2.0,-1.0,0.0,3,1.6666666666666667,1.3333333333333333,1.0,0.3333333333333333,-0.3999999999999999,-1.0,-0.6000000000000001,-1.6,0.7999999999999999,0.0,0.8,1,1,1,1,1,1.0,HOME_WIN,0
2024-04-21 14:00:00+00:00,Aston Villa,Bournemouth,3.0,1.0,71,8.0,1.6,1.8,1.6,0.2,2,2,1,0.4,0.4,0.2,70,10.0,2.0,2.0,1.6,0.4,3,1,1,0.6,0.2,0.2,35,1.4,2.0,2.2,-0.2,0.4,34,1.0,1.4,1.6,-0.2,0.2,3,1.3333333333333333,1.6666666666666667,1.3333333333333333,0.3333333333333333,-0.3999999999999999,-0.19999999999999996,0.0,-0.2,0.3999999999999999,0.6000000000000001,-0.6000000000000001,1,1,1,1,1,1.0,HOME_WIN,0
2024-04-21 14:00:00+00:00,Crystal Palace,West Ham,5.0,2.0,70,5.0,1.0,1.0,1.4,-0.4,1,2,2,0.2,0.4,0.4,71,5.0,1.0,1.4,1.8,-0.4,1,2,2,0.2,0.4,0.4,34,1.4,2.0,2.0,0.0,0.4,35,1.2,1.6,2.2,-0.6,0.4,3,2.3333333333333335,2.3333333333333335,1.6666666666666667,0.6666666666666666,0.0,-0.3999999999999999,0.40000000000000013,0.0,0.19999999999999996,0.3999999999999999,0.20000000000000018,1,1,1,1,1,1.0,HOME_WIN,0
2024-04-21 15:30:00+00:00,Fulham,Liverpool,1.0,3.0,71,7.0,1.4,1.8,1.4,0.4,2,1,2,0.4,0.2,0.4,70,8.0,1.6,1.6,1.2,0.4,2,2,1,0.4,0.4,0.2,35,1.8,2.0,0.8,1.2,0.6,34,2.0,2.4,1.2,1.2,0.6,3,0.3333333333333333,1.6666666666666667,2.3333333333333335,0.0,-0.20000000000000018,0.19999999999999996,-0.19999999999999996,0.0,-0.19999999999999996,-0.3999999999999999,0.3999999999999999,1,1,1,1,1,1.0,AWAY_WIN,2
2024-04-23 19:00:00+00:00,Arsenal,Chelsea,5.0,0.0,71,10.0,2.0,1.4,0.4,1.0,3,1,1,0.6,0.2,0.2,69,11.0,2.2,3.4,1.8,1.6,3,2,0,0.6,0.4,0.0,35,2.4,2.2,1.0,1.2,0.8,34,1.2,1.8,2.0,-0.2,0.2,3,2.3333333333333335,2.0,1.0,0.6666666666666666,-0.20000000000000018,-2.0,1.4,-0.6000000000000001,1.2,0.40000000000000013,1.0,1,1,1,1,1,1.0,HOME_WIN,0
2024-04-24 18:45:00+00:00,Wolves,Bournemouth,0.0,1.0,71,2.0,0.4,0.8,1.8,-1.0,0,2,3,0.0,0.4,0.6,71,7.0,1.4,1.4,1.6,-0.2,2,1,2,0.4,0.2,0.4,35,1.2,0.8,1.4,-0.6,0.4,35,0.8,1.4,2.0,-0.6,0.2,3,1.3333333333333333,0.6666666666666666,0.6666666666666666,0.3333333333333333,-0.9999999999999999,-0.5999999999999999,-0.19999999999999996,-0.8,0.3999999999999999,-0.5999999999999999,0.6000000000000001,1,1,1,1,1,1.0,AWAY_WIN,2
2024-04-24 19:00:00+00:00,Manchester United,Sheffield Utd,4.0,2.0,70,6.0,1.2,2.0,1.8,0.2,1,3,1,0.2,0.6,0.2,33,2.0,0.4,1.4,2.8,-1.4,0,2,3,0.0,0.4,0.6,34,1.6,2.0,1.2,0.8,0.4,16,0.8,1.2,1.8,-0.6,0.2,1,3.0,2.0,1.0,1.0,0.7999999999999999,0.6000000000000001,0.9999999999999998,1.5999999999999999,0.8,0.8,0.6000000000000001,1,1,1,1,1,1.0,HOME_WIN,0
2024-04-24 19:00:00+00:00,Crystal Palace,Newcastle,2.0,0.0,71,7.0,1.4,1.8,1.6,0.2,2,1,2,0.4,0.2,0.4,70,10.0,2.0,2.4,1.4,1.0,3,1,1,0.6,0.2,0.2,35,1.4,2.4,2.0,0.4,0.4,34,1.8,2.0,2.0,0.0,0.6,3,0.6666666666666666,0.0,1.3333333333333333,0.0,-0.6000000000000001,-0.5999999999999999,-0.20000000000000018,-0.8,-0.40000000000000013,0.3999999999999999,0.0,1,1,1,1,1,1.0,HOME_WIN,0
2024-04-24 19:00:00+00:00,Everton,Liverpool,2.0,0.0,71,7.0,1.4,1.0,1.8,-0.8,2,1,2,0.4,0.2,0.4,71,10.0,2.0,2.0,1.2,0.8,3,1,1,0.6,0.2,0.2,35,1.6,1.4,1.2,0.2,0.4,35,2.0,2.2,1.4,0.8,0.6,3,0.3333333333333333,0.0,1.3333333333333333,0.0,-0.6000000000000001,-1.0,-0.6000000000000001,-1.6,-0.3999999999999999,-0.8000000000000003,0.19999999999999996,1,1,1,1,1,1.0,HOME_WIN,0
2024-04-25 19:00:00+00:00,Brighton,Manchester City,0.0,4.0,70,5.0,1.0,0.6,1.2,-0.6,1,2,2,0.2,0.4,0.4,70,11.0,2.2,2.8,1.0,1.8,3,2,0,0.6,0.4,0.0,34,1.6,1.2,1.0,0.2,0.4,34,2.6,2.4,1.2,1.2,0.8,3,0.3333333333333333,1.0,2.0,0.0,-1.2000000000000002,-2.1999999999999997,-0.19999999999999996,-2.4,-1.0,-1.2,0.19999999999999996,1,1,1,1,1,1.0,AWAY_WIN,2
2024-04-27 11:30:00+00:00,West Ham,Liverpool,2.0,2.0,72,4.0,0.8,1.6,2.6,-1.0,1,1,3,0.2,0.2,0.6,72,7.0,1.4,1.6,1.4,0.2,2,1,2,0.4,0.2,0.4,36,1.2,1.6,1.6,0.0,0.2,36,2.0,2.0,1.2,0.8,0.6,3,0.0,0.6666666666666666,2.0,0.0,-0.5999999999999999,0.0,-1.2000000000000002,-1.2,-0.8,-0.3999999999999999,-0.40000000000000013,1,1,1,1,1,1.0,DRAW,1
2024-04-27 14:00:00+00:00,Fulham,Crystal Palace,1.0,1.0,72,4.0,0.8,1.4,2.0,-0.6,1,1,3,0.2,0.2,0.6,72,9.0,1.8,2.0,1.4,0.6,3,0,2,0.6,0.0,0.4,36,1.2,1.6,1.2,0.4,0.4,36,1.0,0.8,1.2,-0.4,0.2,3,1.6666666666666667,1.6666666666666667,0.6666666666666666,0.3333333333333333,-1.0,-0.6000000000000001,-0.6000000000000001,-1.2,0.19999999999999996,0.8,0.0,1,1,1,1,1,1.0,DRAW,1
2024-04-27 14:00:00+00:00,Manchester United,Burnley,1.0,1.0,71,6.0,1.2,2.4,2.2,0.2,1,3,1,0.2,0.6,0.2,34,6.0,1.2,1.6,1.2,0.4,1,3,1,0.2,0.6,0.2,35,2.0,2.4,1.2,1.2,0.6,17,1.0,1.6,1.8,-0.2,0.2,1,3.0,1.0,0.0,1.0,0.0,0.7999999999999998,-1.0000000000000002,-0.2,1.0,0.7999999999999998,0.6000000000000001,1,1,1,1,1,1.0,DRAW,1
2024-04-27 14:00:00+00:00,Newcastle,Sheffield Utd,5.0,1.0,71,10.0,2.0,2.0,1.2,0.8,3,1,1,0.6,0.2,0.2,34,1.0,0.2,1.2,3.0,-1.8,0,1,4,0.0,0.2,0.8,36,2.2,2.8,1.2,1.6,0.6,17,0.2,1.0,2.4,-1.4,0.0,1,3.0,8.0,0.0,1.0,1.8,0.8,1.8,2.6,2.0,1.7999999999999998,1.2,1,1,1,1,1,1.0,HOME_WIN,0
2024-04-27 14:00:00+00:00,Wolves,Luton,2.0,1.0,72,2.0,0.4,0.8,1.6,-0.8,0,2,3,0.0,0.4,0.6,34,3.0,0.6,1.0,3.0,-2.0,1,0,4,0.2,0.0,0.8,36,1.2,0.8,1.2,-0.4,0.4,17,0.2,1.2,2.8,-1.6,0.0,1,1.0,1.0,1.0,0.0,-0.19999999999999996,-0.19999999999999996,1.4,1.2,1.0,-0.3999999999999999,1.5999999999999999,1,1,1,1,1,1.0,HOME_WIN,0
2024-04-27 16:30:00+00:00,Everton,Brentford,1.0,0.0,72,10.0,2.0,1.2,1.4,-0.2,3,1,1,0.6,0.2,0.2,72,9.0,1.8,2.2,1.0,1.2,2,3,0,0.4,0.6,0.0,36,2.0,1.4,0.8,0.6,0.6,36,0.8,2.4,2.4,0.0,0.2,3,2.3333333333333335,1.6666666666666667,0.6666666666666666,0.6666666666666666,0.19999999999999996,-1.0000000000000002,-0.3999999999999999,-1.4,1.2,-1.0,1.5999999999999999,1,1,1,1,1,1.0,HOME_WIN,0
2024-04-27 19:00:00+00:00,Aston Villa,Chelsea,2.0,2.0,72,10.0,2.0,2.2,1.6,0.6,3,1,1,0.6,0.2,0.2,70,8.0,1.6,2.8,2.4,0.4,2,2,1,0.4,0.4,0.2,36,2.0,2.4,2.0,0.4,0.6,35,1.2,1.6,2.2,-0.6,0.2,3,2.0,1.0,0.6666666666666666,0.6666666666666666,0.3999999999999999,-0.5999999999999996,0.7999999999999998,0.19999999999999996,0.8,0.7999999999999998,0.20000000000000018,1,1,1,1,1,1.0,DRAW,1
2024-04-28 13:00:00+00:00,Bournemouth,Brighton,3.0,0.0,72,7.0,1.4,1.2,1.4,-0.2,2,1,2,0.4,0.2,0.4,71,2.0,0.4,0.4,2.0,-1.6,0,2,3,0.0,0.4,0.6,36,2.2,2.2,1.6,0.6,0.6,36,1.0,1.4,1.2,0.2,0.2,3,0.0,0.3333333333333333,2.0,0.0,0.9999999999999999,0.7999999999999999,0.6000000000000001,1.4000000000000001,1.2000000000000002,0.8000000000000003,-0.40000000000000013,1,1,1,1,1,1.0,HOME_WIN,0
2024-04-28 13:00:00+00:00,Tottenham,Arsenal,2.0,3.0,70,7.0,1.4,1.2,2.0,-0.8,2,1,2,0.4,0.2,0.4,72,12.0,2.4,2.4,0.4,2.0,4,0,1,0.8,0.0,0.2,35,2.4,2.2,1.2,1.0,0.8,36,2.6,3.2,0.0,3.2,0.8,3,0.3333333333333333,1.0,2.3333333333333335,0.0,-1.0,-1.2,-1.6,-2.8,-0.20000000000000018,-1.0,-1.2,1,1,1,1,1,1.0,AWAY_WIN,2
2024-04-28 15:30:00+00:00,Nottingham Forest,Manchester City,0.0,2.0,72,5.0,1.0,1.4,1.8,-0.4,1,2,2,0.2,0.4,0.4,71,13.0,2.6,3.4,0.8,2.6,4,1,0,0.8,0.2,0.0,36,1.6,1.6,1.0,0.6,0.4,35,2.6,2.6,0.8,1.8,0.8,3,0.3333333333333333,0.3333333333333333,3.0,0.0,-1.6,-2.0,-1.0,-3.0,-1.0,-1.0,-0.19999999999999996,1,1,1,1,1,1.0,AWAY_WIN,2
2024-05-02 18:30:00+00:00,Chelsea,Tottenham,2.0,0.0,71,8.0,1.6,2.8,2.4,0.4,2,2,1,0.4,0.4,0.2,71,7.0,1.4,1.6,2.0,-0.4,2,1,2,0.4,0.2,0.4,35,2.0,3.4,2.2,1.2,0.6,35,1.0,1.4,2.0,-0.6,0.2,3,1.3333333333333333,2.0,1.6666666666666667,0.3333333333333333,0.20000000000000018,1.1999999999999997,-0.3999999999999999,0.8,1.0,2.0,-0.20000000000000018,1,1,1,1,1,1.0,HOME_WIN,0
2024-05-03 19:00:00+00:00,Luton,Everton,1.0,1.0,35,3.0,0.6,1.0,3.0,-2.0,1,0,4,0.2,0.0,0.8,73,12.0,2.4,1.2,1.2,0.0,4,0,1,0.8,0.0,0.2,17,0.8,1.4,2.4,-1.0,0.2,36,0.4,0.6,2.4,-1.8,0.0,1,3.0,2.0,1.0,1.0,-1.7999999999999998,-0.19999999999999996,-1.8,-2.0,0.4,0.7999999999999999,0.0,1,1,1,1,1,1.0,DRAW,1
2024-05-04 11:30:00+00:00,Arsenal,Bournemouth,3.0,0.0,73,12.0,2.4,2.6,0.8,1.8,4,0,1,0.8,0.0,0.2,73,7.0,1.4,1.6,1.4,0.2,2,1,2,0.4,0.2,0.4,36,2.4,2.6,0.8,1.8,0.8,36,1.4,1.4,1.4,0.0,0.4,3,3.0,3.3333333333333335,0.6666666666666666,1.0,1.0,1.0,0.5999999999999999,1.6,1.0,1.2000000000000002,0.5999999999999999,1,1,1,1,1,1.0,HOME_WIN,0
2024-05-04 14:00:00+00:00,Sheffield Utd,Nottingham Forest,1.0,3.0,35,1.0,0.2,1.2,3.4,-2.2,0,1,4,0.0,0.2,0.8,73,4.0,0.8,1.2,2.0,-0.8,1,1,3,0.2,0.2,0.6,17,0.4,1.2,4.0,-2.8,0.0,36,0.2,0.8,2.2,-1.4,0.0,1,0.0,1.0,2.0,0.0,-0.6000000000000001,0.0,-1.4,-1.4000000000000001,0.2,0.3999999999999999,-1.7999999999999998,1,1,1,1,1,1.0,AWAY_WIN,2
2024-05-04 14:00:00+00:00,Burnley,Newcastle,1.0,4.0,35,6.0,1.2,1.4,1.0,0.4,1,3,1,0.2,0.6,0.2,72,10.0,2.0,2.2,0.8,1.4,3,1,1,0.6,0.2,0.2,17,1.0,0.8,2.0,-1.2,0.2,35,1.2,1.4,2.2,-0.8,0.4,1,0.0,0.0,2.0,0.0,-0.8,-0.8000000000000003,-0.19999999999999996,-0.9999999999999999,-0.19999999999999996,-0.5999999999999999,0.20000000000000018,1,1,1,1,1,1.0,AWAY_WIN,2
2024-05-04 14:00:00+00:00,Brentford,Fulham,0.0,0.0,73,8.0,1.6,2.0,1.0,1.0,2,2,1,0.4,0.4,0.2,73,4.0,0.8,1.0,1.6,-0.6,1,1,3,0.2,0.2,0.6,36,1.2,1.2,1.4,-0.2,0.2,36,1.4,1.8,1.8,0.0,0.4,3,2.0,2.6666666666666665,1.6666666666666667,0.6666666666666666,0.8,1.0,0.6000000000000001,1.6,-0.19999999999999996,-0.6000000000000001,0.40000000000000013,1,1,1,1,1,1.0,DRAW,1
2024-05-04 16:30:00+00:00,Manchester City,Wolves,5.0,1.0,72,15.0,3.0,3.8,0.8,3.0,5,0,0,1.0,0.0,0.0,73,4.0,0.8,1.0,1.6,-0.6,1,1,3,0.2,0.2,0.6,36,2.6,2.6,0.6,2.0,0.8,36,1.0,1.0,1.8,-0.8,0.2,3,2.0,2.3333333333333335,0.6666666666666666,0.6666666666666666,2.2,2.8,0.8,3.6,1.6,1.6,1.2000000000000002,1,1,1,1,1,1.0,HOME_WIN,0
2024-05-05 13:00:00+00:00,Brighton,Aston Villa,1.0,0.0,72,2.0,0.4,0.2,2.2,-2.0,0,2,3,0.0,0.4,0.6,73,8.0,1.6,2.2,2.0,0.2,2,2,1,0.4,0.4,0.2,35,1.4,1.2,1.8,-0.6,0.4,36,2.0,1.8,1.6,0.2,0.6,3,0.0,1.0,3.3333333333333335,0.0,-1.2000000000000002,-2.0,-0.20000000000000018,-2.2,-0.6000000000000001,-0.6000000000000001,-0.19999999999999996,1,1,1,1,1,1.0,HOME_WIN,0
2024-05-05 13:00:00+00:00,Chelsea,West Ham,5.0,0.0,72,8.0,1.6,2.4,1.8,0.6,2,2,1,0.4,0.4,0.2,73,5.0,1.0,1.4,2.2,-0.8,1,2,2,0.2,0.4,0.4,36,2.6,3.4,1.4,2.0,0.8,36,1.2,2.0,2.6,-0.6,0.4,3,1.3333333333333333,1.3333333333333333,1.6666666666666667,0.3333333333333333,0.6000000000000001,1.0,0.40000000000000013,1.4,1.4000000000000001,1.4,1.2000000000000002,1,1,1,1,1,1.0,HOME_WIN,0
2024-05-05 15:30:00+00:00,Liverpool,Tottenham,4.0,2.0,73,5.0,1.0,1.4,1.6,-0.2,1,2,2,0.2,0.4,0.4,72,4.0,0.8,1.2,2.2,-1.0,1,1,3,0.2,0.2,0.6,36,2.0,2.0,1.0,1.0,0.6,36,0.8,1.0,2.0,-1.0,0.2,3,2.0,2.3333333333333335,2.0,0.6666666666666666,0.19999999999999996,0.19999999999999996,0.6000000000000001,0.8,1.2,1.0,1.0,1,1,1,1,1,1.0,HOME_WIN,0
2024-05-06 19:00:00+00:00,Crystal Palace,Manchester United,4.0,0.0,73,10.0,2.0,2.2,1.4,0.8,3,1,1,0.6,0.2,0.2,72,6.0,1.2,2.4,2.2,0.2,1,3,1,0.2,0.6,0.2,36,2.0,2.6,1.4,1.2,0.6,36,1.0,1.8,2.2,-0.4,0.2,3,1.3333333333333333,1.0,1.0,0.3333333333333333,0.8,-0.19999999999999973,0.8000000000000003,0.6000000000000001,1.0,0.8,0.8000000000000003,1,1,1,1,1,1.0,HOME_WIN,0
2024-05-11 11:30:00+00:00,Fulham,Manchester City,0.0,4.0,74,5.0,1.0,0.8,1.0,-0.2,1,2,2,0.2,0.4,0.4,73,15.0,3.0,4.0,0.8,3.2,5,0,0,1.0,0.0,0.0,37,1.4,1.6,1.0,0.6,0.4,36,2.6,2.4,0.6,1.8,0.8,3,0.0,1.0,3.0,0.0,-2.0,-3.2,-0.19999999999999996,-3.4000000000000004,-1.2000000000000002,-0.7999999999999998,-0.4,1,1,1,1,1,1.0,AWAY_WIN,2
2024-05-11 14:00:00+00:00,Wolves,Crystal Palace,1.0,3.0,74,4.0,0.8,1.0,2.2,-1.2,1,1,3,0.2,0.2,0.6,74,13.0,2.6,2.6,0.6,2.0,4,1,0,0.8,0.2,0.0,37,1.2,1.0,1.4,-0.4,0.4,37,1.0,0.8,1.2,-0.4,0.2,3,1.0,1.6666666666666667,1.6666666666666667,0.3333333333333333,-1.8,-1.6,-1.6,-3.2,0.19999999999999996,0.19999999999999996,-0.19999999999999996,1,1,1,1,1,1.0,AWAY_WIN,2
2024-05-11 14:00:00+00:00,West Ham,Luton,3.0,1.0,74,4.0,0.8,1.2,3.0,-1.8,1,1,3,0.2,0.2,0.6,36,4.0,0.8,1.2,2.8,-1.6,1,1,3,0.2,0.2,0.6,37,0.8,1.2,1.6,-0.4,0.0,18,0.0,1.2,3.0,-1.8,0.0,1,3.0,2.0,1.0,1.0,0.0,0.0,-0.20000000000000018,-0.19999999999999996,0.8,0.0,1.4,1,1,1,1,1,1.0,HOME_WIN,0
2024-05-11 14:00:00+00:00,Tottenham,Burnley,2.0,1.0,73,3.0,0.6,1.4,2.8,-1.4,1,0,4,0.2,0.0,0.8,36,5.0,1.0,1.4,1.6,-0.2,1,2,2,0.2,0.4,0.4,36,1.8,2.2,1.6,0.6,0.6,18,1.2,1.8,1.4,0.4,0.2,1,3.0,5.0,2.0,1.0,-0.4,0.0,-1.1999999999999997,-1.2,0.6000000000000001,0.40000000000000013,-0.20000000000000018,1,1,1,1,1,1.0,HOME_WIN,0
2024-05-11 14:00:00+00:00,Everton,Sheffield Utd,1.0,0.0,74,10.0,2.0,1.2,1.4,-0.2,3,1,1,0.6,0.2,0.2,36,0.0,0.0,1.0,3.6,-2.6,0,0,5,0.0,0.0,1.0,37,2.4,1.4,0.6,0.8,0.8,18,0.2,1.2,3.2,-2.0,0.0,1,1.0,2.0,2.0,0.0,2.0,0.19999999999999996,2.2,2.4,2.1999999999999997,0.19999999999999996,2.6,1,1,1,1,1,1.0,HOME_WIN,0
2024-05-11 14:00:00+00:00,Bournemouth,Brentford,1.0,2.0,74,7.0,1.4,1.4,1.6,-0.2,2,1,2,0.4,0.2,0.4,74,8.0,1.6,2.0,1.0,1.0,2,2,1,0.4,0.4,0.2,37,2.6,2.4,1.2,1.2,0.8,37,0.8,2.0,1.8,0.2,0.2,3,0.6666666666666666,0.6666666666666666,1.3333333333333333,0.0,-0.20000000000000018,-0.6000000000000001,-0.6000000000000001,-1.2,1.8,0.3999999999999999,0.6000000000000001,1,1,1,1,1,1.0,AWAY_WIN,2
2024-05-11 14:00:00+00:00,Newcastle,Brighton,1.0,1.0,73,12.0,2.4,2.8,0.8,2.0,4,0,1,0.8,0.0,0.2,73,4.0,0.8,0.4,2.2,-1.8,1,1,3,0.2,0.2,0.6,37,2.6,3.4,1.0,2.4,0.8,37,0.4,0.4,1.8,-1.4,0.0,3,1.3333333333333333,1.6666666666666667,1.3333333333333333,0.3333333333333333,1.5999999999999999,2.4,1.4000000000000001,3.8,2.2,3.0,0.8,1,1,1,1,1,1.0,DRAW,1
2024-05-11 16:30:00+00:00,Nottingham Forest,Chelsea,2.0,3.0,74,4.0,0.8,1.2,2.0,-0.8,1,1,3,0.2,0.2,0.6,73,10.0,2.0,3.0,1.4,1.6,3,1,1,0.6,0.2,0.2,37,1.0,1.2,1.4,-0.2,0.2,36,0.8,1.4,2.4,-1.0,0.0,3,1.6666666666666667,1.3333333333333333,1.0,0.3333333333333333,-1.2,-1.8,-0.6000000000000001,-2.4000000000000004,0.19999999999999996,-0.19999999999999996,1.0,1,1,1,1,1,1.0,AWAY_WIN,2
2024-05-12 15:30:00+00:00,Manchester United,Arsenal,0.0,1.0,73,6.0,1.2,1.8,2.2,-0.4,1,3,1,0.2,0.6,0.2,74,12.0,2.4,2.6,0.8,1.8,4,0,1,0.8,0.0,0.2,36,1.6,2.0,1.4,0.6,0.4,37,2.6,2.8,0.4,2.4,0.8,3,1.0,2.0,2.3333333333333335,0.3333333333333333,-1.2,-0.8,-1.4000000000000001,-2.2,-1.0,-0.7999999999999998,-0.9999999999999999,1,1,1,1,1,1.0,AWAY_WIN,2
2024-05-13 19:00:00+00:00,Aston Villa,Liverpool,3.0,3.0,74,8.0,1.6,2.0,1.4,0.6,2,2,1,0.4,0.4,0.2,74,7.0,1.4,1.8,1.6,0.2,2,1,2,0.4,0.2,0.4,37,1.6,2.0,2.0,0.0,0.4,37,1.6,1.6,1.4,0.2,0.4,3,0.3333333333333333,0.6666666666666666,2.3333333333333335,0.0,0.20000000000000018,0.19999999999999996,0.20000000000000018,0.39999999999999997,0.0,0.3999999999999999,-0.6000000000000001,1,1,1,1,1,1.0,DRAW,1
2024-05-14 19:00:00+00:00,Tottenham,Manchester City,0.0,2.0,74,3.0,0.6,1.2,2.8,-1.6,1,0,4,0.2,0.0,0.8,74,15.0,3.0,4.0,0.4,3.6,5,0,0,1.0,0.0,0.0,37,2.4,2.4,1.4,1.0,0.8,37,2.6,3.0,0.6,2.4,0.8,3,1.3333333333333333,2.0,2.3333333333333335,0.3333333333333333,-2.4,-2.8,-2.4,-5.2,-0.20000000000000018,-0.6000000000000001,-0.7999999999999999,1,1,1,1,1,1.0,AWAY_WIN,2
2024-05-15 18:45:00+00:00,Brighton,Chelsea,1.0,2.0,74,5.0,1.0,0.6,1.8,-1.2,1,2,2,0.2,0.4,0.4,74,10.0,2.0,2.4,1.8,0.6,3,1,1,0.6,0.2,0.2,36,1.4,0.6,1.6,-1.0,0.4,37,1.2,1.8,2.6,-0.8,0.2,3,2.0,2.6666666666666665,1.6666666666666667,0.6666666666666666,-1.0,-1.7999999999999998,0.0,-1.7999999999999998,0.19999999999999996,-1.2000000000000002,1.0,1,1,1,1,1,1.0,AWAY_WIN,2
2024-05-15 19:00:00+00:00,Manchester United,Newcastle,3.0,2.0,74,5.0,1.0,1.4,2.0,-0.6,1,2,2,0.2,0.4,0.4,74,10.0,2.0,2.8,1.0,1.8,3,1,1,0.6,0.2,0.2,37,1.6,1.8,1.2,0.6,0.4,36,1.2,1.6,2.0,-0.4,0.4,3,0.3333333333333333,0.0,1.0,0.0,-1.0,-1.4,-1.0,-2.4,0.40000000000000013,0.19999999999999996,0.8,1,1,1,1,1,1.0,HOME_WIN,0
2024-05-19 15:00:00+00:00,Arsenal,Everton,2.0,1.0,75,15.0,3.0,2.8,0.4,2.4,5,0,0,1.0,0.0,0.0,75,13.0,2.6,1.4,0.2,1.2,4,1,0,0.8,0.2,0.0,37,2.4,2.4,0.6,1.8,0.8,37,0.4,0.6,2.4,-1.8,0.0,3,2.0,1.6666666666666667,0.3333333333333333,0.6666666666666666,0.3999999999999999,1.4,-0.2,1.2,2.0,1.7999999999999998,1.7999999999999998,1,1,1,1,1,1.0,HOME_WIN,0
2024-05-19 15:00:00+00:00,Brentford,Newcastle,2.0,4.0,75,10.0,2.0,1.8,0.6,1.2,3,1,1,0.6,0.2,0.2,75,7.0,1.4,2.4,1.6,0.8,2,1,2,0.4,0.2,0.4,37,1.4,1.0,0.6,0.4,0.2,37,1.2,1.8,1.8,0.0,0.4,3,0.0,0.6666666666666666,2.6666666666666665,0.0,0.6000000000000001,-0.5999999999999999,1.0,0.3999999999999999,0.19999999999999996,-0.8,1.2000000000000002,1,1,1,1,1,1.0,AWAY_WIN,2
2024-05-19 15:00:00+00:00,Brighton,Manchester United,0.0,2.0,75,4.0,0.8,0.6,2.0,-1.4,1,1,3,0.2,0.2,0.6,75,7.0,1.4,1.6,2.0,-0.4,2,1,2,0.4,0.2,0.4,37,1.2,0.6,1.8,-1.2,0.4,37,0.4,1.4,2.8,-1.4,0.0,3,3.0,2.0,0.6666666666666666,1.0,-0.5999999999999999,-1.0,0.0,-0.9999999999999999,0.7999999999999999,-0.7999999999999999,0.9999999999999998,1,1,1,1,1,1.0,AWAY_WIN,2
2024-05-19 15:00:00+00:00,Burnley,Nottingham Forest,1.0,2.0,37,5.0,1.0,1.6,1.8,-0.2,1,2,2,0.2,0.4,0.4,75,4.0,0.8,1.4,2.0,-0.6,1,1,3,0.2,0.2,0.6,18,1.0,1.0,1.8,-0.8,0.2,37,0.8,1.0,1.6,-0.6,0.2,1,1.0,1.0,1.0,0.0,0.19999999999999996,0.20000000000000018,0.19999999999999996,0.39999999999999997,0.19999999999999996,0.0,-0.19999999999999996,1,1,1,1,1,1.0,AWAY_WIN,2
2024-05-19 15:00:00+00:00,Chelsea,Bournemouth,2.0,1.0,75,13.0,2.6,2.8,1.0,1.8,4,1,0,0.8,0.2,0.0,75,6.0,1.2,1.2,1.6,-0.4,2,0,3,0.4,0.0,0.6,37,2.6,3.8,1.0,2.8,0.8,37,1.2,1.0,1.6,-0.6,0.4,3,2.3333333333333335,1.6666666666666667,0.3333333333333333,0.6666666666666666,1.4000000000000001,1.5999999999999999,0.6000000000000001,2.2,1.4000000000000001,2.8,0.6000000000000001,1,1,1,1,1,1.0,HOME_WIN,0
2024-05-19 15:00:00+00:00,Crystal Palace,Aston Villa,5.0,0.0,75,13.0,2.6,3.0,0.8,2.2,4,1,0,0.8,0.2,0.0,75,8.0,1.6,2.0,1.4,0.6,2,2,1,0.4,0.4,0.2,37,2.0,2.8,1.4,1.4,0.6,37,1.4,1.4,1.6,-0.2,0.4,3,1.0,1.3333333333333333,1.6666666666666667,0.3333333333333333,1.0,1.0,0.5999999999999999,1.6,0.6000000000000001,1.4,0.20000000000000018,1,1,1,1,1,1.0,HOME_WIN,0
2024-05-19 15:00:00+00:00,Liverpool,Wolves,2.0,0.0,75,8.0,1.6,2.4,2.0,0.4,2,2,1,0.4,0.4,0.2,75,3.0,0.6,0.8,2.4,-1.6,1,0,4,0.2,0.0,0.8,37,2.0,2.0,1.2,0.8,0.6,37,0.4,0.8,2.6,-1.8,0.0,3,2.0,1.6666666666666667,1.3333333333333333,0.6666666666666666,1.0,1.5999999999999999,0.3999999999999999,2.0,1.6,1.2,1.4000000000000001,1,1,1,1,1,1.0,HOME_WIN,0
2024-05-19 15:00:00+00:00,Luton,Fulham,2.0,4.0,37,1.0,0.2,1.0,3.2,-2.2,0,1,4,0.0,0.2,0.8,75,5.0,1.0,0.8,1.6,-0.8,1,2,2,0.2,0.4,0.4,18,1.0,1.4,2.2,-0.8,0.2,37,1.0,1.4,1.6,-0.2,0.2,1,0.0,0.0,1.0,0.0,-0.8,0.19999999999999996,-1.6,-1.4000000000000001,0.0,0.0,-0.6000000000000001,1,1,1,1,1,1.0,AWAY_WIN,2
2024-05-19 15:00:00+00:00,Manchester City,West Ham,3.0,1.0,75,15.0,3.0,3.4,0.2,3.2,5,0,0,1.0,0.0,0.0,75,4.0,0.8,1.4,3.0,-1.6,1,1,3,0.2,0.2,0.6,37,2.6,3.4,0.8,2.6,0.8,37,1.2,2.0,3.2,-1.2,0.4,3,3.0,2.6666666666666665,0.3333333333333333,1.0,2.2,2.0,2.8,4.800000000000001,1.4000000000000001,1.4,2.4000000000000004,1,1,1,1,1,1.0,HOME_WIN,0
2024-05-19 15:00:00+00:00,Sheffield Utd,Tottenham,0.0,3.0,37,0.0,0.0,1.0,3.4,-2.4,0,0,5,0.0,0.0,1.0,75,3.0,0.6,1.2,2.4,-1.2,1,0,4,0.2,0.0,0.8,18,0.4,1.4,3.6,-2.2,0.0,37,0.2,0.6,2.8,-2.2,0.0,1,0.0,1.0,2.0,0.0,-0.6,-0.19999999999999996,-1.0,-1.2,0.2,0.7999999999999999,-0.8000000000000003,1,1,1,1,1,1.0,AWAY_WIN,2
2024-08-16 19:00:00+00:00,Manchester United,Fulham,1.0,0.0,76,7.0,1.4,1.2,1.6,-0.4,2,1,2,0.4,0.2,0.4,76,5.0,1.0,1.2,2.0,-0.8,1,2,2,0.2,0.4,0.4,38,1.6,2.0,1.6,0.4,0.4,38,1.6,2.0,1.6,0.4,0.4,4,2.25,1.5,1.0,0.75,0.3999999999999999,0.0,0.3999999999999999,0.4,0.0,0.0,0.0,1,1,1,1,1,1.0,HOME_WIN,0
2024-08-17 11:30:00+00:00,Ipswich,Liverpool,0.0,2.0,0,0.0,0.0,0.0,0.0,0.0,0,0,0,0.0,0.0,0.0,76,8.0,1.6,2.2,1.8,0.4,2,2,1,0.4,0.4,0.2,0,0.0,0.0,0.0,0.0,0.0,38,1.2,2.0,2.0,0.0,0.2,0,0.0,0.0,0.0,0.0,-1.6,-2.2,1.8,-0.4,-1.2,-2.0,2.0,0,1,0,1,0,0.4,AWAY_WIN,2
2024-08-17 14:00:00+00:00,Nottingham Forest,Bournemouth,1.0,1.0,76,6.0,1.2,1.4,1.8,-0.4,2,0,3,0.4,0.0,0.6,76,6.0,1.2,1.2,1.4,-0.2,2,0,3,0.4,0.0,0.6,38,1.0,1.6,1.8,-0.2,0.2,38,0.6,0.8,2.0,-1.2,0.2,4,0.5,1.5,2.0,0.0,0.0,0.19999999999999996,-0.40000000000000013,-0.2,0.4,0.8,0.19999999999999996,1,1,1,1,1,1.0,DRAW,1
2024-08-17 14:00:00+00:00,Newcastle,Southampton,1.0,0.0,76,10.0,2.0,3.2,1.6,1.6,3,1,1,0.6,0.2,0.2,38,1.0,0.2,1.8,3.2,-1.4,0,1,4,0.0,0.2,0.8,38,2.2,3.0,1.2,1.8,0.6,19,0.2,1.6,2.8,-1.2,0.0,2,3.0,3.5,1.0,1.0,1.8,1.4000000000000001,1.6,3.0,2.0,1.4,1.5999999999999999,1,1,1,1,1,1.0,HOME_WIN,0
2024-08-17 14:00:00+00:00,Arsenal,Wolves,2.0,0.0,76,15.0,3.0,2.8,0.6,2.2,5,0,0,1.0,0.0,0.0,76,3.0,0.6,0.8,2.4,-1.6,1,0,4,0.2,0.0,0.8,38,2.4,2.4,0.6,1.8,0.8,38,0.4,0.8,2.4,-1.6,0.0,4,3.0,2.75,0.25,1.0,2.4,1.9999999999999998,1.7999999999999998,3.8000000000000003,2.0,1.5999999999999999,1.7999999999999998,1,1,1,1,1,1.0,HOME_WIN,0
2024-08-17 14:00:00+00:00,Everton,Brighton,0.0,3.0,76,10.0,2.0,1.2,0.6,0.6,3,1,1,0.6,0.2,0.2,76,4.0,0.8,0.6,1.6,-1.0,1,1,3,0.2,0.2,0.6,38,3.0,1.4,0.0,1.4,1.0,38,0.6,0.6,1.4,-0.8,0.0,4,1.25,2.0,1.75,0.25,1.2,0.6,1.0,1.6,2.4,0.7999999999999999,1.4,1,1,1,1,1,1.0,AWAY_WIN,2
2024-08-17 16:30:00+00:00,West Ham,Aston Villa,1.0,2.0,76,4.0,0.8,1.6,3.2,-1.6,1,1,3,0.2,0.2,0.6,76,5.0,1.0,1.6,2.4,-0.8,1,2,2,0.2,0.4,0.4,38,1.2,1.4,1.4,0.0,0.2,38,0.8,0.8,2.2,-1.4,0.2,4,1.25,1.0,1.5,0.25,-0.19999999999999996,0.0,-0.8000000000000003,-0.8,0.3999999999999999,0.5999999999999999,0.8000000000000003,1,1,1,1,1,1.0,AWAY_WIN,2
2024-08-18 13:00:00+00:00,Brentford,Crystal Palace,2.0,1.0,76,7.0,1.4,1.8,1.4,0.4,2,1,2,0.4,0.2,0.4,76,13.0,2.6,3.0,0.4,2.6,4,1,0,0.8,0.2,0.0,38,1.2,1.0,1.0,0.0,0.2,38,1.6,1.2,0.8,0.4,0.4,4,0.75,1.0,1.5,0.0,-1.2000000000000002,-1.2,-0.9999999999999999,-2.2,-0.40000000000000013,-0.19999999999999996,-0.19999999999999996,1,1,1,1,1,1.0,HOME_WIN,0
2024-08-18 15:30:00+00:00,Chelsea,Manchester City,0.0,2.0,76,15.0,3.0,2.8,0.8,2.0,5,0,0,1.0,0.0,0.0,76,15.0,3.0,3.2,0.4,2.8,5,0,0,1.0,0.0,0.0,38,3.0,3.8,0.8,3.0,1.0,38,3.0,3.2,0.4,2.8,1.0,4,0.5,1.25,1.75,0.0,0.0,-0.40000000000000036,-0.4,-0.7999999999999998,0.0,0.5999999999999996,-0.4,1,1,1,1,1,1.0,AWAY_WIN,2
2024-08-19 19:00:00+00:00,Leicester,Tottenham,1.0,1.0,38,5.0,1.0,1.4,2.2,-0.8,1,2,2,0.2,0.4,0.4,76,6.0,1.2,1.4,1.8,-0.4,2,0,3,0.4,0.0,0.6,19,1.4,1.2,1.6,-0.4,0.4,38,0.8,1.2,2.2,-1.0,0.2,2,1.5,3.0,3.5,0.5,-0.19999999999999996,0.0,-0.40000000000000013,-0.4,0.5999999999999999,0.0,0.6000000000000001,1,1,1,1,1,1.0,DRAW,1
2024-08-24 11:30:00+00:00,Brighton,Manchester United,2.0,1.0,77,7.0,1.4,1.2,1.0,0.2,2,1,2,0.4,0.2,0.4,77,9.0,1.8,1.2,1.4,-0.2,3,0,2,0.6,0.0,0.4,38,0.6,0.4,2.2,-1.8,0.2,38,1.0,1.6,2.2,-0.6,0.2,4,2.25,1.5,1.0,0.75,-0.40000000000000013,0.0,0.3999999999999999,0.4,-0.4,-1.2000000000000002,0.0,1,1,1,1,1,1.0,HOME_WIN,0
2024-08-24 14:00:00+00:00,Fulham,Leicester,2.0,1.0,77,5.0,1.0,1.0,1.6,-0.6,1,2,2,0.2,0.4,0.4,39,5.0,1.0,1.2,2.0,-0.8,1,2,2,0.2,0.4,0.4,38,0.8,1.0,1.8,-0.8,0.2,19,0.4,1.2,2.2,-1.0,0.0,2,3.0,3.0,1.5,1.0,0.0,-0.19999999999999996,0.3999999999999999,0.20000000000000007,0.4,-0.19999999999999996,0.40000000000000013,1,1,1,1,1,1.0,HOME_WIN,0
2024-08-24 14:00:00+00:00,Crystal Palace,West Ham,0.0,2.0,77,10.0,2.0,2.8,0.8,2.0,3,1,1,0.6,0.2,0.2,77,4.0,0.8,1.4,2.6,-1.2,1,1,3,0.2,0.2,0.6,38,2.4,3.6,1.2,2.4,0.8,38,0.6,1.6,3.6,-2.0,0.2,4,2.5,3.0,1.75,0.75,1.2,1.4,1.8,3.2,1.7999999999999998,2.0,2.4000000000000004,1,1,1,1,1,1.0,AWAY_WIN,2
2024-08-24 14:00:00+00:00,Manchester City,Ipswich,4.0,1.0,77,15.0,3.0,3.2,0.4,2.8,5,0,0,1.0,0.0,0.0,1,0.0,0.0,0.0,2.0,-2.0,0,0,1,0.0,0.0,1.0,38,2.6,3.4,0.8,2.6,0.8,0,0.0,0.0,0.0,0.0,0.0,0,0.0,0.0,0.0,0.0,3.0,3.2,1.6,4.8,2.6,3.4,-0.8,1,1,1,0,0,0.6,HOME_WIN,0
2024-08-24 14:00:00+00:00,Southampton,Nottingham Forest,0.0,1.0,39,1.0,0.2,1.6,2.8,-1.2,0,1,4,0.0,0.2,0.8,77,7.0,1.4,1.6,1.6,0.0,2,1,2,0.4,0.2,0.4,19,0.2,1.0,2.6,-1.6,0.0,38,1.4,1.4,1.6,-0.2,0.4,2,0.0,1.5,2.5,0.0,-1.2,0.0,-1.1999999999999997,-1.2,-1.2,-0.3999999999999999,-1.0,1,1,1,1,1,1.0,AWAY_WIN,2
2024-08-24 14:00:00+00:00,Tottenham,Everton,4.0,0.0,77,7.0,1.4,1.6,1.6,0.0,2,1,2,0.4,0.2,0.4,77,7.0,1.4,0.8,1.2,-0.4,2,1,2,0.4,0.2,0.4,38,1.8,1.8,1.6,0.2,0.6,38,0.4,0.8,2.4,-1.6,0.0,4,2.0,1.75,1.0,0.5,0.0,0.8,-0.40000000000000013,0.4,1.4,1.0,0.7999999999999998,1,1,1,1,1,1.0,HOME_WIN,0
2024-08-24 16:30:00+00:00,Aston Villa,Arsenal,0.0,2.0,77,5.0,1.0,1.4,2.4,-1.0,1,2,2,0.2,0.4,0.4,77,15.0,3.0,2.2,0.6,1.6,5,0,0,1.0,0.0,0.0,38,1.8,2.6,1.8,0.8,0.4,38,2.6,1.8,0.4,1.4,0.8,4,1.5,1.5,1.5,0.5,-2.0,-0.8000000000000003,-1.7999999999999998,-2.6,-0.8,0.8,-1.4,1,1,1,1,1,1.0,AWAY_WIN,2
2024-08-25 13:00:00+00:00,Bournemouth,Newcastle,1.0,1.0,77,4.0,0.8,1.2,1.6,-0.4,1,1,3,0.2,0.2,0.6,77,10.0,2.0,2.4,1.4,1.0,3,1,1,0.6,0.2,0.2,38,2.0,1.8,1.0,0.8,0.6,38,1.8,2.2,1.6,0.6,0.6,4,1.5,1.5,1.0,0.25,-1.2,-1.2,-0.20000000000000018,-1.4,0.19999999999999996,-0.40000000000000013,0.6000000000000001,1,1,1,1,1,1.0,DRAW,1
2024-08-25 13:00:00+00:00,Wolves,Chelsea,2.0,6.0,77,3.0,0.6,0.8,2.6,-1.8,1,0,4,0.2,0.0,0.8,77,12.0,2.4,2.4,1.2,1.2,4,0,1,0.8,0.0,0.2,38,0.6,0.8,1.8,-1.0,0.2,38,1.6,1.8,2.4,-0.6,0.4,4,2.25,1.75,1.5,0.75,-1.7999999999999998,-1.5999999999999999,-1.4000000000000001,-3.0,-1.0,-1.0,0.5999999999999999,1,1,1,1,1,1.0,AWAY_WIN,2
2024-08-25 15:30:00+00:00,Liverpool,Brentford,2.0,0.0,77,11.0,2.2,2.6,1.4,1.2,3,2,0,0.6,0.4,0.0,77,7.0,1.4,1.2,1.4,-0.2,2,1,2,0.4,0.2,0.4,38,2.4,2.2,1.0,1.2,0.8,38,1.4,2.2,1.6,0.6,0.4,4,2.25,2.25,1.0,0.75,0.8000000000000003,1.4000000000000001,0.0,1.4,1.0,0.0,0.6000000000000001,1,1,1,1,1,1.0,HOME_WIN,0
2024-08-31 11:30:00+00:00,Arsenal,Brighton,1.0,1.0,78,15.0,3.0,2.0,0.2,1.8,5,0,0,1.0,0.0,0.0,78,7.0,1.4,1.4,1.2,0.2,2,1,2,0.4,0.2,0.4,39,2.4,2.4,0.6,1.8,0.8,39,1.2,1.0,1.0,0.0,0.2,4,2.25,2.25,1.25,0.75,1.6,0.6000000000000001,1.0,1.6,1.2,1.4,0.4,1,1,1,1,1,1.0,DRAW,1
2024-08-31 14:00:00+00:00,Everton,Bournemouth,2.0,3.0,78,4.0,0.8,0.6,2.0,-1.4,1,1,3,0.2,0.2,0.6,78,2.0,0.4,0.8,1.8,-1.0,0,2,3,0.0,0.4,0.6,39,2.4,1.2,0.6,0.6,0.8,39,0.8,0.8,1.8,-1.0,0.2,4,1.5,1.25,1.25,0.5,0.4,-0.20000000000000007,-0.19999999999999996,-0.3999999999999999,1.5999999999999999,0.3999999999999999,1.2000000000000002,1,1,1,1,1,1.0,AWAY_WIN,2
2024-08-31 14:00:00+00:00,Nottingham Forest,Wolves,1.0,1.0,78,10.0,2.0,1.8,1.2,0.6,3,1,1,0.6,0.2,0.2,78,0.0,0.0,0.8,3.6,-2.8,0,0,5,0.0,0.0,1.0,39,1.0,1.6,1.8,-0.2,0.2,39,0.4,0.8,2.4,-1.6,0.0,4,0.75,1.0,1.25,0.0,2.0,1.0,2.4000000000000004,3.4,0.6,0.8,0.5999999999999999,1,1,1,1,1,1.0,DRAW,1
2024-08-31 14:00:00+00:00,Leicester,Aston Villa,1.0,2.0,40,5.0,1.0,0.8,1.4,-0.6,1,2,2,0.2,0.4,0.4,78,4.0,0.8,1.0,2.4,-1.4,1,1,3,0.2,0.2,0.6,20,1.6,1.4,1.6,-0.2,0.4,39,1.2,1.0,2.2,-1.2,0.4,2,1.5,2.5,2.0,0.5,0.19999999999999996,-0.19999999999999996,1.0,0.7999999999999999,0.40000000000000013,0.3999999999999999,0.6000000000000001,1,1,1,1,1,1.0,AWAY_WIN,2
2024-08-31 14:00:00+00:00,Brentford,Southampton,3.0,1.0,78,7.0,1.4,1.2,1.6,-0.4,2,1,2,0.4,0.2,0.4,40,1.0,0.2,1.0,2.2,-1.2,0,1,4,0.0,0.2,0.8,39,1.6,1.2,1.0,0.2,0.4,20,0.2,1.6,2.8,-1.2,0.0,2,3.0,2.5,0.0,1.0,1.2,0.19999999999999996,0.6000000000000001,0.7999999999999999,1.4000000000000001,-0.40000000000000013,1.7999999999999998,1,1,1,1,1,1.0,HOME_WIN,0
2024-08-31 14:00:00+00:00,Ipswich,Fulham,1.0,1.0,2,0.0,0.0,0.5,3.0,-2.5,0,0,2,0.0,0.0,1.0,78,7.0,1.4,1.2,1.6,-0.4,2,1,2,0.4,0.2,0.4,1,0.0,0.0,2.0,-2.0,0.0,39,1.4,1.4,1.2,0.2,0.4,0,0.0,0.0,0.0,0.0,-1.4,-0.7,-1.4,-2.1,-1.4,-1.4,-0.8,1,1,1,1,0,0.8,DRAW,1
2024-08-31 16:30:00+00:00,West Ham,Manchester City,1.0,3.0,78,6.0,1.2,1.4,2.2,-0.8,2,0,3,0.4,0.0,0.6,78,15.0,3.0,3.0,0.4,2.6,5,0,0,1.0,0.0,0.0,39,1.0,1.4,1.6,-0.2,0.2,39,3.0,2.8,0.0,2.8,1.0,4,0.0,0.5,2.75,0.0,-1.8,-1.6,-1.8000000000000003,-3.4000000000000004,-2.0,-1.4,-1.6,1,1,1,1,1,1.0,AWAY_WIN,2
2024-09-01 12:30:00+00:00,Chelsea,Crystal Palace,1.0,1.0,78,12.0,2.4,2.6,1.6,1.0,4,0,1,0.8,0.0,0.2,78,9.0,1.8,2.6,1.0,1.6,3,0,2,0.6,0.0,0.4,39,2.4,3.0,0.6,2.4,0.8,39,1.4,1.2,1.0,0.2,0.4,4,3.0,2.0,0.75,1.0,0.5999999999999999,0.0,-0.6000000000000001,-0.6000000000000001,1.0,1.8,0.4,1,1,1,1,1,1.0,DRAW,1
2024-09-01 12:30:00+00:00,Newcastle,Tottenham,2.0,1.0,78,8.0,1.6,1.8,1.4,0.4,2,2,1,0.4,0.4,0.2,78,10.0,2.0,2.0,0.8,1.2,3,1,1,0.6,0.2,0.2,39,2.2,2.4,0.6,1.8,0.6,39,0.8,1.2,2.2,-1.0,0.2,4,2.25,3.25,1.5,0.75,-0.3999999999999999,-0.19999999999999996,-0.5999999999999999,-0.7999999999999999,1.4000000000000001,1.2,1.6,1,1,1,1,1,1.0,HOME_WIN,0
2024-09-01 15:00:00+00:00,Manchester United,Liverpool,0.0,3.0,78,9.0,1.8,1.4,1.0,0.4,3,0,2,0.6,0.0,0.4,78,13.0,2.6,2.6,1.0,1.6,4,1,0,0.8,0.2,0.0,39,2.0,1.8,1.2,0.6,0.6,39,1.6,2.0,1.6,0.4,0.4,4,1.25,1.0,2.5,0.25,-0.8,-1.2000000000000002,0.0,-1.2000000000000002,0.3999999999999999,-0.19999999999999996,0.40000000000000013,1,1,1,1,1,1.0,AWAY_WIN,2
2024-09-14 11:30:00+00:00,Southampton,Manchester United,0.0,3.0,41,1.0,0.2,1.2,2.4,-1.2,0,1,4,0.0,0.2,0.8,79,9.0,1.8,1.4,1.4,0.0,3,0,2,0.6,0.0,0.4,20,0.2,0.8,2.0,-1.2,0.0,39,0.8,1.6,2.4,-0.8,0.2,2,0.5,0.0,0.5,0.0,-1.6,-0.19999999999999996,-1.0,-1.2,-0.6000000000000001,-0.8,0.3999999999999999,1,1,1,1,1,1.0,AWAY_WIN,2
2024-09-14 14:00:00+00:00,Brighton,Ipswich,0.0,0.0,79,7.0,1.4,1.4,1.2,0.2,2,1,2,0.4,0.2,0.4,3,1.0,0.3333333333333333,0.6666666666666666,2.3333333333333335,-1.6666666666666667,0,1,2,0.0,0.3333333333333333,0.6666666666666666,39,1.2,0.8,1.8,-1.0,0.4,1,0.0,1.0,4.0,-3.0,0.0,0,0.0,0.0,0.0,0.0,1.0666666666666667,0.7333333333333333,1.1333333333333335,1.8666666666666667,1.2,-0.19999999999999996,2.2,1,1,1,1,0,0.8,DRAW,1
2024-09-14 14:00:00+00:00,Crystal Palace,Leicester,2.0,2.0,79,7.0,1.4,2.0,1.2,0.8,2,1,2,0.4,0.2,0.4,41,5.0,1.0,1.0,1.2,-0.2,1,2,2,0.2,0.4,0.4,39,2.4,3.2,0.8,2.4,0.8,20,0.4,1.2,2.2,-1.0,0.0,2,2.0,1.0,0.5,0.5,0.3999999999999999,1.0,0.0,1.0,2.0,2.0,1.4000000000000001,1,1,1,1,1,1.0,DRAW,1
2024-09-14 14:00:00+00:00,Fulham,West Ham,1.0,1.0,79,7.0,1.4,1.4,1.8,-0.4,2,1,2,0.4,0.2,0.4,79,6.0,1.2,1.6,1.8,-0.2,2,0,3,0.4,0.0,0.6,39,0.8,0.8,2.0,-1.2,0.2,39,1.2,1.4,2.8,-1.4,0.4,4,1.5,2.0,1.0,0.5,0.19999999999999996,-0.20000000000000018,0.0,-0.2,-0.3999999999999999,-0.5999999999999999,0.7999999999999998,1,1,1,1,1,1.0,DRAW,1
2024-09-14 14:00:00+00:00,Liverpool,Nottingham Forest,0.0,1.0,79,13.0,2.6,2.4,0.6,1.8,4,1,0,0.8,0.2,0.0,79,8.0,1.6,1.4,1.2,0.2,2,2,1,0.4,0.4,0.2,39,2.4,2.2,0.8,1.4,0.8,39,1.8,1.4,1.4,0.0,0.6,4,2.25,1.75,0.75,0.75,1.0,1.0,0.6,1.6,0.5999999999999999,0.8000000000000003,0.5999999999999999,1,1,1,1,1,1.0,AWAY_WIN,2
2024-09-14 14:00:00+00:00,Manchester City,Brentford,2.0,1.0,79,15.0,3.0,2.8,0.6,2.2,5,0,0,1.0,0.0,0.0,79,9.0,1.8,1.8,1.8,0.0,3,0,2,0.6,0.0,0.4,39,3.0,4.2,1.0,3.2,1.0,39,1.4,2.0,1.6,0.4,0.4,4,1.5,1.25,1.0,0.5,1.2,0.9999999999999998,1.2000000000000002,2.2,1.6,2.2,0.6000000000000001,1,1,1,1,1,1.0,HOME_WIN,0
2024-09-14 16:30:00+00:00,Aston Villa,Everton,3.0,2.0,79,7.0,1.4,1.4,2.4,-1.0,2,1,2,0.4,0.2,0.4,79,3.0,0.6,0.8,2.4,-1.6,1,0,4,0.2,0.0,0.8,39,1.2,2.2,2.2,0.0,0.2,39,0.4,0.6,2.8,-2.2,0.0,4,2.5,2.0,0.25,0.75,0.7999999999999999,0.5999999999999999,0.0,0.6000000000000001,0.7999999999999999,1.6,0.5999999999999996,1,1,1,1,1,1.0,HOME_WIN,0
2024-09-14 19:00:00+00:00,Bournemouth,Chelsea,0.0,1.0,79,5.0,1.0,1.4,1.6,-0.2,1,2,2,0.2,0.4,0.4,79,10.0,2.0,2.2,1.4,0.8,3,1,1,0.6,0.2,0.2,39,1.6,1.6,1.0,0.6,0.4,39,2.0,2.6,2.4,0.2,0.6,4,0.25,0.5,1.75,0.0,-1.0,-0.8000000000000003,-0.20000000000000018,-1.0,-0.3999999999999999,-1.0,1.4,1,1,1,1,1,1.0,AWAY_WIN,2
2024-09-15 13:00:00+00:00,Tottenham,Arsenal,0.0,1.0,79,7.0,1.4,1.8,1.0,0.8,2,1,2,0.4,0.2,0.4,79,13.0,2.6,1.6,0.4,1.2,4,1,0,0.8,0.2,0.0,39,1.8,2.2,1.4,0.8,0.6,39,3.0,2.2,0.4,1.8,1.0,4,0.25,1.25,2.5,0.0,-1.2000000000000002,0.19999999999999996,-0.6,-0.3999999999999999,-1.2,0.0,-0.9999999999999999,1,1,1,1,1,1.0,AWAY_WIN,2
2024-09-15 15:30:00+00:00,Wolves,Newcastle,1.0,2.0,79,1.0,0.2,0.8,2.8,-2.0,0,1,4,0.0,0.2,0.8,79,10.0,2.0,2.0,1.4,0.6,3,1,1,0.6,0.2,0.2,39,0.6,1.0,2.6,-1.6,0.2,39,1.4,2.2,1.8,0.4,0.4,4,0.5,1.0,2.0,0.0,-1.8,-1.2,-1.4,-2.6,-0.7999999999999999,-1.2000000000000002,-0.8,1,1,1,1,1,1.0,AWAY_WIN,2
2024-09-21 11:30:00+00:00,West Ham,Chelsea,0.0,3.0,80,4.0,0.8,1.2,1.8,-0.6,1,1,3,0.2,0.2,0.6,80,10.0,2.0,2.0,1.2,0.8,3,1,1,0.6,0.2,0.2,40,0.8,1.4,2.0,-0.6,0.2,40,2.6,2.8,1.4,1.4,0.8,4,1.0,1.25,2.25,0.25,-1.2,-0.8,-0.6000000000000001,-1.4,-1.8,-1.4,-0.6000000000000001,1,1,1,1,1,1.0,AWAY_WIN,2
2024-09-21 14:00:00+00:00,Aston Villa,Wolves,3.0,1.0,80,9.0,1.8,1.4,2.2,-0.8,3,0,2,0.6,0.0,0.4,80,1.0,0.2,0.8,2.6,-1.8,0,1,4,0.0,0.2,0.8,40,1.6,2.2,2.0,0.2,0.4,40,0.4,0.8,2.4,-1.6,0.0,4,1.25,1.0,0.75,0.25,1.6,0.5999999999999999,0.3999999999999999,1.0,1.2000000000000002,1.4000000000000001,0.3999999999999999,1,1,1,1,1,1.0,HOME_WIN,0
2024-09-21 14:00:00+00:00,Fulham,Newcastle,3.0,1.0,80,8.0,1.6,1.6,1.2,0.4,2,2,1,0.4,0.4,0.2,80,13.0,2.6,2.0,1.0,1.0,4,1,0,0.8,0.2,0.0,40,1.0,1.0,2.0,-1.0,0.2,40,2.0,2.6,1.6,1.0,0.6,4,0.0,0.25,2.25,0.0,-1.0,-0.3999999999999999,-0.19999999999999996,-0.6,-1.0,-1.6,-0.3999999999999999,1,1,1,1,1,1.0,HOME_WIN,0
2024-09-21 14:00:00+00:00,Leicester,Everton,1.0,1.0,42,5.0,1.0,1.4,1.6,-0.2,1,2,2,0.2,0.4,0.4,80,0.0,0.0,1.0,3.0,-2.0,0,0,5,0.0,0.0,1.0,21,1.0,1.2,1.8,-0.6,0.2,40,0.2,0.8,3.2,-2.4,0.0,2,2.0,2.0,1.0,0.5,1.0,0.3999999999999999,1.4,1.8,0.8,0.3999999999999999,1.4000000000000001,1,1,1,1,1,1.0,DRAW,1
2024-09-21 14:00:00+00:00,Liverpool,Bournemouth,3.0,0.0,80,12.0,2.4,1.8,0.2,1.6,4,0,1,0.8,0.0,0.2,80,5.0,1.0,1.2,1.4,-0.2,1,2,2,0.2,0.4,0.4,40,1.8,1.6,0.8,0.8,0.6,40,1.4,1.2,1.6,-0.4,0.4,4,2.25,4.0,0.5,0.75,1.4,0.6000000000000001,1.2,1.8,0.40000000000000013,0.40000000000000013,0.8,1,1,1,1,1,1.0,HOME_WIN,0
2024-09-21 14:00:00+00:00,Southampton,Ipswich,1.0,1.0,42,1.0,0.2,1.0,2.4,-1.4,0,1,4,0.0,0.2,0.8,4,2.0,0.5,0.5,1.75,-1.25,0,2,2,0.0,0.5,0.5,21,0.2,0.8,2.2,-1.4,0.0,2,0.5,0.5,2.0,-1.5,0.0,0,0.0,0.0,0.0,0.0,-0.3,0.5,-0.6499999999999999,-0.1499999999999999,-0.3,0.30000000000000004,-0.20000000000000018,1,1,1,1,0,0.8,DRAW,1
2024-09-21 14:00:00+00:00,Tottenham,Brentford,3.0,1.0,80,7.0,1.4,1.8,0.8,1.0,2,1,2,0.4,0.2,0.4,80,6.0,1.2,1.6,2.0,-0.4,2,0,3,0.4,0.0,0.6,40,1.2,1.6,1.4,0.2,0.4,40,1.2,1.6,1.4,0.2,0.4,4,1.25,2.0,2.25,0.25,0.19999999999999996,0.19999999999999996,1.2,1.4,0.0,0.0,0.0,1,1,1,1,1,1.0,HOME_WIN,0
2024-09-21 16:30:00+00:00,Crystal Palace,Manchester United,0.0,0.0,80,5.0,1.0,1.8,1.4,0.4,1,2,2,0.2,0.4,0.4,80,9.0,1.8,1.4,1.0,0.4,3,0,2,0.6,0.0,0.4,40,2.0,2.6,0.8,1.8,0.6,40,1.4,1.6,1.6,0.0,0.4,4,1.75,1.75,0.75,0.5,-0.8,0.40000000000000013,-0.3999999999999999,0.0,0.6000000000000001,1.0,0.8,1,1,1,1,1,1.0,DRAW,1
2024-09-22 13:00:00+00:00,Brighton,Nottingham Forest,2.0,2.0,80,8.0,1.6,1.2,0.8,0.4,2,2,1,0.4,0.4,0.2,80,11.0,2.2,1.2,0.6,0.6,3,2,0,0.6,0.4,0.0,40,1.4,0.8,1.0,-0.2,0.4,40,2.4,1.4,0.8,0.6,0.8,4,1.75,1.25,1.25,0.5,-0.6000000000000001,0.0,-0.20000000000000007,-0.19999999999999996,-1.0,-0.5999999999999999,-0.19999999999999996,1,1,1,1,1,1.0,DRAW,1
2024-09-22 15:30:00+00:00,Manchester City,Arsenal,2.0,2.0,80,15.0,3.0,2.8,0.8,2.0,5,0,0,1.0,0.0,0.0,80,13.0,2.6,1.6,0.4,1.2,4,1,0,0.8,0.2,0.0,40,3.0,3.8,1.0,2.8,1.0,40,3.0,1.8,0.4,1.4,1.0,4,1.75,1.75,0.75,0.5,0.3999999999999999,1.1999999999999997,-0.4,0.8,0.0,1.9999999999999998,-0.6,1,1,1,1,1,1.0,DRAW,1
2024-09-28 11:30:00+00:00,Newcastle,Manchester City,1.0,1.0,81,10.0,2.0,1.4,1.2,0.2,3,1,1,0.6,0.2,0.2,81,13.0,2.6,2.6,1.0,1.6,4,1,0,0.8,0.2,0.0,40,2.6,2.6,0.6,2.0,0.8,40,3.0,2.6,0.2,2.4,1.0,4,0.25,1.25,2.25,0.0,-0.6000000000000001,-1.2000000000000002,-0.19999999999999996,-1.4000000000000001,-0.3999999999999999,0.0,-0.39999999999999997,1,1,1,1,1,1.0,DRAW,1
2024-09-28 14:00:00+00:00,Arsenal,Leicester,4.0,2.0,81,11.0,2.2,1.6,0.6,1.0,3,2,0,0.6,0.4,0.0,43,3.0,0.6,1.2,1.6,-0.4,0,3,2,0.0,0.6,0.4,40,2.6,2.6,0.4,2.2,0.8,21,0.6,1.4,2.0,-0.6,0.0,2,3.0,2.5,1.0,1.0,1.6,0.40000000000000013,1.0,1.4,2.0,1.2000000000000002,1.6,1,1,1,1,1,1.0,HOME_WIN,0
2024-09-28 14:00:00+00:00,Brentford,West Ham,1.0,1.0,81,6.0,1.2,1.4,1.8,-0.4,2,0,3,0.4,0.0,0.6,81,4.0,0.8,1.0,1.8,-0.8,1,1,3,0.2,0.2,0.6,40,2.0,1.8,1.2,0.6,0.6,40,0.8,1.2,2.8,-1.6,0.2,4,2.25,2.25,1.5,0.75,0.3999999999999999,0.3999999999999999,0.0,0.4,1.2,0.6000000000000001,1.5999999999999999,1,1,1,1,1,1.0,DRAW,1
2024-09-28 14:00:00+00:00,Chelsea,Brighton,4.0,2.0,81,10.0,2.0,2.2,1.0,1.2,3,1,1,0.6,0.2,0.2,81,9.0,1.8,1.6,0.8,0.8,2,3,0,0.4,0.6,0.0,40,2.0,2.0,0.8,1.2,0.6,40,1.2,1.2,1.2,0.0,0.2,4,1.5,1.75,2.25,0.5,0.19999999999999996,0.6000000000000001,-0.19999999999999996,0.3999999999999999,0.8,0.8,0.3999999999999999,1,1,1,1,1,1.0,HOME_WIN,0
2024-09-28 14:00:00+00:00,Everton,Crystal Palace,2.0,1.0,81,1.0,0.2,1.0,2.8,-1.8,0,1,4,0.0,0.2,0.8,81,3.0,0.6,0.8,1.4,-0.6,0,3,2,0.0,0.6,0.4,40,1.8,1.2,1.2,0.0,0.6,40,1.6,1.4,1.0,0.4,0.4,4,2.0,1.75,0.75,0.5,-0.39999999999999997,0.19999999999999996,-1.4,-1.2000000000000002,0.19999999999999996,-0.19999999999999996,-0.19999999999999996,1,1,1,1,1,1.0,HOME_WIN,0
2024-09-28 14:00:00+00:00,Nottingham Forest,Fulham,0.0,1.0,81,9.0,1.8,1.2,0.8,0.4,2,3,0,0.4,0.6,0.0,81,8.0,1.6,1.4,1.0,0.4,2,2,1,0.4,0.4,0.2,40,0.6,1.2,1.8,-0.6,0.0,40,1.6,1.4,0.8,0.6,0.4,4,0.75,1.25,2.75,0.25,0.19999999999999996,-0.19999999999999996,0.19999999999999996,0.0,-1.0,-0.19999999999999996,-1.0,1,1,1,1,1,1.0,AWAY_WIN,2
2024-09-28 16:30:00+00:00,Wolves,Liverpool,1.0,2.0,81,1.0,0.2,1.0,2.8,-1.8,0,1,4,0.0,0.2,0.8,81,12.0,2.4,2.0,0.2,1.8,4,0,1,0.8,0.0,0.2,40,0.6,1.2,2.6,-1.4,0.2,40,1.6,2.0,1.4,0.6,0.4,4,0.75,1.0,1.75,0.25,-2.1999999999999997,-1.0,-2.5999999999999996,-3.6,-1.0,-0.8,-1.2000000000000002,1,1,1,1,1,1.0,AWAY_WIN,2
2024-09-29 13:00:00+00:00,Ipswich,Aston Villa,2.0,2.0,5,3.0,0.6,0.6,1.6,-1.0,0,3,2,0.0,0.6,0.4,81,12.0,2.4,2.0,1.4,0.6,4,0,1,0.8,0.0,0.2,2,0.5,0.5,1.5,-1.0,0.0,40,1.8,1.2,1.6,-0.4,0.6,0,0.0,0.0,0.0,0.0,-1.7999999999999998,-1.4,-0.20000000000000018,-1.6,-1.3,-0.7,0.10000000000000009,1,1,1,1,0,0.8,DRAW,1
2024-09-29 15:30:00+00:00,Manchester United,Tottenham,0.0,3.0,81,7.0,1.4,1.0,1.0,0.0,2,1,2,0.4,0.2,0.4,81,7.0,1.4,1.8,1.0,0.8,2,1,2,0.4,0.2,0.4,40,1.4,1.0,1.4,-0.4,0.4,40,0.8,1.4,1.8,-0.4,0.2,4,1.25,1.5,1.5,0.25,0.0,-0.8,0.0,-0.8,0.5999999999999999,-0.3999999999999999,0.40000000000000013,1,1,1,1,1,1.0,AWAY_WIN,2
2024-09-30 19:00:00+00:00,Bournemouth,Southampton,3.0,1.0,81,5.0,1.0,1.0,1.6,-0.6,1,2,2,0.2,0.4,0.4,43,1.0,0.2,0.4,1.8,-1.4,0,1,4,0.0,0.2,0.8,40,1.0,1.4,1.2,0.2,0.2,21,0.0,1.2,2.8,-1.6,0.0,2,1.5,0.5,0.5,0.5,0.8,0.6,0.19999999999999996,0.7999999999999999,1.0,0.19999999999999996,1.5999999999999999,1,1,1,1,1,1.0,HOME_WIN,0
2024-10-05 11:30:00+00:00,Crystal Palace,Liverpool,0.0,1.0,82,3.0,0.6,0.8,1.4,-0.6,0,3,2,0.0,0.6,0.4,82,12.0,2.4,2.0,0.4,1.6,4,0,1,0.8,0.0,0.2,41,1.6,2.2,0.8,1.4,0.4,41,2.2,2.4,1.2,1.2,0.6,4,1.25,0.75,0.75,0.25,-1.7999999999999998,-1.2,-0.9999999999999999,-2.2,-0.6000000000000001,-0.19999999999999973,0.3999999999999999,1,1,1,1,1,1.0,AWAY_WIN,2
2024-10-05 14:00:00+00:00,Arsenal,Southampton,3.0,1.0,82,11.0,2.2,2.0,1.0,1.0,3,2,0,0.6,0.4,0.0,44,1.0,0.2,0.6,2.2,-1.6,0,1,4,0.0,0.2,0.8,41,2.6,2.4,0.8,1.6,0.8,22,0.0,1.2,2.8,-1.6,0.0,2,1.0,2.0,2.0,0.0,2.0,1.4,1.2000000000000002,2.6,2.6,1.2,1.9999999999999998,1,1,1,1,1,1.0,HOME_WIN,0
2024-10-05 14:00:00+00:00,Brentford,Wolves,5.0,3.0,82,4.0,0.8,1.2,1.8,-0.6,1,1,3,0.2,0.2,0.6,82,1.0,0.2,1.2,2.8,-1.6,0,1,4,0.0,0.2,0.8,41,1.6,1.6,1.4,0.2,0.4,41,0.2,0.6,2.6,-2.0,0.0,4,1.0,1.0,1.75,0.25,0.6000000000000001,0.0,0.9999999999999998,1.0,1.4000000000000001,1.0,1.2000000000000002,1,1,1,1,1,1.0,HOME_WIN,0
2024-10-05 14:00:00+00:00,Leicester,Bournemouth,1.0,0.0,44,2.0,0.4,1.4,2.2,-0.8,0,2,3,0.0,0.4,0.6,82,7.0,1.4,1.4,1.6,-0.2,2,1,2,0.4,0.2,0.4,22,1.0,1.0,1.6,-0.6,0.2,41,0.8,1.0,2.2,-1.2,0.2,2,0.0,0.5,1.5,0.0,-0.9999999999999999,0.0,-0.6000000000000001,-0.6000000000000001,0.19999999999999996,0.0,0.6000000000000001,1,1,1,1,1,1.0,HOME_WIN,0
2024-10-05 14:00:00+00:00,Manchester City,Fulham,3.0,2.0,82,11.0,2.2,2.4,1.2,1.2,3,2,0,0.6,0.4,0.0,82,11.0,2.2,1.6,0.8,0.8,3,2,0,0.6,0.4,0.0,41,2.6,3.2,1.2,2.0,0.8,41,1.6,1.2,0.8,0.4,0.4,4,3.0,3.25,0.75,1.0,0.0,0.7999999999999998,-0.3999999999999999,0.3999999999999999,1.0,2.0,-0.3999999999999999,1,1,1,1,1,1.0,HOME_WIN,0
2024-10-05 14:00:00+00:00,West Ham,Ipswich,4.0,1.0,82,5.0,1.0,1.0,1.6,-0.6,1,2,2,0.2,0.4,0.4,6,4.0,0.8,1.0,1.6,-0.6,0,4,1,0.0,0.8,0.2,41,0.8,1.4,2.2,-0.8,0.2,3,0.6666666666666666,0.6666666666666666,1.6666666666666667,-1.0,0.0,0,0.0,0.0,0.0,0.0,0.19999999999999996,0.0,0.0,0.0,0.13333333333333341,0.7333333333333333,-0.5333333333333334,1,1,1,1,0,0.8,HOME_WIN,0
2024-10-05 16:30:00+00:00,Everton,Newcastle,0.0,0.0,82,4.0,0.8,1.4,2.4,-1.0,1,1,3,0.2,0.2,0.6,82,8.0,1.6,1.4,1.4,0.0,2,2,1,0.4,0.4,0.2,41,1.8,1.2,1.4,-0.2,0.6,41,1.4,2.0,2.0,0.0,0.4,4,1.0,1.25,1.5,0.25,-0.8,0.0,-1.0,-1.0,0.40000000000000013,-0.8,0.6000000000000001,1,1,1,1,1,1.0,DRAW,1
2024-10-06 13:00:00+00:00,Aston Villa,Manchester United,0.0,0.0,82,10.0,2.0,2.0,1.6,0.4,3,1,1,0.6,0.2,0.2,82,4.0,0.8,0.8,1.6,-0.8,1,1,3,0.2,0.2,0.6,41,1.6,2.2,2.0,0.2,0.4,41,1.4,1.2,1.2,0.0,0.4,4,0.75,1.5,1.75,0.25,1.2,1.2,0.0,1.2000000000000002,0.20000000000000018,1.0000000000000002,-0.8,1,1,1,1,1,1.0,DRAW,1
2024-10-06 13:00:00+00:00,Chelsea,Nottingham Forest,1.0,1.0,82,13.0,2.6,3.0,1.0,2.0,4,1,0,0.8,0.2,0.0,82,8.0,1.6,1.0,0.8,0.2,2,2,1,0.4,0.4,0.2,41,2.0,2.4,1.2,1.2,0.6,41,2.6,1.8,0.8,1.0,0.8,4,1.25,1.5,1.5,0.25,1.0,2.0,-0.19999999999999996,1.8,-0.6000000000000001,0.5999999999999999,-0.3999999999999999,1,1,1,1,1,1.0,DRAW,1
2024-10-06 15:30:00+00:00,Brighton,Tottenham,3.0,2.0,82,6.0,1.2,1.4,1.6,-0.2,1,3,1,0.2,0.6,0.2,82,9.0,1.8,2.2,0.8,1.4,3,0,2,0.6,0.0,0.4,41,1.0,1.0,1.4,-0.4,0.2,41,1.4,2.0,1.4,0.6,0.4,4,0.75,1.5,1.75,0.25,-0.6000000000000001,-0.8000000000000003,-0.8,-1.5999999999999999,-0.3999999999999999,-1.0,0.0,1,1,1,1,1,1.0,HOME_WIN,0
2024-10-19 11:30:00+00:00,Tottenham,West Ham,4.0,1.0,83,6.0,1.2,1.8,1.4,0.4,2,0,3,0.4,0.0,0.6,83,5.0,1.0,1.4,1.8,-0.4,1,2,2,0.2,0.4,0.4,41,1.8,1.8,1.0,0.8,0.6,41,1.0,1.0,2.0,-1.0,0.2,4,1.25,1.25,1.0,0.25,0.19999999999999996,0.40000000000000013,0.40000000000000013,0.8,0.8,0.8,1.0,1,1,1,1,1,1.0,HOME_WIN,0
2024-10-19 14:00:00+00:00,Southampton,Leicester,2.0,3.0,45,1.0,0.2,0.8,2.6,-1.8,0,1,4,0.0,0.2,0.8,45,5.0,1.0,1.4,1.8,-0.4,1,2,2,0.2,0.4,0.4,22,0.4,1.0,2.2,-1.2,0.0,22,0.4,1.6,2.6,-1.0,0.0,2,3.0,1.5,0.5,1.0,-0.8,-0.5999999999999999,-0.8,-1.4,0.0,-0.6000000000000001,0.3999999999999999,1,1,1,1,1,1.0,AWAY_WIN,2
2024-10-19 14:00:00+00:00,Newcastle,Brighton,0.0,1.0,83,8.0,1.6,1.2,1.2,0.0,2,2,1,0.4,0.4,0.2,83,6.0,1.2,1.6,1.8,-0.2,1,3,1,0.2,0.6,0.2,41,2.2,2.0,0.8,1.2,0.6,41,1.0,1.4,1.8,-0.4,0.2,4,1.25,1.5,1.25,0.25,0.40000000000000013,-0.40000000000000013,0.6000000000000001,0.2,1.2000000000000002,0.6000000000000001,1.0,1,1,1,1,1,1.0,AWAY_WIN,2
2024-10-19 14:00:00+00:00,Fulham,Aston Villa,1.0,3.0,83,8.0,1.6,1.6,1.2,0.4,2,2,1,0.4,0.4,0.2,83,11.0,2.2,2.0,1.2,0.8,3,2,0,0.6,0.4,0.0,41,1.6,1.4,1.6,-0.2,0.4,41,1.4,1.2,2.0,-0.8,0.4,4,0.75,1.25,1.5,0.25,-0.6000000000000001,-0.3999999999999999,0.0,-0.4,0.20000000000000018,0.19999999999999996,0.3999999999999999,1,1,1,1,1,1.0,AWAY_WIN,2
2024-10-19 14:00:00+00:00,Ipswich,Everton,0.0,2.0,7,4.0,0.8,1.0,1.6,-0.6,0,4,1,0.0,0.8,0.2,83,5.0,1.0,1.4,1.6,-0.2,1,2,2,0.2,0.4,0.4,3,0.6666666666666666,1.0,1.6666666666666667,-0.6666666666666666,0.0,41,0.4,1.0,2.2,-1.2,0.0,0,0.0,0.0,0.0,0.0,-0.19999999999999996,-0.3999999999999999,0.0,-0.39999999999999997,0.2666666666666666,0.0,0.5333333333333334,1,1,1,1,0,0.8,AWAY_WIN,2
2024-10-19 14:00:00+00:00,Manchester United,Brentford,2.0,1.0,83,5.0,1.0,0.6,1.2,-0.6,1,2,2,0.2,0.4,0.4,83,7.0,1.4,2.2,2.0,0.2,2,1,2,0.4,0.2,0.4,41,1.2,0.8,1.8,-1.0,0.4,41,0.6,0.8,1.8,-1.0,0.2,4,1.75,1.0,1.5,0.5,-0.3999999999999999,-1.6,0.8,-0.8,0.6,0.0,0.0,1,1,1,1,1,1.0,HOME_WIN,0
2024-10-19 16:30:00+00:00,Bournemouth,Arsenal,2.0,0.0,83,6.0,1.2,1.2,1.6,-0.4,2,0,3,0.4,0.0,0.6,83,11.0,2.2,2.2,1.2,1.0,3,2,0,0.6,0.4,0.0,41,1.4,1.6,1.0,0.6,0.4,41,2.6,1.8,0.8,1.0,0.8,4,0.0,0.5,3.25,0.0,-1.0000000000000002,-1.0000000000000002,-0.40000000000000013,-1.4,-1.2000000000000002,-0.19999999999999996,-0.19999999999999996,1,1,1,1,1,1.0,HOME_WIN,0
2024-10-20 13:00:00+00:00,Wolves,Manchester City,1.0,2.0,83,1.0,0.2,1.4,2.6,-1.2,0,1,4,0.0,0.2,0.8,83,11.0,2.2,2.2,1.4,0.8,3,2,0,0.6,0.4,0.0,41,0.6,1.4,2.8,-1.4,0.2,41,2.6,2.4,0.4,2.0,0.8,4,0.75,0.75,3.0,0.25,-2.0,-0.8000000000000003,-1.2000000000000002,-2.0,-2.0,-1.0,-2.4,1,1,1,1,1,1.0,AWAY_WIN,2
2024-10-20 15:30:00+00:00,Liverpool,Chelsea,2.0,1.0,83,12.0,2.4,1.8,0.4,1.4,4,0,1,0.8,0.0,0.2,83,11.0,2.2,2.0,0.8,1.2,3,2,0,0.6,0.4,0.0,41,2.4,2.2,0.6,1.6,0.8,41,3.0,3.0,1.0,2.0,1.0,4,1.5,1.25,0.5,0.25,0.19999999999999973,-0.19999999999999996,0.4,0.19999999999999996,-0.6000000000000001,-0.7999999999999998,0.4,1,1,1,1,1,1.0,HOME_WIN,0
2024-10-21 19:00:00+00:00,Nottingham Forest,Crystal Palace,1.0,0.0,83,6.0,1.2,1.0,1.0,0.0,1,3,1,0.2,0.6,0.2,83,3.0,0.6,0.8,1.2,-0.4,0,3,2,0.0,0.6,0.4,41,0.4,0.8,1.6,-0.8,0.0,41,1.0,1.4,1.4,0.0,0.2,4,1.5,0.75,0.5,0.25,0.6,0.19999999999999996,0.19999999999999996,0.4,-0.6,-0.5999999999999999,-0.20000000000000018,1,1,1,1,1,1.0,HOME_WIN,0
2024-10-25 19:00:00+00:00,Leicester,Nottingham Forest,1.0,3.0,46,8.0,1.6,1.8,1.8,0.0,2,2,1,0.4,0.4,0.2,84,8.0,1.6,1.0,0.8,0.2,2,2,1,0.4,0.4,0.2,23,1.6,1.2,1.0,0.2,0.4,42,2.2,1.4,0.8,0.6,0.6,2,1.5,2.0,1.0,0.5,0.0,0.8,-1.0,-0.2,-0.6000000000000001,-0.19999999999999996,-0.19999999999999996,1,1,1,1,1,1.0,AWAY_WIN,2
2024-10-26 14:00:00+00:00,Manchester City,Southampton,1.0,0.0,84,11.0,2.2,2.0,1.4,0.6,3,2,0,0.6,0.4,0.0,46,1.0,0.2,1.0,2.6,-1.6,0,1,4,0.0,0.2,0.8,42,2.6,2.8,1.4,1.4,0.8,23,0.0,0.8,2.6,-1.8,0.0,2,3.0,4.0,0.5,1.0,2.0,1.0,1.2000000000000002,2.2,2.6,1.9999999999999998,1.2000000000000002,1,1,1,1,1,1.0,HOME_WIN,0
2024-10-26 14:00:00+00:00,Aston Villa,Bournemouth,1.0,1.0,84,11.0,2.2,2.2,1.2,1.0,3,2,0,0.6,0.4,0.0,84,6.0,1.2,1.0,1.2,-0.2,2,0,3,0.4,0.0,0.6,42,1.6,1.8,1.6,0.2,0.4,42,0.8,1.0,1.8,-0.8,0.2,4,1.75,2.0,1.25,0.5,1.0000000000000002,1.2000000000000002,0.0,1.2,0.8,0.8,0.19999999999999996,1,1,1,1,1,1.0,DRAW,1
2024-10-26 14:00:00+00:00,Brentford,Ipswich,4.0,3.0,84,4.0,0.8,1.8,2.2,-0.4,1,1,3,0.2,0.2,0.6,8,3.0,0.6,0.8,1.8,-1.0,0,3,2,0.0,0.6,0.4,42,2.0,2.6,2.0,0.6,0.6,4,0.5,0.75,2.25,-1.5,0.0,0,0.0,0.0,0.0,0.0,0.20000000000000007,1.0,-0.40000000000000013,0.6,1.5,1.85,0.25,1,1,1,1,0,0.8,HOME_WIN,0
2024-10-26 14:00:00+00:00,Brighton,Wolves,2.0,2.0,84,8.0,1.6,1.6,1.6,0.0,2,2,1,0.4,0.4,0.2,84,0.0,0.0,1.4,2.8,-1.4,0,0,5,0.0,0.0,1.0,42,1.6,1.4,1.4,0.0,0.4,42,0.2,1.0,2.6,-1.6,0.0,4,2.5,3.25,0.75,0.75,1.6,0.20000000000000018,1.1999999999999997,1.4,1.4000000000000001,0.3999999999999999,1.2000000000000002,1,1,1,1,1,1.0,DRAW,1
2024-10-26 16:30:00+00:00,Everton,Fulham,1.0,1.0,84,8.0,1.6,1.4,1.0,0.4,2,2,1,0.4,0.4,0.2,84,7.0,1.4,1.6,1.6,0.0,2,1,2,0.4,0.2,0.4,42,1.4,1.0,1.4,-0.4,0.4,42,1.4,1.6,1.4,0.2,0.4,4,0.5,0.25,1.0,0.0,0.20000000000000018,-0.20000000000000018,0.6000000000000001,0.4,0.0,-0.6000000000000001,0.0,1,1,1,1,1,1.0,DRAW,1
2024-10-27 13:00:00+00:00,Crystal Palace,Tottenham,1.0,0.0,84,2.0,0.4,0.6,1.2,-0.6,0,2,3,0.0,0.4,0.6,84,9.0,1.8,2.4,1.2,1.2,3,0,2,0.6,0.0,0.4,42,1.0,1.4,1.0,0.4,0.2,42,1.4,2.0,1.2,0.8,0.4,4,0.0,0.5,2.5,0.0,-1.4,-1.7999999999999998,0.0,-1.7999999999999998,-0.3999999999999999,-0.6000000000000001,0.19999999999999996,1,1,1,1,1,1.0,HOME_WIN,0
2024-10-27 13:00:00+00:00,Chelsea,Newcastle,2.0,1.0,84,10.0,2.0,2.0,1.0,1.0,3,1,1,0.6,0.2,0.2,84,5.0,1.0,0.8,1.2,-0.4,1,2,2,0.2,0.4,0.4,42,1.6,1.6,1.4,0.2,0.4,42,1.6,1.6,1.4,0.2,0.4,4,1.0,1.25,2.0,0.25,1.0,1.2,0.19999999999999996,1.4,0.0,0.0,0.0,1,1,1,1,1,1.0,HOME_WIN,0
2024-10-27 13:00:00+00:00,West Ham,Manchester United,2.0,1.0,84,5.0,1.0,1.4,2.0,-0.6,1,2,2,0.2,0.4,0.4,84,8.0,1.6,1.0,0.8,0.2,2,2,1,0.4,0.4,0.2,42,1.2,1.8,2.0,-0.2,0.4,42,1.6,1.2,0.4,0.8,0.4,4,1.5,0.75,1.0,0.5,-0.6000000000000001,0.3999999999999999,-1.2,-0.8,-0.40000000000000013,0.6000000000000001,-1.6,1,1,1,1,1,1.0,HOME_WIN,0
2024-10-27 15:30:00+00:00,Arsenal,Liverpool,2.0,2.0,84,10.0,2.0,2.0,1.4,0.6,3,1,1,0.6,0.2,0.2,84,12.0,2.4,1.6,0.6,1.0,4,0,1,0.8,0.0,0.2,42,2.6,2.4,1.0,1.4,0.8,42,2.6,2.2,0.8,1.4,0.8,4,2.0,2.25,1.5,0.5,-0.3999999999999999,0.3999999999999999,-0.7999999999999999,-0.4,0.0,0.19999999999999973,-0.19999999999999996,1,1,1,1,1,1.0,DRAW,1
2024-11-02 12:30:00+00:00,Newcastle,Arsenal,1.0,0.0,85,2.0,0.4,0.6,1.4,-0.8,0,2,3,0.0,0.4,0.6,85,8.0,1.6,2.2,1.8,0.4,2,2,1,0.4,0.4,0.2,42,1.6,1.0,0.8,0.2,0.4,42,2.0,1.2,0.8,0.4,0.6,4,1.0,0.5,1.5,0.25,-1.2000000000000002,-1.6,0.40000000000000013,-1.2000000000000002,-0.3999999999999999,-0.19999999999999996,0.0,1,1,1,1,1,1.0,HOME_WIN,0
2024-11-02 15:00:00+00:00,Southampton,Everton,1.0,0.0,47,1.0,0.2,1.0,2.2,-1.2,0,1,4,0.0,0.2,0.8,85,9.0,1.8,1.2,0.6,0.6,2,3,0,0.4,0.6,0.0,23,0.4,1.4,2.4,-1.0,0.0,42,0.8,1.2,2.0,-0.8,0.2,2,1.5,1.5,1.5,0.5,-1.6,-0.19999999999999996,-1.6,-1.7999999999999998,-0.4,0.19999999999999996,-0.3999999999999999,1,1,1,1,1,1.0,HOME_WIN,0
2024-11-02 15:00:00+00:00,Nottingham Forest,West Ham,3.0,0.0,85,8.0,1.6,1.4,1.0,0.4,2,2,1,0.4,0.4,0.2,85,7.0,1.4,1.6,2.0,-0.4,2,1,2,0.4,0.2,0.4,42,1.0,1.0,1.2,-0.2,0.2,42,1.0,1.2,1.8,-0.6,0.2,4,1.5,1.25,1.75,0.5,0.20000000000000018,-0.20000000000000018,1.0,0.8,0.0,-0.19999999999999996,0.6000000000000001,1,1,1,1,1,1.0,HOME_WIN,0
2024-11-02 15:00:00+00:00,Ipswich,Leicester,1.0,1.0,9,2.0,0.4,1.4,2.6,-1.2,0,2,3,0.0,0.4,0.6,47,7.0,1.4,1.6,2.0,-0.4,2,1,2,0.4,0.2,0.4,4,0.5,0.75,1.75,-1.0,0.0,23,1.0,1.6,2.0,-0.4,0.2,0,0.0,0.0,0.0,0.0,-0.9999999999999999,-0.20000000000000018,-0.6000000000000001,-0.7999999999999999,-0.5,-0.8500000000000001,0.25,1,1,1,1,0,0.8,DRAW,1
2024-11-02 15:00:00+00:00,Liverpool,Brighton,2.0,1.0,85,13.0,2.6,2.0,0.8,1.2,4,1,0,0.8,0.2,0.0,85,8.0,1.6,2.0,2.0,0.0,2,2,1,0.4,0.4,0.2,42,2.4,1.8,0.4,1.4,0.8,42,1.6,1.6,1.2,0.4,0.4,4,1.25,1.75,2.25,0.25,1.0,0.0,1.2,1.2,0.7999999999999998,0.19999999999999996,0.7999999999999999,1,1,1,1,1,1.0,HOME_WIN,0
2024-11-02 15:00:00+00:00,Bournemouth,Manchester City,2.0,1.0,85,7.0,1.4,1.2,1.2,0.0,2,1,2,0.4,0.2,0.4,85,11.0,2.2,1.8,1.2,0.6,3,2,0,0.6,0.4,0.0,42,1.4,1.4,1.0,0.4,0.4,42,2.6,2.0,0.6,1.4,0.8,4,0.0,0.5,3.75,0.0,-0.8000000000000003,-0.6000000000000001,0.0,-0.6,-1.2000000000000002,-0.6000000000000001,-0.4,1,1,1,1,1,1.0,HOME_WIN,0
2024-11-02 17:30:00+00:00,Wolves,Crystal Palace,2.0,2.0,85,1.0,0.2,1.6,2.8,-1.2,0,1,4,0.0,0.2,0.8,85,4.0,0.8,0.4,0.8,-0.4,1,1,3,0.2,0.2,0.6,42,0.0,1.2,3.0,-1.8,0.0,42,0.8,1.2,1.4,-0.2,0.2,4,0.75,1.5,2.0,0.25,-0.6000000000000001,1.2000000000000002,-1.9999999999999998,-0.7999999999999999,-0.8,0.0,-1.6,1,1,1,1,1,1.0,DRAW,1
2024-11-03 14:00:00+00:00,Tottenham,Aston Villa,4.0,1.0,85,9.0,1.8,2.4,1.2,1.2,3,0,2,0.6,0.0,0.4,85,9.0,1.8,1.8,1.0,0.8,2,3,0,0.4,0.6,0.0,42,1.8,2.2,1.0,1.2,0.6,42,2.0,1.8,2.0,-0.2,0.6,4,0.75,1.5,1.5,0.25,0.0,0.5999999999999999,-0.19999999999999996,0.3999999999999999,-0.19999999999999996,0.40000000000000013,1.0,1,1,1,1,1,1.0,HOME_WIN,0
2024-11-03 16:30:00+00:00,Manchester United,Chelsea,1.0,1.0,85,5.0,1.0,0.6,1.2,-0.6,1,2,2,0.2,0.4,0.4,85,10.0,2.0,2.2,1.2,1.0,3,1,1,0.6,0.2,0.2,42,1.8,1.2,1.8,-0.6,0.6,42,2.4,2.6,1.0,1.6,0.8,4,1.75,2.5,1.75,0.5,-1.0,-1.6,0.0,-1.6,-0.5999999999999999,-1.4000000000000001,-0.8,1,1,1,1,1,1.0,DRAW,1
2024-11-04 20:00:00+00:00,Fulham,Brentford,2.0,1.0,85,7.0,1.4,1.6,1.6,0.0,2,1,2,0.4,0.2,0.4,85,7.0,1.4,2.4,2.4,0.0,2,1,2,0.4,0.2,0.4,42,1.4,1.4,2.0,-0.6,0.4,42,0.6,1.0,2.0,-1.0,0.2,4,1.0,1.25,2.0,0.25,0.0,-0.7999999999999998,0.7999999999999998,0.0,0.7999999999999999,0.3999999999999999,0.0,1,1,1,1,1,1.0,HOME_WIN,0
2024-11-09 15:00:00+00:00,Brentford,Bournemouth,3.0,2.0,86,7.0,1.4,2.4,2.2,0.2,2,1,2,0.4,0.2,0.4,86,10.0,2.0,1.6,0.8,0.8,3,1,1,0.6,0.2,0.2,43,2.6,3.0,1.8,1.2,0.8,43,1.0,1.0,1.6,-0.6,0.2,4,2.0,1.5,0.75,0.5,-0.6000000000000001,0.7999999999999998,-1.4000000000000001,-0.6000000000000001,1.6,2.0,-0.19999999999999996,1,1,1,1,1,1.0,HOME_WIN,0
2024-11-09 15:00:00+00:00,Crystal Palace,Fulham,0.0,2.0,86,4.0,0.8,0.8,1.2,-0.4,1,1,3,0.2,0.2,0.6,86,7.0,1.4,1.4,1.6,-0.2,2,1,2,0.4,0.2,0.4,43,1.0,0.6,1.0,-0.4,0.2,43,1.0,1.0,1.2,-0.2,0.2,4,0.75,0.75,1.5,0.0,-0.5999999999999999,-0.5999999999999999,0.40000000000000013,-0.2,0.0,-0.4,0.19999999999999996,1,1,1,1,1,1.0,AWAY_WIN,2
2024-11-09 15:00:00+00:00,West Ham,Everton,0.0,0.0,86,7.0,1.4,1.6,2.0,-0.4,2,1,2,0.4,0.2,0.4,86,8.0,1.6,1.0,0.6,0.4,2,2,1,0.4,0.4,0.2,43,1.2,1.6,2.0,-0.4,0.4,43,0.8,1.0,1.8,-0.8,0.2,4,1.5,1.25,0.75,0.5,-0.20000000000000018,0.6000000000000001,-1.4,-0.8,0.3999999999999999,0.6000000000000001,-0.19999999999999996,1,1,1,1,1,1.0,DRAW,1
2024-11-09 15:00:00+00:00,Wolves,Southampton,2.0,0.0,86,2.0,0.4,1.8,2.6,-0.8,0,2,3,0.0,0.4,0.6,48,3.0,0.6,1.0,2.0,-1.0,1,0,4,0.2,0.0,0.8,43,0.2,1.4,2.8,-1.4,0.0,24,0.0,0.6,2.2,-1.6,0.0,2,3.0,1.5,0.5,1.0,-0.19999999999999996,0.8,-0.6000000000000001,0.19999999999999996,0.2,0.7999999999999999,-0.5999999999999996,1,1,1,1,1,1.0,HOME_WIN,0
2024-11-09 17:30:00+00:00,Brighton,Manchester City,2.0,1.0,86,7.0,1.4,1.8,2.0,-0.2,2,1,2,0.4,0.2,0.4,86,10.0,2.0,1.6,1.2,0.4,3,1,1,0.6,0.2,0.2,43,1.8,1.8,1.4,0.4,0.4,43,2.0,1.8,1.0,0.8,0.6,4,0.25,0.75,2.5,0.0,-0.6000000000000001,0.19999999999999996,-0.8,-0.6000000000000001,-0.19999999999999996,0.0,-0.3999999999999999,1,1,1,1,1,1.0,HOME_WIN,0
2024-11-09 20:00:00+00:00,Liverpool,Aston Villa,2.0,0.0,86,13.0,2.6,1.8,1.0,0.8,4,1,0,0.8,0.2,0.0,86,6.0,1.2,1.4,1.6,-0.2,1,3,1,0.2,0.6,0.2,43,2.4,1.8,0.6,1.2,0.8,43,2.0,2.0,1.8,0.2,0.6,4,2.0,2.5,1.25,0.5,1.4000000000000001,0.40000000000000013,0.6000000000000001,1.0,0.3999999999999999,-0.19999999999999996,1.2000000000000002,1,1,1,1,1,1.0,HOME_WIN,0
2024-11-10 14:00:00+00:00,Manchester United,Leicester,3.0,0.0,86,5.0,1.0,0.8,1.4,-0.6,1,2,2,0.2,0.4,0.4,48,7.0,1.4,1.6,2.0,-0.4,2,1,2,0.4,0.2,0.4,43,1.4,0.8,1.6,-0.8,0.4,24,1.0,1.8,2.2,-0.4,0.2,2,3.0,2.0,0.0,1.0,-0.3999999999999999,-0.8,0.6000000000000001,-0.19999999999999996,0.3999999999999999,-1.0,0.6000000000000001,1,1,1,1,1,1.0,HOME_WIN,0
2024-11-10 14:00:00+00:00,Nottingham Forest,Newcastle,1.0,3.0,86,10.0,2.0,1.6,0.6,1.0,3,1,1,0.6,0.2,0.2,86,5.0,1.0,0.6,0.8,-0.2,1,2,2,0.2,0.4,0.4,43,1.6,1.2,0.6,0.6,0.4,43,1.0,1.0,1.4,-0.4,0.2,4,0.75,1.5,2.0,0.25,1.0,1.0,0.20000000000000007,1.2,0.6000000000000001,0.19999999999999996,0.7999999999999999,1,1,1,1,1,1.0,AWAY_WIN,2
2024-11-10 14:00:00+00:00,Tottenham,Ipswich,1.0,2.0,86,9.0,1.8,2.6,1.2,1.4,3,0,2,0.6,0.0,0.4,10,2.0,0.4,1.4,2.6,-1.2,0,2,3,0.0,0.4,0.6,43,2.4,3.0,0.8,2.2,0.8,5,0.4,1.2,2.6,-1.4,0.0,0,0.0,0.0,0.0,0.0,1.4,1.2000000000000002,1.4000000000000001,2.5999999999999996,2.0,1.8,1.8,1,1,1,1,0,0.8,AWAY_WIN,2
2024-11-10 16:30:00+00:00,Chelsea,Arsenal,1.0,1.0,86,8.0,1.6,1.8,1.4,0.4,2,2,1,0.4,0.4,0.2,86,7.0,1.4,1.8,1.6,0.2,2,1,2,0.4,0.2,0.4,43,1.6,1.6,1.4,0.2,0.4,43,1.4,1.0,1.0,0.0,0.4,4,0.25,0.75,2.75,0.0,0.20000000000000018,0.0,0.20000000000000018,0.2,0.20000000000000018,0.6000000000000001,-0.3999999999999999,1,1,1,1,1,1.0,DRAW,1
2024-11-23 12:30:00+00:00,Leicester,Chelsea,1.0,2.0,49,7.0,1.4,1.2,1.8,-0.6,2,1,2,0.4,0.2,0.4,87,6.0,1.2,1.2,1.2,0.0,1,3,1,0.2,0.6,0.2,24,1.0,1.0,1.4,-0.4,0.2,43,2.0,2.4,1.0,1.4,0.6,2,0.0,1.0,2.5,0.0,0.19999999999999996,0.0,-0.6000000000000001,-0.6,-1.0,-1.4,-0.3999999999999999,1,1,1,1,1,1.0,AWAY_WIN,2
2024-11-23 15:00:00+00:00,Bournemouth,Brighton,1.0,2.0,87,7.0,1.4,1.4,1.2,0.2,2,1,2,0.4,0.2,0.4,87,10.0,2.0,1.8,1.4,0.4,3,1,1,0.6,0.2,0.2,43,2.0,1.6,0.8,0.8,0.6,43,1.4,1.6,1.4,0.2,0.4,4,0.75,1.0,1.5,0.25,-0.6000000000000001,-0.40000000000000013,0.19999999999999996,-0.2,0.6000000000000001,0.0,0.5999999999999999,1,1,1,1,1,1.0,AWAY_WIN,2
2024-11-23 15:00:00+00:00,Arsenal,Nottingham Forest,3.0,0.0,87,5.0,1.0,1.2,1.4,-0.2,1,2,2,0.2,0.4,0.4,87,10.0,2.0,1.8,1.0,0.8,3,1,1,0.6,0.2,0.2,43,2.2,2.4,1.2,1.2,0.6,43,2.2,1.6,0.8,0.8,0.6,4,2.25,2.25,0.75,0.75,-1.0,-0.6000000000000001,-0.3999999999999999,-1.0,0.0,0.7999999999999998,-0.3999999999999999,1,1,1,1,1,1.0,HOME_WIN,0
2024-11-23 15:00:00+00:00,Aston Villa,Crystal Palace,2.0,2.0,87,5.0,1.0,1.0,1.6,-0.6,1,2,2,0.2,0.4,0.4,87,4.0,0.8,0.6,1.2,-0.6,1,1,3,0.2,0.2,0.6,43,1.6,1.4,1.2,0.2,0.4,43,0.4,1.0,1.6,-0.6,0.0,4,1.5,1.25,2.25,0.5,0.19999999999999996,0.4,-0.40000000000000013,0.0,1.2000000000000002,0.3999999999999999,0.40000000000000013,1,1,1,1,1,1.0,DRAW,1
2024-11-23 15:00:00+00:00,Everton,Brentford,0.0,0.0,87,6.0,1.2,0.6,0.4,0.2,1,3,1,0.2,0.6,0.2,87,9.0,1.8,2.8,2.4,0.4,3,0,2,0.6,0.0,0.4,43,1.0,1.0,1.6,-0.6,0.2,43,0.0,0.8,2.2,-1.4,0.0,4,2.5,1.5,0.5,0.75,-0.6000000000000001,-2.1999999999999997,2.0,-0.2,1.0,0.19999999999999996,0.6000000000000001,1,1,1,1,1,1.0,DRAW,1
2024-11-23 15:00:00+00:00,Fulham,Wolves,1.0,4.0,87,7.0,1.4,1.6,1.6,0.0,2,1,2,0.4,0.2,0.4,87,5.0,1.0,2.0,2.2,-0.2,1,2,2,0.2,0.4,0.4,43,2.0,1.8,1.4,0.4,0.6,43,0.4,1.4,2.6,-1.2,0.0,4,1.25,1.25,1.25,0.25,0.3999999999999999,-0.3999999999999999,0.6000000000000001,0.2,1.6,0.40000000000000013,1.2000000000000002,1,1,1,1,1,1.0,AWAY_WIN,2
2024-11-23 17:30:00+00:00,Manchester City,Tottenham,0.0,4.0,87,9.0,1.8,1.6,1.4,0.2,3,0,2,0.6,0.0,0.4,87,6.0,1.2,2.2,1.6,0.6,2,0,3,0.4,0.0,0.6,43,2.6,2.4,1.2,1.2,0.8,43,0.8,1.4,1.4,0.0,0.2,4,1.75,2.25,1.5,0.5,0.6000000000000001,-0.6000000000000001,0.20000000000000018,-0.39999999999999997,1.8,1.0,0.19999999999999996,1,1,1,1,1,1.0,AWAY_WIN,2
2024-11-24 14:00:00+00:00,Southampton,Liverpool,2.0,3.0,49,3.0,0.6,0.8,1.8,-1.0,1,0,4,0.2,0.0,0.8,87,13.0,2.6,1.8,0.8,1.0,4,1,0,0.8,0.2,0.0,24,0.8,0.8,1.6,-0.8,0.2,43,2.6,2.0,0.6,1.4,0.8,2,0.5,2.5,3.5,0.0,-2.0,-1.0,-1.0,-2.0,-1.8,-1.2,-1.0,1,1,1,1,1,1.0,AWAY_WIN,2
2024-11-24 16:30:00+00:00,Ipswich,Manchester United,1.0,1.0,11,4.0,0.8,1.4,2.4,-1.0,1,1,3,0.2,0.2,0.6,87,8.0,1.6,1.4,0.8,0.6,2,2,1,0.4,0.4,0.2,5,0.6,0.8,1.6,-0.8,0.0,43,1.0,1.0,0.8,0.2,0.2,0,0.0,0.0,0.0,0.0,-0.8,0.0,-1.5999999999999999,-1.6,-0.4,-0.19999999999999996,-0.8,1,1,1,1,0,0.8,DRAW,1
2024-11-25 20:00:00+00:00,Newcastle,West Ham,0.0,2.0,87,7.0,1.4,1.0,0.8,0.2,2,1,2,0.4,0.2,0.4,87,7.0,1.4,1.4,1.8,-0.4,2,1,2,0.4,0.2,0.4,43,2.0,1.0,0.6,0.4,0.6,43,1.0,1.0,1.8,-0.8,0.2,4,2.0,3.0,1.75,0.5,0.0,-0.3999999999999999,1.0,0.6000000000000001,1.0,0.0,1.2000000000000002,1,1,1,1,1,1.0,AWAY_WIN,2
2024-11-29 20:00:00+00:00,Brighton,Southampton,1.0,1.0,88,10.0,2.0,1.6,1.2,0.4,3,1,1,0.6,0.2,0.2,50,3.0,0.6,1.0,1.8,-0.8,1,0,4,0.2,0.0,0.8,44,1.8,1.8,1.4,0.4,0.4,25,0.0,0.6,2.4,-1.8,0.0,2,3.0,3.0,1.0,1.0,1.4,0.6000000000000001,0.6000000000000001,1.2000000000000002,1.8,1.2000000000000002,1.0,1,1,1,1,1,1.0,DRAW,1
2024-11-30 15:00:00+00:00,Brentford,Leicester,4.0,1.0,88,7.0,1.4,1.8,1.8,0.0,2,1,2,0.4,0.2,0.4,50,4.0,0.8,1.2,2.2,-1.0,1,1,3,0.2,0.2,0.6,44,2.6,3.2,2.0,1.2,0.8,25,1.0,1.6,2.4,-0.8,0.2,2,1.0,1.5,1.5,0.0,0.5999999999999999,0.6000000000000001,0.40000000000000013,1.0,1.6,1.6,0.3999999999999999,1,1,1,1,1,1.0,HOME_WIN,0
2024-11-30 15:00:00+00:00,Crystal Palace,Newcastle,1.0,1.0,88,5.0,1.0,1.0,1.4,-0.4,1,2,2,0.2,0.4,0.4,88,6.0,1.2,1.0,1.2,-0.2,2,0,3,0.4,0.0,0.6,44,1.0,0.6,1.0,-0.4,0.2,44,1.4,1.4,1.4,0.0,0.4,4,1.25,0.5,1.0,0.25,-0.19999999999999996,0.0,-0.19999999999999996,-0.2,-0.3999999999999999,-0.7999999999999999,0.3999999999999999,1,1,1,1,1,1.0,DRAW,1
2024-11-30 15:00:00+00:00,Nottingham Forest,Ipswich,1.0,0.0,88,9.0,1.8,1.6,1.4,0.2,3,0,2,0.6,0.0,0.4,12,5.0,1.0,1.4,1.8,-0.4,1,2,2,0.2,0.4,0.4,44,1.4,1.2,1.0,0.2,0.4,6,1.0,1.4,2.0,-0.6,0.2,0,0.0,0.0,0.0,0.0,0.8,0.20000000000000018,0.40000000000000013,0.6000000000000001,0.3999999999999999,-0.19999999999999996,1.0,1,1,1,1,0,0.8,HOME_WIN,0
2024-11-30 15:00:00+00:00,Wolves,Bournemouth,2.0,4.0,88,8.0,1.6,2.2,1.4,0.8,2,2,1,0.4,0.4,0.2,88,7.0,1.4,1.6,1.4,0.2,2,1,2,0.4,0.2,0.4,44,0.8,1.4,1.6,-0.2,0.2,44,0.8,1.2,2.0,-0.8,0.2,4,1.0,0.5,0.75,0.25,0.20000000000000018,0.6000000000000001,0.0,0.6000000000000001,0.0,0.19999999999999996,0.3999999999999999,1,1,1,1,1,1.0,AWAY_WIN,2
2024-11-30 17:30:00+00:00,West Ham,Arsenal,2.0,5.0,88,7.0,1.4,1.0,1.6,-0.6,2,1,2,0.4,0.2,0.4,88,5.0,1.0,1.2,1.2,0.0,1,2,2,0.2,0.4,0.4,44,1.4,1.4,1.6,-0.2,0.4,44,1.0,0.8,1.2,-0.4,0.2,4,1.0,1.25,2.75,0.25,0.3999999999999999,-0.19999999999999996,-0.40000000000000013,-0.6,0.3999999999999999,0.5999999999999999,-0.40000000000000013,1,1,1,1,1,1.0,AWAY_WIN,2
2024-12-01 13:30:00+00:00,Tottenham,Fulham,1.0,1.0,88,9.0,1.8,2.6,1.0,1.6,3,0,2,0.6,0.0,0.4,88,7.0,1.4,1.4,1.8,-0.4,2,1,2,0.4,0.2,0.4,44,1.8,2.4,1.2,1.2,0.6,44,1.6,1.4,1.0,0.4,0.4,4,2.25,1.25,1.0,0.75,0.40000000000000013,1.2000000000000002,0.8,2.0,0.19999999999999996,1.0,-0.19999999999999996,1,1,1,1,1,1.0,DRAW,1
2024-12-01 13:30:00+00:00,Manchester United,Everton,4.0,0.0,88,8.0,1.6,1.6,1.0,0.6,2,2,1,0.4,0.4,0.2,88,6.0,1.2,0.6,0.4,0.2,1,3,1,0.2,0.6,0.2,44,1.4,1.2,1.6,-0.4,0.4,44,1.0,1.0,1.0,0.0,0.2,4,3.0,2.25,0.25,1.0,0.40000000000000013,1.0,-0.6,0.39999999999999997,0.3999999999999999,0.19999999999999996,-0.6000000000000001,1,1,1,1,1,1.0,HOME_WIN,0
2024-12-01 13:30:00+00:00,Chelsea,Aston Villa,3.0,0.0,88,8.0,1.6,1.4,1.2,0.2,2,2,1,0.4,0.4,0.2,88,5.0,1.0,1.4,2.0,-0.6,1,2,2,0.2,0.4,0.4,44,1.8,1.8,1.2,0.6,0.4,44,1.4,1.6,2.0,-0.4,0.4,4,1.0,1.0,1.25,0.25,0.6000000000000001,0.0,0.8,0.8,0.40000000000000013,0.19999999999999996,0.8,1,1,1,1,1,1.0,HOME_WIN,0
2024-12-01 16:00:00+00:00,Liverpool,Manchester City,2.0,0.0,88,13.0,2.6,2.2,1.2,1.0,4,1,0,0.8,0.2,0.0,88,6.0,1.2,1.0,1.8,-0.8,2,0,3,0.4,0.0,0.6,44,2.4,1.8,0.6,1.2,0.8,44,1.4,1.6,1.4,0.2,0.4,4,1.25,1.0,1.5,0.25,1.4000000000000001,1.2000000000000002,0.6000000000000001,1.8,1.0,0.19999999999999996,0.7999999999999999,1,1,1,1,1,1.0,HOME_WIN,0
2024-12-03 19:30:00+00:00,Ipswich,Crystal Palace,0.0,1.0,13,5.0,1.0,1.4,1.6,-0.2,1,2,2,0.2,0.4,0.4,89,6.0,1.2,1.2,1.4,-0.2,1,3,1,0.2,0.6,0.2,6,0.8,1.0,1.4,-0.4,0.0,44,0.6,1.2,1.6,-0.4,0.0,0,0.0,0.0,0.0,0.0,-0.19999999999999996,0.19999999999999996,-0.20000000000000018,0.0,0.20000000000000007,-0.19999999999999996,0.20000000000000018,1,1,1,1,0,0.8,AWAY_WIN,2
2024-12-03 20:15:00+00:00,Leicester,West Ham,3.0,1.0,51,1.0,0.2,0.8,2.6,-1.8,0,1,4,0.0,0.2,0.8,89,7.0,1.4,1.2,1.8,-0.6,2,1,2,0.4,0.2,0.4,25,0.8,1.0,1.6,-0.6,0.2,44,1.0,1.0,1.8,-0.8,0.2,2,3.0,2.0,0.5,1.0,-1.2,-0.3999999999999999,-0.8,-1.2000000000000002,-0.19999999999999996,0.0,0.19999999999999996,1,1,1,1,1,1.0,HOME_WIN,0
2024-12-04 19:30:00+00:00,Everton,Wolves,4.0,0.0,89,3.0,0.6,0.2,1.2,-1.0,0,3,2,0.0,0.6,0.4,89,8.0,1.6,2.4,1.8,0.6,2,2,1,0.4,0.4,0.2,44,1.2,1.0,1.0,0.0,0.2,44,1.0,2.2,2.4,-0.2,0.2,4,0.25,0.5,1.75,0.0,-1.0,-2.1999999999999997,0.6000000000000001,-1.6,0.19999999999999996,-1.2000000000000002,1.4,1,1,1,1,1,1.0,HOME_WIN,0
2024-12-04 19:30:00+00:00,Manchester City,Nottingham Forest,3.0,0.0,89,3.0,0.6,0.6,2.0,-1.4,1,0,4,0.2,0.0,0.8,89,9.0,1.8,1.6,1.4,0.2,3,0,2,0.6,0.0,0.4,44,2.0,1.6,1.8,-0.2,0.6,44,1.6,1.4,1.4,0.0,0.4,4,2.5,2.75,0.25,0.75,-1.2000000000000002,-1.0,-0.6000000000000001,-1.5999999999999999,0.3999999999999999,0.20000000000000018,-0.40000000000000013,1,1,1,1,1,1.0,HOME_WIN,0
2024-12-04 19:30:00+00:00,Newcastle,Liverpool,3.0,3.0,89,7.0,1.4,1.2,1.2,0.0,2,1,2,0.4,0.2,0.4,89,13.0,2.6,2.2,1.0,1.2,4,1,0,0.8,0.2,0.0,44,1.4,0.8,1.0,-0.2,0.4,44,2.6,2.2,1.0,1.2,0.8,4,0.0,1.0,2.5,0.0,-1.2000000000000002,-1.0000000000000002,-0.19999999999999996,-1.2,-1.2000000000000002,-1.4000000000000001,0.0,1,1,1,1,1,1.0,DRAW,1
2024-12-04 19:30:00+00:00,Southampton,Chelsea,1.0,5.0,51,4.0,0.8,0.8,1.4,-0.6,1,1,3,0.2,0.2,0.6,89,11.0,2.2,1.8,0.8,1.0,3,2,0,0.6,0.4,0.0,25,0.8,1.2,2.0,-0.8,0.2,44,2.0,1.6,0.8,0.8,0.6,2,3.0,1.5,0.5,1.0,-1.4000000000000001,-1.0,-0.5999999999999999,-1.6,-1.2,-0.40000000000000013,-1.2,1,1,1,1,1,1.0,AWAY_WIN,2
2024-12-04 20:15:00+00:00,Aston Villa,Brentford,3.0,1.0,89,2.0,0.4,0.8,2.4,-1.6,0,2,3,0.0,0.4,0.6,89,10.0,2.0,2.4,1.6,0.8,3,1,1,0.6,0.2,0.2,44,1.8,1.8,1.2,0.6,0.4,44,0.2,0.8,1.8,-1.0,0.0,4,2.0,2.5,1.25,0.5,-1.6,-1.5999999999999999,-0.7999999999999998,-2.4000000000000004,1.6,1.0,0.6000000000000001,1,1,1,1,1,1.0,HOME_WIN,0
2024-12-04 20:15:00+00:00,Arsenal,Manchester United,2.0,0.0,89,8.0,1.6,2.2,1.2,1.0,2,2,1,0.4,0.4,0.2,89,8.0,1.6,2.0,0.8,1.2,2,2,1,0.4,0.4,0.2,44,2.2,2.6,1.2,1.4,0.6,44,1.2,1.0,0.6,0.4,0.2,4,2.25,2.0,1.5,0.75,0.0,0.20000000000000018,-0.3999999999999999,-0.19999999999999996,1.0000000000000002,1.6,-0.6,1,1,1,1,1,1.0,HOME_WIN,0
2024-12-05 19:30:00+00:00,Fulham,Brighton,3.0,1.0,89,8.0,1.6,1.4,1.4,0.0,2,2,1,0.4,0.4,0.2,89,8.0,1.6,1.6,1.4,0.2,2,2,1,0.4,0.4,0.2,44,1.4,1.6,2.0,-0.4,0.4,44,1.4,1.4,1.6,-0.2,0.4,4,2.5,1.75,0.5,0.75,0.0,-0.20000000000000018,0.0,-0.2,0.0,0.20000000000000018,-0.3999999999999999,1,1,1,1,1,1.0,HOME_WIN,0
2024-12-05 20:15:00+00:00,Bournemouth,Tottenham,1.0,0.0,89,7.0,1.4,2.0,1.8,0.2,2,1,2,0.4,0.2,0.4,89,7.0,1.4,2.0,1.0,1.0,2,1,2,0.4,0.2,0.4,44,1.8,1.6,1.0,0.6,0.6,44,1.2,2.0,1.2,0.8,0.4,4,0.75,1.5,2.5,0.25,0.0,0.0,-0.8,-0.8,0.6000000000000001,-0.3999999999999999,0.19999999999999996,1,1,1,1,1,1.0,HOME_WIN,0
2024-12-07 15:00:00+00:00,Aston Villa,Southampton,1.0,0.0,90,4.0,0.8,1.2,2.4,-1.2,1,1,3,0.2,0.2,0.6,52,4.0,0.8,1.0,2.2,-1.2,1,1,3,0.2,0.2,0.6,45,1.8,1.8,1.0,0.8,0.4,26,0.2,0.6,2.0,-1.4,0.0,2,3.0,1.0,0.0,1.0,0.0,0.19999999999999996,-0.19999999999999973,0.0,1.6,1.2000000000000002,1.0,1,1,1,1,1,1.0,HOME_WIN,0
2024-12-07 15:00:00+00:00,Brentford,Newcastle,4.0,2.0,90,7.0,1.4,1.8,1.6,0.2,2,1,2,0.4,0.2,0.4,90,8.0,1.6,1.6,1.4,0.2,2,2,1,0.4,0.4,0.2,45,2.6,3.4,2.0,1.4,0.8,45,1.0,1.2,1.4,-0.2,0.2,4,0.0,1.0,3.0,0.0,-0.20000000000000018,0.19999999999999996,-0.20000000000000018,0.0,1.6,2.2,-0.6000000000000001,1,1,1,1,1,1.0,HOME_WIN,0
2024-12-07 15:00:00+00:00,Crystal Palace,Manchester City,2.0,2.0,90,6.0,1.2,1.2,1.4,-0.2,1,3,1,0.2,0.6,0.2,90,3.0,0.6,1.0,2.0,-1.0,1,0,4,0.2,0.0,0.8,45,1.0,0.4,0.8,-0.4,0.2,45,0.8,1.0,1.6,-0.6,0.2,4,0.25,1.5,2.75,0.0,0.6,0.19999999999999996,0.6000000000000001,0.8,0.19999999999999996,-0.6,0.8,1,1,1,1,1,1.0,DRAW,1
2024-12-07 17:30:00+00:00,Manchester United,Nottingham Forest,2.0,3.0,90,8.0,1.6,1.8,0.8,1.0,2,2,1,0.4,0.4,0.2,90,6.0,1.2,1.0,1.8,-0.8,2,0,3,0.4,0.0,0.6,45,2.0,2.0,1.0,1.0,0.6,45,1.0,1.2,2.0,-0.8,0.2,4,2.25,2.25,1.0,0.75,0.40000000000000013,0.8,1.0,1.8,1.0,0.8,1.0,1,1,1,1,1,1.0,AWAY_WIN,2
2024-12-08 14:00:00+00:00,Leicester,Brighton,2.0,2.0,52,4.0,0.8,1.2,2.2,-1.0,1,1,3,0.2,0.2,0.6,90,7.0,1.4,1.4,1.6,-0.2,2,1,2,0.4,0.2,0.4,26,1.4,1.4,1.4,0.0,0.4,45,1.2,1.4,2.0,-0.6,0.4,2,0.5,2.0,3.5,0.0,-0.5999999999999999,-0.19999999999999996,-0.6000000000000001,-0.8,0.19999999999999996,0.0,0.6000000000000001,1,1,1,1,1,1.0,DRAW,1
2024-12-08 14:00:00+00:00,Fulham,Arsenal,1.0,1.0,90,10.0,2.0,1.8,1.4,0.4,3,1,1,0.6,0.2,0.2,90,10.0,2.0,2.2,0.8,1.4,3,1,1,0.6,0.2,0.2,45,1.8,2.0,2.0,0.0,0.6,45,1.0,1.6,1.6,0.0,0.2,4,1.0,1.25,2.0,0.25,0.0,-0.40000000000000013,-0.5999999999999999,-0.9999999999999999,0.8,0.3999999999999999,-0.3999999999999999,1,1,1,1,1,1.0,DRAW,1
2024-12-08 14:00:00+00:00,Ipswich,Bournemouth,1.0,2.0,14,5.0,1.0,0.8,1.0,-0.2,1,2,2,0.2,0.4,0.4,90,9.0,1.8,2.0,1.6,0.4,3,0,2,0.6,0.0,0.4,7,0.6,0.8,1.4,-0.6,0.0,45,0.8,1.4,2.0,-0.6,0.2,0,0.0,0.0,0.0,0.0,-0.8,-1.2,0.6000000000000001,-0.6000000000000001,-0.20000000000000007,-0.5999999999999999,0.6000000000000001,1,1,1,1,0,0.8,AWAY_WIN,2
2024-12-08 16:30:00+00:00,Tottenham,Chelsea,3.0,4.0,90,7.0,1.4,2.0,1.0,1.0,2,1,2,0.4,0.2,0.4,90,11.0,2.2,2.4,0.8,1.6,3,2,0,0.6,0.4,0.0,45,2.0,2.6,1.2,1.4,0.6,45,2.0,2.4,1.0,1.4,0.6,4,1.0,1.25,2.0,0.25,-0.8000000000000003,-0.3999999999999999,-0.19999999999999996,-0.6000000000000001,0.0,0.20000000000000018,-0.19999999999999996,1,1,1,1,1,1.0,AWAY_WIN,2
2024-12-09 20:00:00+00:00,West Ham,Wolves,2.0,1.0,90,4.0,0.8,1.0,2.2,-1.2,1,1,3,0.2,0.2,0.6,90,7.0,1.4,2.0,2.2,-0.2,2,1,2,0.4,0.2,0.4,45,1.4,1.6,2.0,-0.4,0.4,45,0.8,2.0,3.0,-1.0,0.2,4,2.25,1.75,0.5,0.75,-0.5999999999999999,-1.0,0.0,-1.0,0.5999999999999999,-0.3999999999999999,1.0,1,1,1,1,1,1.0,HOME_WIN,0
2024-12-14 15:00:00+00:00,Arsenal,Everton,0.0,0.0,91,11.0,2.2,2.4,0.8,1.6,3,2,0,0.6,0.4,0.0,90,5.0,1.0,0.8,1.0,-0.2,1,2,2,0.2,0.4,0.4,45,2.6,2.8,1.0,1.8,0.8,45,1.0,0.6,1.2,-0.6,0.2,4,2.25,1.75,0.5,0.75,1.2000000000000002,1.5999999999999999,0.19999999999999996,1.8,1.6,2.1999999999999997,0.19999999999999996,1,1,1,1,1,1.0,DRAW,1
2024-12-14 15:00:00+00:00,Liverpool,Fulham,2.0,2.0,90,13.0,2.6,2.4,1.2,1.2,4,1,0,0.8,0.2,0.0,91,8.0,1.6,1.6,1.4,0.2,2,2,1,0.4,0.4,0.2,45,3.0,2.2,0.4,1.8,1.0,45,1.6,1.4,1.0,0.4,0.4,4,2.5,2.5,1.5,0.75,1.0,0.7999999999999998,0.19999999999999996,1.0,1.4,0.8000000000000003,0.6,1,1,1,1,1,1.0,DRAW,1
2024-12-14 15:00:00+00:00,Newcastle,Leicester,4.0,0.0,91,5.0,1.0,1.8,2.2,-0.4,1,2,2,0.2,0.4,0.4,53,4.0,0.8,1.4,2.4,-1.0,1,1,3,0.2,0.2,0.6,45,1.0,1.0,1.4,-0.4,0.2,26,0.8,1.4,2.8,-1.4,0.2,2,2.0,1.5,0.0,0.5,0.19999999999999996,0.40000000000000013,0.19999999999999973,0.6,0.19999999999999996,-0.3999999999999999,1.4,1,1,1,1,1,1.0,HOME_WIN,0
2024-12-14 15:00:00+00:00,Wolves,Ipswich,1.0,2.0,91,6.0,1.2,1.8,2.2,-0.4,2,0,3,0.4,0.0,0.6,15,4.0,0.8,0.8,1.2,-0.4,1,1,3,0.2,0.2,0.6,45,0.8,1.6,2.0,-0.4,0.2,7,0.8,1.4,2.2,-0.8,0.2,0,0.0,0.0,0.0,0.0,0.3999999999999999,1.0,-1.0000000000000002,0.0,0.0,0.20000000000000018,0.20000000000000018,1,1,1,1,0,0.8,AWAY_WIN,2
2024-12-14 17:30:00+00:00,Nottingham Forest,Aston Villa,2.0,1.0,91,6.0,1.2,1.0,2.2,-1.2,2,0,3,0.4,0.0,0.6,91,7.0,1.4,1.2,1.6,-0.4,2,1,2,0.4,0.2,0.4,45,1.8,1.2,0.8,0.4,0.6,45,0.8,1.2,2.4,-1.2,0.2,4,1.0,1.25,1.75,0.25,-0.19999999999999996,-0.19999999999999996,-0.6000000000000001,-0.7999999999999999,1.0,0.0,1.5999999999999999,1,1,1,1,1,1.0,HOME_WIN,0
2024-12-15 14:00:00+00:00,Brighton,Crystal Palace,1.0,3.0,91,8.0,1.6,1.6,1.6,0.0,2,2,1,0.4,0.4,0.2,91,6.0,1.2,1.2,1.4,-0.2,1,3,1,0.2,0.6,0.2,45,1.8,2.0,1.6,0.4,0.4,45,1.0,1.2,1.4,-0.2,0.2,4,2.0,1.75,0.75,0.5,0.40000000000000013,0.40000000000000013,-0.20000000000000018,0.2,0.8,0.8,-0.20000000000000018,1,1,1,1,1,1.0,AWAY_WIN,2
2024-12-15 16:30:00+00:00,Manchester City,Manchester United,1.0,2.0,91,4.0,0.8,1.2,2.0,-0.8,1,1,3,0.2,0.2,0.6,91,7.0,1.4,2.0,1.2,0.8,2,1,2,0.4,0.2,0.4,45,2.0,1.8,1.6,0.2,0.6,45,0.6,0.4,1.0,-0.6,0.0,4,2.25,3.25,1.5,0.75,-0.5999999999999999,-0.8,-0.8,-1.6,1.4,1.4,-0.6000000000000001,1,1,1,1,1,1.0,AWAY_WIN,2
2024-12-15 19:00:00+00:00,Chelsea,Brentford,2.0,1.0,91,13.0,2.6,3.0,1.2,1.8,4,1,0,0.8,0.2,0.0,91,10.0,2.0,2.4,1.6,0.8,3,1,1,0.6,0.2,0.2,45,2.2,2.2,1.0,1.2,0.6,45,0.2,0.8,2.0,-1.2,0.0,4,0.5,0.5,1.5,0.0,0.6000000000000001,0.6000000000000001,0.40000000000000013,1.0,2.0,1.4000000000000001,1.0,1,1,1,1,1,1.0,HOME_WIN,0
2024-12-15 19:00:00+00:00,Southampton,Tottenham,0.0,5.0,53,1.0,0.2,0.8,2.4,-1.6,0,1,4,0.0,0.2,0.8,91,4.0,0.8,1.8,1.6,0.2,1,1,3,0.2,0.2,0.6,26,0.8,1.4,2.4,-1.0,0.2,45,1.2,1.8,1.0,0.8,0.4,2,0.5,2.0,3.5,0.0,-0.6000000000000001,-1.0,-0.7999999999999998,-1.8,-0.3999999999999999,-0.40000000000000013,-1.4,1,1,1,1,1,1.0,AWAY_WIN,2
2024-12-16 20:00:00+00:00,Bournemouth,West Ham,1.0,1.0,91,9.0,1.8,2.0,1.6,0.4,3,0,2,0.6,0.0,0.4,91,7.0,1.4,1.4,1.8,-0.4,2,1,2,0.4,0.2,0.4,45,2.4,1.8,0.8,1.0,0.8,45,0.8,1.0,2.2,-1.2,0.2,4,0.5,0.5,2.0,0.0,0.40000000000000013,0.6000000000000001,0.19999999999999996,0.8,1.5999999999999999,0.8,1.4000000000000001,1,1,1,1,1,1.0,DRAW,1
2024-12-21 12:30:00+00:00,Aston Villa,Manchester City,2.0,1.0,92,7.0,1.4,1.4,1.6,-0.2,2,1,2,0.4,0.2,0.4,92,4.0,0.8,1.2,2.0,-0.8,1,1,3,0.2,0.2,0.6,46,1.8,1.4,0.8,0.6,0.4,46,0.8,1.2,1.8,-0.6,0.2,4,1.0,1.0,2.0,0.25,0.5999999999999999,0.19999999999999996,0.3999999999999999,0.6000000000000001,1.0,0.19999999999999996,1.0,1,1,1,1,1,1.0,HOME_WIN,0
2024-12-21 15:00:00+00:00,Ipswich,Newcastle,0.0,4.0,16,4.0,0.8,0.8,1.2,-0.4,1,1,3,0.2,0.2,0.6,92,5.0,1.0,2.0,2.0,0.0,1,2,2,0.2,0.4,0.4,8,0.4,0.6,1.4,-0.8,0.0,46,1.0,1.4,1.6,-0.2,0.2,0,0.0,0.0,0.0,0.0,-0.19999999999999996,-1.2,0.8,-0.4,-0.6,-0.7999999999999999,0.20000000000000018,1,1,1,1,0,0.8,AWAY_WIN,2
2024-12-21 15:00:00+00:00,West Ham,Brighton,1.0,1.0,92,7.0,1.4,1.6,2.0,-0.4,2,1,2,0.4,0.2,0.4,92,5.0,1.0,1.4,2.0,-0.6,1,2,2,0.2,0.4,0.4,46,2.0,2.0,1.6,0.4,0.6,46,1.4,1.4,1.6,-0.2,0.4,4,1.0,0.75,1.75,0.25,0.3999999999999999,0.20000000000000018,0.0,0.19999999999999996,0.6000000000000001,0.6000000000000001,0.0,1,1,1,1,1,1.0,DRAW,1
2024-12-21 15:00:00+00:00,Brentford,Nottingham Forest,0.0,2.0,92,7.0,1.4,2.0,1.6,0.4,2,1,2,0.4,0.2,0.4,92,9.0,1.8,1.2,1.8,-0.6,3,0,2,0.6,0.0,0.4,46,3.0,4.0,2.2,1.8,1.0,46,1.4,1.4,2.0,-0.6,0.4,4,2.0,2.0,1.5,0.5,-0.40000000000000013,0.8,0.19999999999999996,1.0,1.6,2.6,-0.20000000000000018,1,1,1,1,1,1.0,AWAY_WIN,2
2024-12-21 17:30:00+00:00,Crystal Palace,Arsenal,1.0,5.0,92,9.0,1.8,1.8,1.2,0.6,2,3,0,0.4,0.6,0.0,92,11.0,2.2,2.2,0.6,1.6,3,2,0,0.6,0.4,0.0,46,1.0,0.8,1.2,-0.4,0.2,46,1.0,1.4,1.4,0.0,0.2,4,0.0,0.25,3.0,0.0,-0.40000000000000013,-0.40000000000000013,-0.6,-1.0,0.0,-0.5999999999999999,0.19999999999999996,1,1,1,1,1,1.0,AWAY_WIN,2
2024-12-22 14:00:00+00:00,Everton,Chelsea,0.0,0.0,91,6.0,1.2,0.8,0.8,0.0,1,3,1,0.2,0.6,0.2,92,15.0,3.0,3.2,1.2,2.0,5,0,0,1.0,0.0,0.0,45,1.8,1.4,0.4,1.0,0.4,46,2.0,2.6,1.6,1.0,0.6,4,1.0,1.0,2.25,0.25,-1.8,-2.4000000000000004,0.3999999999999999,-2.0,-0.19999999999999996,-1.2000000000000002,1.2000000000000002,1,1,1,1,1,1.0,DRAW,1
2024-12-22 14:00:00+00:00,Fulham,Southampton,0.0,0.0,92,6.0,1.2,1.6,1.8,-0.2,1,3,1,0.2,0.6,0.2,54,1.0,0.2,0.8,3.0,-2.2,0,1,4,0.0,0.2,0.8,46,1.4,1.6,2.0,-0.4,0.4,27,0.2,0.4,1.6,-1.2,0.0,2,3.0,2.0,0.5,1.0,1.0,0.8,1.2,2.0,1.2,1.2000000000000002,-0.3999999999999999,1,1,1,1,1,1.0,DRAW,1
2024-12-22 14:00:00+00:00,Leicester,Wolves,0.0,3.0,54,4.0,0.8,1.4,2.6,-1.2,1,1,3,0.2,0.2,0.6,92,3.0,0.6,1.6,2.6,-1.0,1,0,4,0.2,0.0,0.8,27,1.4,1.6,1.6,0.0,0.4,46,0.8,2.0,2.8,-0.8,0.2,2,3.0,3.0,0.5,1.0,0.20000000000000007,-0.20000000000000018,0.0,-0.19999999999999996,0.5999999999999999,-0.3999999999999999,1.1999999999999997,1,1,1,1,1,1.0,AWAY_WIN,2
2024-12-22 14:00:00+00:00,Manchester United,Bournemouth,0.0,3.0,92,7.0,1.4,1.8,1.4,0.4,2,1,2,0.4,0.2,0.4,92,10.0,2.0,1.8,1.2,0.6,3,1,1,0.6,0.2,0.2,46,2.0,2.4,1.0,1.4,0.6,46,1.4,1.8,1.6,0.2,0.4,4,1.75,1.5,1.25,0.5,-0.6000000000000001,0.0,-0.19999999999999996,-0.19999999999999996,0.6000000000000001,0.5999999999999999,0.6000000000000001,1,1,1,1,1,1.0,AWAY_WIN,2
2024-12-22 16:30:00+00:00,Tottenham,Liverpool,3.0,6.0,92,7.0,1.4,2.6,1.2,1.4,2,1,2,0.4,0.2,0.4,91,11.0,2.2,2.4,1.4,1.0,3,2,0,0.6,0.4,0.0,46,1.4,2.6,1.8,0.8,0.4,45,2.2,2.2,1.6,0.6,0.6,4,0.75,2.0,2.75,0.25,-0.8000000000000003,0.20000000000000018,0.19999999999999996,0.3999999999999999,-0.8000000000000003,0.3999999999999999,-0.19999999999999996,1,1,1,1,1,1.0,AWAY_WIN,2
2024-12-26 12:30:00+00:00,Manchester City,Everton,1.0,1.0,93,4.0,0.8,1.4,1.6,-0.2,1,1,3,0.2,0.2,0.6,92,6.0,1.2,0.8,0.8,0.0,1,3,1,0.2,0.6,0.2,46,1.8,1.6,1.6,0.0,0.6,46,1.0,0.4,1.0,-0.6,0.2,4,2.5,2.25,0.5,0.75,-0.3999999999999999,0.5999999999999999,-0.8,-0.2,0.8,1.2000000000000002,-0.6000000000000001,1,1,1,1,1,1.0,DRAW,1
2024-12-26 15:00:00+00:00,Bournemouth,Crystal Palace,0.0,0.0,93,13.0,2.6,2.2,0.8,1.4,4,1,0,0.8,0.2,0.0,93,8.0,1.6,1.6,1.8,-0.2,2,2,1,0.4,0.4,0.2,46,2.0,1.4,0.8,0.6,0.6,46,1.6,1.6,1.2,0.4,0.4,4,1.5,0.75,1.0,0.5,1.0,0.6000000000000001,1.0,1.5999999999999999,0.3999999999999999,-0.20000000000000018,0.3999999999999999,1,1,1,1,1,1.0,DRAW,1
2024-12-26 15:00:00+00:00,Chelsea,Fulham,1.0,2.0,93,13.0,2.6,2.8,1.0,1.8,4,1,0,0.8,0.2,0.0,93,7.0,1.4,1.4,1.0,0.4,1,4,0,0.2,0.8,0.0,46,2.2,1.8,0.8,1.0,0.6,46,1.2,1.6,1.4,0.2,0.2,4,1.75,1.0,0.5,0.5,1.2000000000000002,1.4,0.0,1.4,1.0000000000000002,0.19999999999999996,0.5999999999999999,1,1,1,1,1,1.0,AWAY_WIN,2
2024-12-26 15:00:00+00:00,Newcastle,Aston Villa,3.0,0.0,93,8.0,1.6,2.8,1.6,1.2,2,2,1,0.4,0.4,0.2,93,9.0,1.8,1.4,1.4,0.0,3,0,2,0.6,0.0,0.4,46,1.4,1.6,1.2,0.4,0.4,46,0.6,1.0,2.4,-1.4,0.2,4,2.25,3.0,1.25,0.75,-0.19999999999999996,1.4,-0.20000000000000018,1.2,0.7999999999999999,0.6000000000000001,1.2,1,1,1,1,1,1.0,HOME_WIN,0
2024-12-26 15:00:00+00:00,Nottingham Forest,Tottenham,1.0,0.0,93,12.0,2.4,1.6,1.2,0.4,4,0,1,0.8,0.0,0.2,93,4.0,0.8,2.4,2.4,0.0,1,1,3,0.2,0.2,0.6,46,2.4,1.6,0.8,0.8,0.8,46,1.2,2.2,1.0,1.2,0.4,4,0.0,0.5,2.5,0.0,1.5999999999999999,-0.7999999999999998,1.2,0.4,1.2,-0.6000000000000001,0.19999999999999996,1,1,1,1,1,1.0,HOME_WIN,0
2024-12-26 15:00:00+00:00,Southampton,West Ham,0.0,1.0,55,2.0,0.4,0.4,2.4,-2.0,0,2,3,0.0,0.4,0.6,93,5.0,1.0,1.4,2.2,-0.8,1,2,2,0.2,0.4,0.4,27,0.6,1.2,3.2,-2.0,0.2,46,0.8,1.0,2.2,-1.2,0.2,2,0.5,0.5,1.0,0.0,-0.6,-0.9999999999999999,-0.19999999999999973,-1.2,-0.20000000000000007,0.19999999999999996,-1.0,1,1,1,1,1,1.0,AWAY_WIN,2
2024-12-26 17:30:00+00:00,Wolves,Manchester United,2.0,0.0,93,3.0,0.6,1.4,2.4,-1.0,1,0,4,0.2,0.0,0.8,93,6.0,1.2,1.6,1.8,-0.2,2,0,3,0.4,0.0,0.6,46,0.8,1.6,2.0,-0.4,0.2,46,1.0,0.8,1.2,-0.4,0.2,4,0.0,0.75,2.0,0.0,-0.6,-0.20000000000000018,-0.5999999999999999,-0.8,-0.19999999999999996,0.8,-0.8,1,1,1,1,1,1.0,HOME_WIN,0
2024-12-26 20:00:00+00:00,Liverpool,Leicester,3.0,1.0,92,11.0,2.2,3.2,2.0,1.2,3,2,0,0.6,0.4,0.0,55,4.0,0.8,1.2,2.8,-1.6,1,1,3,0.2,0.2,0.6,46,2.6,2.0,0.8,1.2,0.8,27,0.8,1.0,2.8,-1.8,0.2,2,3.0,2.5,0.5,1.0,1.4000000000000001,2.0,0.7999999999999998,2.8,1.8,1.0,1.9999999999999998,1,1,1,1,1,1.0,HOME_WIN,0
2024-12-27 19:30:00+00:00,Brighton,Brentford,0.0,0.0,93,3.0,0.6,1.2,2.0,-0.8,0,3,2,0.0,0.6,0.4,93,6.0,1.2,2.0,2.0,0.0,2,0,3,0.4,0.0,0.6,46,1.6,1.8,1.8,0.0,0.4,46,0.2,0.8,1.8,-1.0,0.0,4,1.25,1.25,1.5,0.25,-0.6,-0.8,0.0,-0.8,1.4000000000000001,1.0,0.0,1,1,1,1,1,1.0,DRAW,1
2024-12-27 20:15:00+00:00,Arsenal,Ipswich,1.0,0.0,93,11.0,2.2,2.6,0.8,1.8,3,2,0,0.6,0.4,0.0,17,3.0,0.6,0.6,1.8,-1.2,1,0,4,0.2,0.0,0.8,46,2.2,2.0,0.6,1.4,0.6,8,1.2,1.6,2.2,-0.6,0.4,0,0.0,0.0,0.0,0.0,1.6,2.0,1.0,3.0,1.0000000000000002,0.3999999999999999,1.6,1,1,1,1,0,0.8,HOME_WIN,0
2024-12-29 14:30:00+00:00,Leicester,Manchester City,0.0,2.0,56,4.0,0.8,1.2,2.6,-1.4,1,1,3,0.2,0.2,0.6,94,5.0,1.0,1.6,1.4,0.2,1,2,2,0.2,0.4,0.4,28,0.8,1.4,2.2,-0.8,0.2,47,0.2,1.0,2.0,-1.0,0.0,2,0.0,0.5,2.0,0.0,-0.19999999999999996,-0.40000000000000013,-1.2000000000000002,-1.5999999999999999,0.6000000000000001,0.3999999999999999,-0.20000000000000018,1,1,1,1,1,1.0,AWAY_WIN,2
2024-12-29 15:00:00+00:00,Crystal Palace,Southampton,2.0,1.0,94,8.0,1.6,1.4,1.6,-0.2,2,2,1,0.4,0.4,0.2,56,1.0,0.2,0.2,2.4,-2.2,0,1,4,0.0,0.2,0.8,47,1.0,1.0,2.0,-1.0,0.2,28,0.4,0.2,1.0,-0.8,0.0,2,3.0,1.5,0.0,1.0,1.4000000000000001,1.2,0.7999999999999998,2.0,0.6,0.8,-1.0,1,1,1,1,1,1.0,HOME_WIN,0
2024-12-29 15:00:00+00:00,Everton,Nottingham Forest,0.0,2.0,93,6.0,1.2,1.0,1.0,0.0,1,3,1,0.2,0.6,0.2,94,12.0,2.4,1.6,1.2,0.4,4,0,1,0.8,0.0,0.2,46,1.4,1.0,0.2,0.8,0.2,47,1.8,1.6,1.8,-0.2,0.6,4,2.0,1.5,0.75,0.5,-1.2,-0.6000000000000001,0.19999999999999996,-0.4,-0.40000000000000013,-0.6000000000000001,1.6,1,1,1,1,1,1.0,AWAY_WIN,2
2024-12-29 15:00:00+00:00,Fulham,Bournemouth,2.0,2.0,94,9.0,1.8,1.6,1.0,0.6,2,3,0,0.4,0.6,0.0,94,11.0,2.2,1.4,0.4,1.0,3,2,0,0.6,0.4,0.0,47,1.6,1.4,1.4,0.0,0.4,47,2.0,2.4,1.4,1.0,0.6,4,1.0,1.5,2.0,0.25,-0.40000000000000013,0.20000000000000018,-0.6,-0.4,-0.3999999999999999,-1.0,0.0,1,1,1,1,1,1.0,DRAW,1
2024-12-29 15:00:00+00:00,Tottenham,Wolves,2.0,2.0,94,3.0,0.6,2.2,2.4,-0.2,1,0,4,0.2,0.0,0.8,94,6.0,1.2,1.4,1.6,-0.2,2,0,3,0.4,0.0,0.6,47,0.8,2.4,2.8,-0.4,0.2,47,1.4,2.0,1.8,0.2,0.4,4,0.75,0.75,1.25,0.25,-0.6,0.8000000000000003,-0.7999999999999998,0.0,-0.5999999999999999,0.3999999999999999,-0.9999999999999998,1,1,1,1,1,1.0,DRAW,1
2024-12-29 17:15:00+00:00,West Ham,Liverpool,0.0,5.0,94,8.0,1.6,1.2,1.2,0.0,2,2,1,0.4,0.4,0.2,93,11.0,2.2,3.2,1.8,1.4,3,2,0,0.6,0.4,0.0,47,1.6,1.4,1.6,-0.2,0.4,46,2.2,3.0,2.0,1.0,0.6,4,0.25,1.0,2.0,0.0,-0.6000000000000001,-2.0,0.6000000000000001,-1.4,-0.6000000000000001,-1.6,0.3999999999999999,1,1,1,1,1,1.0,AWAY_WIN,2
2024-12-30 19:45:00+00:00,Aston Villa,Brighton,2.0,2.0,94,9.0,1.8,1.4,1.4,0.0,3,0,2,0.6,0.0,0.4,94,3.0,0.6,1.0,1.8,-0.8,0,3,2,0.0,0.6,0.4,47,2.2,1.8,1.0,0.8,0.6,47,1.0,1.4,1.8,-0.4,0.2,4,2.25,2.5,1.0,0.75,1.2000000000000002,0.3999999999999999,0.40000000000000013,0.8,1.2000000000000002,0.40000000000000013,0.8,1,1,1,1,1,1.0,DRAW,1
2024-12-30 19:45:00+00:00,Ipswich,Chelsea,2.0,0.0,18,3.0,0.6,0.6,1.8,-1.2,1,0,4,0.2,0.0,0.8,94,10.0,2.0,2.4,1.4,1.0,3,1,1,0.6,0.2,0.2,9,0.4,0.6,1.8,-1.2,0.0,47,2.2,2.4,1.2,1.2,0.6,0,0.0,0.0,0.0,0.0,-1.4,-1.7999999999999998,-0.40000000000000013,-2.2,-1.8000000000000003,-1.7999999999999998,-0.6000000000000001,1,1,1,1,0,0.8,HOME_WIN,0
2024-12-30 20:00:00+00:00,Manchester United,Newcastle,0.0,2.0,94,3.0,0.6,0.8,2.2,-1.4,1,0,4,0.2,0.0,0.8,94,10.0,2.0,3.2,1.4,1.8,3,1,1,0.6,0.2,0.2,47,1.4,2.0,1.4,0.6,0.4,47,1.4,2.2,1.6,0.6,0.4,4,1.0,0.75,1.25,0.25,-1.4,-2.4000000000000004,-0.8000000000000003,-3.2,0.0,-0.20000000000000018,0.20000000000000018,1,1,1,1,1,1.0,AWAY_WIN,2
2025-01-01 17:30:00+00:00,Brentford,Arsenal,1.0,3.0,94,4.0,0.8,1.2,1.8,-0.6,1,1,3,0.2,0.2,0.6,94,11.0,2.2,1.8,0.4,1.4,3,2,0,0.6,0.4,0.0,47,2.4,3.0,2.0,1.0,0.8,47,1.6,2.4,1.2,1.2,0.4,4,0.25,0.5,1.75,0.0,-1.4000000000000001,-0.6000000000000001,-1.4,-2.0,0.7999999999999998,0.6000000000000001,-0.8,1,1,1,1,1,1.0,AWAY_WIN,2
2025-01-04 12:30:00+00:00,Tottenham,Newcastle,1.0,2.0,95,4.0,0.8,2.6,2.6,0.0,1,1,3,0.2,0.2,0.6,95,12.0,2.4,3.0,0.8,2.2,4,0,1,0.8,0.0,0.2,48,0.4,2.0,3.0,-1.0,0.0,48,2.0,2.4,1.2,1.2,0.6,5,0.6,1.4,3.0,0.2,-1.5999999999999999,-0.3999999999999999,-1.8,-2.2,-1.6,-0.3999999999999999,-1.8,1,1,1,1,1,1.0,AWAY_WIN,2
2025-01-04 15:00:00+00:00,Bournemouth,Everton,1.0,0.0,95,9.0,1.8,1.6,0.8,0.8,2,3,0,0.4,0.6,0.0,94,6.0,1.2,1.0,0.6,0.4,1,3,1,0.2,0.6,0.2,47,1.6,1.0,0.8,0.2,0.4,47,0.6,0.2,1.2,-1.0,0.0,5,1.8,1.6,1.4,0.6,0.6000000000000001,0.6000000000000001,-0.20000000000000007,0.4,1.0,0.8,0.3999999999999999,1,1,1,1,1,1.0,HOME_WIN,0
2025-01-04 15:00:00+00:00,Aston Villa,Leicester,2.0,1.0,95,7.0,1.4,1.2,1.6,-0.4,2,1,2,0.4,0.2,0.4,57,1.0,0.2,0.6,2.8,-2.2,0,1,4,0.0,0.2,0.8,48,2.2,2.0,1.2,0.8,0.6,28,0.2,0.6,3.0,-2.4,0.0,3,2.0,2.0,2.0,0.6666666666666666,1.2,0.6,1.1999999999999997,1.8000000000000003,2.0,1.4,1.8,1,1,1,1,1,1.0,HOME_WIN,0
2025-01-04 15:00:00+00:00,Crystal Palace,Chelsea,1.0,1.0,95,8.0,1.6,1.6,1.8,-0.2,2,2,1,0.4,0.4,0.2,95,7.0,1.4,1.4,1.6,-0.2,2,1,2,0.4,0.2,0.4,48,1.0,1.2,2.2,-1.0,0.2,48,2.0,2.2,1.4,0.8,0.6,5,0.2,0.8,1.8,0.0,0.20000000000000018,0.20000000000000018,-0.19999999999999996,0.0,-1.0,-1.0000000000000002,-0.8000000000000003,1,1,1,1,1,1.0,DRAW,1
2025-01-04 15:00:00+00:00,Manchester City,West Ham,4.0,1.0,95,5.0,1.0,1.4,1.4,0.0,1,2,2,0.2,0.4,0.4,95,8.0,1.6,1.0,1.6,-0.6,2,2,1,0.4,0.4,0.2,47,1.4,1.2,1.4,-0.2,0.4,47,1.4,1.0,1.4,-0.4,0.4,5,3.0,2.8,0.6,1.0,-0.6000000000000001,0.3999999999999999,0.20000000000000018,0.6,0.0,0.19999999999999996,0.0,1,1,1,1,1,1.0,HOME_WIN,0
2025-01-04 15:00:00+00:00,Southampton,Brentford,0.0,5.0,57,1.0,0.2,0.2,1.8,-1.6,0,1,4,0.0,0.2,0.8,95,4.0,0.8,1.2,1.8,-0.6,1,1,3,0.2,0.2,0.6,28,0.6,0.8,2.8,-2.0,0.2,47,0.4,0.6,1.4,-0.8,0.0,3,0.0,0.3333333333333333,2.6666666666666665,0.0,-0.6000000000000001,-1.0,0.0,-1.0,0.19999999999999996,0.20000000000000007,-1.4,1,1,1,1,1,1.0,AWAY_WIN,2
2025-01-04 17:30:00+00:00,Brighton,Arsenal,1.0,1.0,95,4.0,0.8,1.2,1.6,-0.4,0,4,1,0.0,0.8,0.2,95,11.0,2.2,2.0,0.6,1.4,3,2,0,0.6,0.4,0.0,47,1.2,1.2,1.4,-0.2,0.2,48,2.2,3.0,1.2,1.8,0.6,5,0.8,1.2,2.0,0.2,-1.4000000000000001,-0.8,-1.0,-1.7999999999999998,-1.0000000000000002,-1.8,-0.19999999999999996,1,1,1,1,1,1.0,DRAW,1
2025-01-05 14:00:00+00:00,Fulham,Ipswich,2.0,2.0,95,7.0,1.4,1.4,1.2,0.2,1,4,0,0.2,0.8,0.0,19,6.0,1.2,1.0,1.6,-0.6,2,0,3,0.4,0.0,0.6,48,1.2,1.4,1.6,-0.2,0.2,9,1.2,1.4,1.6,-0.2,0.4,1,1.0,1.0,1.0,0.0,0.19999999999999996,0.3999999999999999,0.40000000000000013,0.8,0.0,0.0,0.0,1,1,1,1,1,1.0,DRAW,1
2025-01-05 16:30:00+00:00,Liverpool,Manchester United,2.0,2.0,94,11.0,2.2,3.8,1.8,2.0,3,2,0,0.6,0.4,0.0,95,3.0,0.6,0.8,2.2,-1.4,1,0,4,0.2,0.0,0.8,47,2.6,2.2,0.8,1.4,0.8,47,0.8,0.8,1.6,-0.8,0.2,5,1.6,2.6,0.8,0.4,1.6,3.0,0.40000000000000013,3.4,1.8,1.4000000000000001,0.8,1,1,1,1,1,1.0,DRAW,1
2025-01-06 20:00:00+00:00,Wolves,Nottingham Forest,0.0,3.0,95,7.0,1.4,1.8,1.2,0.6,2,1,2,0.4,0.2,0.4,95,15.0,3.0,2.0,0.6,1.4,5,0,0,1.0,0.0,0.0,47,1.4,1.8,1.6,0.2,0.4,48,1.8,1.4,1.6,-0.2,0.6,5,1.4,1.2,1.0,0.2,-1.6,-0.19999999999999996,-0.6,-0.7999999999999999,-0.40000000000000013,0.40000000000000013,0.0,1,1,1,1,1,1.0,AWAY_WIN,2
2025-01-14 19:30:00+00:00,Brentford,Manchester City,2.0,2.0,96,4.0,0.8,1.4,1.4,0.0,1,1,3,0.2,0.2,0.6,96,7.0,1.4,1.8,1.2,0.6,2,1,2,0.4,0.2,0.4,48,1.8,2.4,2.0,0.4,0.6,48,0.8,1.2,1.6,-0.4,0.2,5,1.2,1.0,1.4,0.4,-0.5999999999999999,-0.40000000000000013,-0.19999999999999996,-0.6,1.0,1.2,-0.3999999999999999,1,1,1,1,1,1.0,DRAW,1
2025-01-14 19:30:00+00:00,West Ham,Fulham,3.0,2.0,96,5.0,1.0,0.8,2.2,-1.4,1,2,2,0.2,0.4,0.4,96,7.0,1.4,1.6,1.4,0.2,1,4,0,0.2,0.8,0.0,48,1.0,1.0,2.4,-1.4,0.2,47,1.8,1.6,1.0,0.6,0.4,5,1.4,1.0,1.8,0.4,-0.3999999999999999,-0.8,-0.8000000000000003,-1.5999999999999999,-0.8,-0.6000000000000001,-1.4,1,1,1,1,1,1.0,HOME_WIN,0
2025-01-14 19:30:00+00:00,Chelsea,Bournemouth,2.0,2.0,96,5.0,1.0,0.8,1.2,-0.4,1,2,2,0.2,0.4,0.4,96,9.0,1.8,1.4,0.6,0.8,2,3,0,0.4,0.6,0.0,47,2.0,1.8,1.0,0.8,0.6,48,2.0,2.6,1.6,1.0,0.6,5,2.6,1.6,0.4,0.8,-0.8,-0.5999999999999999,-0.6,-1.2000000000000002,0.0,-0.8,0.6000000000000001,1,1,1,1,1,1.0,DRAW,1
2025-01-14 20:00:00+00:00,Nottingham Forest,Liverpool,1.0,1.0,96,15.0,3.0,2.0,0.2,1.8,5,0,0,1.0,0.0,0.0,95,11.0,2.2,3.6,1.6,2.0,3,2,0,0.6,0.4,0.0,47,2.4,1.6,0.8,0.8,0.8,47,2.2,3.8,2.0,1.8,0.6,5,1.2,0.8,1.4,0.4,0.7999999999999998,-1.6,1.4000000000000001,-0.19999999999999996,0.19999999999999973,-2.1999999999999997,1.2,1,1,1,1,1,1.0,DRAW,1
2025-01-15 19:30:00+00:00,Everton,Aston Villa,0.0,1.0,95,3.0,0.6,0.2,0.8,-0.6,0,3,2,0.0,0.6,0.4,96,7.0,1.4,1.4,1.8,-0.4,2,1,2,0.4,0.2,0.4,47,1.2,1.0,0.6,0.4,0.2,47,0.0,0.4,2.8,-2.4,0.0,5,0.2,0.6,2.2,0.0,-0.7999999999999999,-1.2,1.0,-0.19999999999999996,1.2,0.6,2.1999999999999997,1,1,1,1,1,1.0,AWAY_WIN,2
2025-01-15 19:30:00+00:00,Leicester,Crystal Palace,0.0,2.0,58,0.0,0.0,0.4,2.8,-2.4,0,0,5,0.0,0.0,1.0,96,8.0,1.6,1.4,1.6,-0.2,2,2,1,0.4,0.4,0.2,29,0.8,1.2,2.0,-0.8,0.2,47,1.8,1.6,1.0,0.6,0.4,3,0.6666666666666666,1.0,1.3333333333333333,0.0,-1.6,-0.9999999999999999,-1.1999999999999997,-2.1999999999999997,-1.0,-0.40000000000000013,-1.0,1,1,1,1,1,1.0,AWAY_WIN,2
2025-01-15 19:30:00+00:00,Newcastle,Wolves,3.0,0.0,96,15.0,3.0,3.0,0.2,2.8,5,0,0,1.0,0.0,0.0,96,7.0,1.4,1.6,1.4,0.2,2,1,2,0.4,0.2,0.4,47,2.0,2.2,1.0,1.2,0.6,48,1.4,2.0,1.8,0.2,0.4,5,2.2,2.0,1.0,0.6,1.6,1.4,1.2,2.5999999999999996,0.6000000000000001,0.20000000000000018,0.8,1,1,1,1,1,1.0,HOME_WIN,0
2025-01-15 20:00:00+00:00,Arsenal,Tottenham,2.0,1.0,96,11.0,2.2,2.0,0.6,1.4,3,2,0,0.6,0.4,0.0,96,4.0,0.8,2.2,2.2,0.0,1,1,3,0.2,0.2,0.6,47,2.2,1.6,0.4,1.2,0.6,47,1.2,1.8,0.6,1.2,0.4,5,2.6,2.2,1.0,0.8,1.4000000000000001,-0.20000000000000018,1.6,1.4,1.0000000000000002,-0.19999999999999996,0.19999999999999996,1,1,1,1,1,1.0,HOME_WIN,0
2025-01-16 19:30:00+00:00,Ipswich,Brighton,0.0,2.0,20,7.0,1.4,1.2,1.6,-0.4,2,1,2,0.4,0.2,0.4,96,4.0,0.8,1.0,1.4,-0.4,0,4,1,0.0,0.8,0.2,10,0.8,0.8,1.6,-0.8,0.2,48,1.2,1.6,1.8,-0.2,0.2,1,1.0,0.0,0.0,0.0,0.5999999999999999,0.19999999999999996,-0.20000000000000018,0.0,-0.3999999999999999,-0.8,0.19999999999999996,1,1,1,1,1,1.0,AWAY_WIN,2
2025-01-16 20:00:00+00:00,Manchester United,Southampton,3.0,1.0,96,4.0,0.8,0.8,2.0,-1.2,1,1,3,0.2,0.2,0.6,58,1.0,0.2,0.2,2.6,-2.4,0,1,4,0.0,0.2,0.8,48,1.2,1.8,1.6,0.2,0.4,29,0.4,0.4,1.2,-0.8,0.0,3,2.3333333333333335,1.3333333333333333,0.0,0.6666666666666666,0.6000000000000001,0.6000000000000001,0.6000000000000001,1.2,0.7999999999999999,1.4,-0.40000000000000013,1,1,1,1,1,1.0,HOME_WIN,0
2025-01-18 12:30:00+00:00,Newcastle,Bournemouth,1.0,4.0,97,15.0,3.0,2.8,0.2,2.6,5,0,0,1.0,0.0,0.0,97,9.0,1.8,1.6,0.8,0.8,2,3,0,0.4,0.6,0.0,48,2.0,2.6,1.0,1.6,0.6,49,2.2,2.6,1.4,1.2,0.6,5,0.8,1.0,1.4,0.0,1.2,1.1999999999999997,0.6000000000000001,1.8,-0.20000000000000018,0.0,0.3999999999999999,1,1,1,1,1,1.0,AWAY_WIN,2
2025-01-18 15:00:00+00:00,Leicester,Fulham,0.0,2.0,59,0.0,0.0,0.4,2.4,-2.0,0,0,5,0.0,0.0,1.0,97,6.0,1.2,1.6,1.6,0.0,1,3,1,0.2,0.6,0.2,30,0.8,1.0,2.0,-1.0,0.2,48,1.6,1.8,1.4,0.4,0.4,3,0.0,1.3333333333333333,2.6666666666666665,0.0,-1.2,-1.2000000000000002,-0.7999999999999998,-2.0,-0.8,-0.8,-0.6000000000000001,1,1,1,1,1,1.0,AWAY_WIN,2
2025-01-18 15:00:00+00:00,West Ham,Crystal Palace,0.0,2.0,97,7.0,1.4,1.2,2.4,-1.2,2,1,2,0.4,0.2,0.4,97,8.0,1.6,1.2,1.4,-0.2,2,2,1,0.4,0.4,0.2,49,1.4,1.6,2.8,-1.2,0.4,48,2.2,1.6,0.6,1.0,0.6,5,0.8,1.8,2.4,0.2,-0.20000000000000018,0.0,-1.0,-1.0,-0.8000000000000003,0.0,-2.1999999999999997,1,1,1,1,1,1.0,AWAY_WIN,2
2025-01-18 15:00:00+00:00,Brentford,Liverpool,0.0,2.0,97,5.0,1.0,1.6,1.4,0.2,1,2,2,0.2,0.4,0.4,96,11.0,2.2,3.4,1.4,2.0,3,2,0,0.6,0.4,0.0,49,1.4,2.2,2.0,0.2,0.4,48,2.2,3.6,1.8,1.8,0.6,5,0.6,0.8,2.2,0.2,-1.2000000000000002,-1.7999999999999998,0.0,-1.8,-0.8000000000000003,-1.4,-0.19999999999999996,1,1,1,1,1,1.0,AWAY_WIN,2
2025-01-18 17:30:00+00:00,Arsenal,Aston Villa,2.0,2.0,97,13.0,2.6,2.4,0.8,1.6,4,1,0,0.8,0.2,0.0,97,10.0,2.0,1.4,1.4,0.0,3,1,1,0.6,0.2,0.2,48,2.6,1.6,0.2,1.4,0.8,48,0.6,0.4,2.0,-1.6,0.2,5,1.8,1.6,1.2,0.6,0.6000000000000001,1.0,0.5999999999999999,1.6,2.0,1.2000000000000002,1.8,1,1,1,1,1,1.0,DRAW,1
2025-01-19 14:00:00+00:00,Everton,Tottenham,3.0,2.0,96,2.0,0.4,0.2,1.0,-0.8,0,2,3,0.0,0.4,0.6,97,1.0,0.2,1.4,2.6,-1.2,0,1,4,0.0,0.2,0.8,48,1.0,0.8,0.6,0.2,0.2,48,1.2,2.0,0.8,1.2,0.4,5,0.4,0.8,2.2,0.0,0.2,-1.2,1.6,0.3999999999999999,-0.19999999999999996,-1.2,0.20000000000000007,1,1,1,1,1,1.0,HOME_WIN,0
2025-01-19 14:00:00+00:00,Manchester United,Brighton,1.0,3.0,97,4.0,0.8,1.0,2.0,-1.0,1,1,3,0.2,0.2,0.6,97,7.0,1.4,1.2,0.8,0.4,1,4,0,0.2,0.8,0.0,49,1.2,1.8,1.8,0.0,0.4,49,1.2,1.6,1.6,0.0,0.2,5,0.6,1.0,1.6,0.2,-0.5999999999999999,-0.19999999999999996,-1.2,-1.4,0.0,0.19999999999999996,-0.19999999999999996,1,1,1,1,1,1.0,AWAY_WIN,2
2025-01-19 14:00:00+00:00,Nottingham Forest,Southampton,3.0,2.0,97,13.0,2.6,1.8,0.2,1.6,4,1,0,0.8,0.2,0.0,59,1.0,0.2,0.4,2.2,-1.8,0,1,4,0.0,0.2,0.8,48,2.0,1.2,1.0,0.2,0.6,30,0.4,0.6,1.4,-0.8,0.0,3,3.0,2.0,1.0,1.0,2.4,1.4,2.0,3.4000000000000004,1.6,0.6,0.3999999999999999,1,1,1,1,1,1.0,HOME_WIN,0
2025-01-19 16:30:00+00:00,Ipswich,Manchester City,0.0,6.0,21,4.0,0.8,0.8,1.8,-1.0,1,1,3,0.2,0.2,0.6,97,8.0,1.6,2.0,1.2,0.8,2,2,1,0.4,0.4,0.2,11,0.6,0.6,1.8,-1.2,0.2,49,1.0,1.4,1.6,-0.2,0.2,1,0.0,1.0,4.0,0.0,-0.8,-1.2,-0.6000000000000001,-1.8,-0.4,-0.7999999999999999,-0.19999999999999996,1,1,1,1,1,1.0,AWAY_WIN,2
2025-01-20 20:00:00+00:00,Chelsea,Wolves,3.0,1.0,97,3.0,0.6,0.8,1.4,-0.6,0,3,2,0.0,0.6,0.4,97,7.0,1.4,1.4,1.6,-0.2,2,1,2,0.4,0.2,0.4,48,1.6,1.8,1.2,0.6,0.4,49,0.8,1.2,2.2,-1.0,0.2,5,1.2,2.4,1.8,0.4,-0.7999999999999999,-0.5999999999999999,0.20000000000000018,-0.39999999999999997,0.8,0.6000000000000001,1.0000000000000002,1,1,1,1,1,1.0,HOME_WIN,0
2025-01-25 15:00:00+00:00,Brighton,Everton,0.0,1.0,98,9.0,1.8,1.6,0.8,0.8,2,3,0,0.4,0.6,0.0,97,4.0,0.8,0.8,1.4,-0.6,1,1,3,0.2,0.2,0.6,48,1.2,1.0,1.2,-0.2,0.2,48,0.6,0.2,1.2,-1.0,0.0,5,1.6,2.0,1.6,0.4,1.0,0.8,0.5999999999999999,1.4,0.6,0.8,0.0,1,1,1,1,1,1.0,AWAY_WIN,2
2025-01-25 15:00:00+00:00,Bournemouth,Nottingham Forest,5.0,0.0,98,9.0,1.8,1.8,1.0,0.8,2,3,0,0.4,0.6,0.0,98,13.0,2.6,2.0,0.6,1.4,4,1,0,0.8,0.2,0.0,48,1.6,0.8,0.6,0.2,0.4,49,2.4,2.0,1.0,1.0,0.8,5,1.8,1.8,1.4,0.4,-0.8,-0.19999999999999996,-0.4,-0.5999999999999999,-0.7999999999999998,-1.2,0.4,1,1,1,1,1,1.0,HOME_WIN,0
2025-01-25 15:00:00+00:00,Liverpool,Ipswich,4.0,1.0,97,11.0,2.2,2.6,0.8,1.8,3,2,0,0.6,0.4,0.0,22,4.0,0.8,0.8,2.2,-1.4,1,1,3,0.2,0.2,0.6,48,2.2,2.2,1.0,1.2,0.6,10,1.4,1.2,1.2,0.0,0.4,1,3.0,2.0,0.0,1.0,1.4000000000000001,1.8,1.4000000000000001,3.2,0.8000000000000003,1.0000000000000002,0.19999999999999996,1,1,1,1,1,1.0,HOME_WIN,0
2025-01-25 15:00:00+00:00,Southampton,Newcastle,1.0,3.0,60,0.0,0.0,0.8,2.8,-2.0,0,0,5,0.0,0.0,1.0,98,12.0,2.4,2.2,1.0,1.2,4,0,1,0.8,0.0,0.2,29,0.0,0.6,3.8,-3.2,0.0,49,2.0,2.2,1.2,1.0,0.6,3,0.0,0.6666666666666666,2.6666666666666665,0.0,-2.4,-1.4000000000000001,-1.7999999999999998,-3.2,-2.0,-1.6,-2.5999999999999996,1,1,1,1,1,1.0,AWAY_WIN,2
2025-01-25 15:00:00+00:00,Wolves,Arsenal,0.0,1.0,98,4.0,0.8,1.0,2.2,-1.2,1,1,3,0.2,0.2,0.6,98,11.0,2.2,1.8,1.0,0.8,3,2,0,0.6,0.4,0.0,48,1.2,1.4,1.8,-0.4,0.4,49,2.2,3.0,1.2,1.8,0.6,5,0.0,0.2,2.6,0.0,-1.4000000000000001,-0.8,-1.2000000000000002,-2.0,-1.0000000000000002,-1.6,-0.6000000000000001,1,1,1,1,1,1.0,AWAY_WIN,2
2025-01-25 17:30:00+00:00,Manchester City,Chelsea,3.0,1.0,98,11.0,2.2,3.0,0.8,2.2,3,2,0,0.6,0.4,0.0,98,5.0,1.0,1.4,1.6,-0.2,1,2,2,0.2,0.4,0.4,48,1.4,1.8,1.6,0.2,0.4,49,1.6,2.0,1.4,0.6,0.4,5,2.2,1.8,1.0,0.6,1.2000000000000002,1.6,0.8,2.4000000000000004,-0.20000000000000018,-0.19999999999999996,-0.20000000000000018,1,1,1,1,1,1.0,HOME_WIN,0
2025-01-26 14:00:00+00:00,Crystal Palace,Brentford,1.0,2.0,98,11.0,2.2,1.4,0.4,1.0,3,2,0,0.6,0.4,0.0,98,5.0,1.0,1.6,1.4,0.2,1,2,2,0.2,0.4,0.4,49,1.2,1.4,2.0,-0.6,0.2,48,1.0,1.4,1.0,0.4,0.2,5,1.2,1.4,1.2,0.2,1.2000000000000002,-0.20000000000000018,0.9999999999999999,0.8,0.19999999999999996,0.0,-1.0,1,1,1,1,1,1.0,AWAY_WIN,2
2025-01-26 14:00:00+00:00,Tottenham,Leicester,1.0,2.0,98,1.0,0.2,1.2,2.0,-0.8,0,1,4,0.0,0.2,0.8,60,0.0,0.0,0.4,2.2,-1.8,0,0,5,0.0,0.0,1.0,49,0.4,2.0,3.0,-1.0,0.0,29,0.0,0.6,3.2,-2.6,0.0,3,1.3333333333333333,2.6666666666666665,2.3333333333333335,0.3333333333333333,0.2,0.7999999999999999,0.20000000000000018,1.0,0.4,1.4,0.20000000000000018,1,1,1,1,1,1.0,AWAY_WIN,2
2025-01-26 16:30:00+00:00,Aston Villa,West Ham,1.0,1.0,98,8.0,1.6,1.4,1.6,-0.2,2,2,1,0.4,0.4,0.2,98,6.0,1.2,1.0,2.6,-1.6,2,0,3,0.4,0.0,0.6,49,2.6,2.0,1.0,1.0,0.8,48,1.4,1.2,1.6,-0.4,0.4,5,1.6,1.6,1.0,0.4,0.40000000000000013,0.3999999999999999,1.0,1.4000000000000001,1.2000000000000002,0.8,0.6000000000000001,1,1,1,1,1,1.0,DRAW,1
2025-01-26 19:00:00+00:00,Fulham,Manchester United,0.0,1.0,98,8.0,1.6,2.0,1.6,0.4,2,2,1,0.4,0.4,0.2,98,4.0,0.8,1.2,2.0,-0.8,1,1,3,0.2,0.2,0.6,49,1.4,1.6,1.2,0.4,0.2,48,1.0,1.0,1.6,-0.6,0.2,5,0.6,0.8,1.4,0.2,0.8,0.8,0.3999999999999999,1.2000000000000002,0.3999999999999999,0.6000000000000001,0.40000000000000013,1,1,1,1,1,1.0,AWAY_WIN,2
2025-02-01 12:30:00+00:00,Nottingham Forest,Brighton,7.0,0.0,99,10.0,2.0,1.8,1.6,0.2,3,1,1,0.6,0.2,0.2,99,8.0,1.6,1.6,1.0,0.6,2,2,1,0.4,0.4,0.2,49,2.6,1.6,0.8,0.8,0.8,50,1.8,2.0,1.2,0.8,0.4,5,1.0,1.4,1.4,0.2,0.3999999999999999,0.19999999999999996,-0.6000000000000001,-0.39999999999999997,0.8,-0.3999999999999999,0.3999999999999999,1,1,1,1,1,1.0,HOME_WIN,0
2025-02-01 15:00:00+00:00,Newcastle,Fulham,1.0,2.0,99,12.0,2.4,2.2,1.2,1.0,4,0,1,0.8,0.0,0.2,99,5.0,1.0,1.6,1.6,0.0,1,2,2,0.2,0.4,0.4,49,2.0,2.8,1.4,1.4,0.6,49,1.6,1.8,1.4,0.4,0.4,5,2.4,2.0,0.8,0.8,1.4,0.6000000000000001,0.40000000000000013,1.0,0.3999999999999999,0.9999999999999998,0.0,1,1,1,1,1,1.0,AWAY_WIN,2
2025-02-01 15:00:00+00:00,Ipswich,Southampton,1.0,2.0,23,4.0,0.8,1.0,2.8,-1.8,1,1,3,0.2,0.2,0.6,61,0.0,0.0,1.0,3.2,-2.2,0,0,5,0.0,0.0,1.0,12,0.6,0.6,2.8,-2.2,0.2,31,0.2,0.8,1.8,-1.0,0.0,1,1.0,1.0,1.0,0.0,0.8,0.0,0.40000000000000036,0.40000000000000013,0.39999999999999997,-0.20000000000000007,-0.9999999999999998,1,1,1,1,1,1.0,AWAY_WIN,2
2025-02-01 15:00:00+00:00,Everton,Leicester,4.0,0.0,98,6.0,1.2,0.8,1.2,-0.4,2,0,3,0.4,0.0,0.6,61,3.0,0.6,0.6,1.8,-1.2,1,0,4,0.2,0.0,0.8,49,1.4,1.4,1.0,0.4,0.4,30,0.6,1.0,2.8,-1.8,0.2,3,0.6666666666666666,1.0,1.6666666666666667,0.0,0.6,0.20000000000000007,0.6000000000000001,0.7999999999999999,0.7999999999999999,0.3999999999999999,1.7999999999999998,1,1,1,1,1,1.0,HOME_WIN,0
2025-02-01 15:00:00+00:00,Bournemouth,Liverpool,0.0,2.0,99,11.0,2.2,2.8,1.0,1.8,3,2,0,0.6,0.4,0.0,98,11.0,2.2,2.8,0.8,2.0,3,2,0,0.6,0.4,0.0,49,2.2,1.6,0.2,1.4,0.6,49,2.2,3.4,1.4,2.0,0.6,5,0.6,0.4,3.8,0.2,0.0,0.0,-0.19999999999999996,-0.19999999999999996,0.0,-1.7999999999999998,1.2,1,1,1,1,1,1.0,AWAY_WIN,2
2025-02-01 17:30:00+00:00,Wolves,Aston Villa,2.0,0.0,99,1.0,0.2,0.6,2.4,-1.8,0,1,4,0.0,0.2,0.8,99,9.0,1.8,1.6,1.2,0.4,2,3,0,0.4,0.6,0.0,49,0.6,1.0,2.0,-1.0,0.2,49,0.8,0.8,2.0,-1.2,0.2,5,1.0,0.8,1.4,0.2,-1.6,-1.0,-1.2,-2.2,-0.20000000000000007,0.19999999999999996,0.0,1,1,1,1,1,1.0,HOME_WIN,0
2025-02-02 14:00:00+00:00,Brentford,Tottenham,0.0,2.0,99,7.0,1.4,2.0,1.6,0.4,2,1,2,0.4,0.2,0.4,99,1.0,0.2,1.4,2.2,-0.8,0,1,4,0.0,0.2,0.8,50,0.8,1.4,2.2,-0.8,0.2,49,0.6,1.6,1.4,0.2,0.2,5,1.0,2.0,2.2,0.2,1.2,0.6000000000000001,0.6000000000000001,1.2000000000000002,0.20000000000000007,-0.20000000000000018,-0.8000000000000003,1,1,1,1,1,1.0,AWAY_WIN,2
2025-02-02 14:00:00+00:00,Manchester United,Crystal Palace,0.0,2.0,99,7.0,1.4,1.4,1.6,-0.2,2,1,2,0.4,0.2,0.4,99,10.0,2.0,1.6,0.8,0.8,3,1,1,0.6,0.2,0.2,50,0.6,1.2,2.4,-1.2,0.2,49,2.6,1.6,0.2,1.4,0.8,5,1.0,0.6,1.4,0.2,-0.6000000000000001,-0.20000000000000018,-0.8,-1.0,-2.0,-0.40000000000000013,-2.1999999999999997,1,1,1,1,1,1.0,AWAY_WIN,2
2025-02-02 16:30:00+00:00,Arsenal,Manchester City,5.0,1.0,99,11.0,2.2,1.8,1.0,0.8,3,2,0,0.6,0.4,0.0,99,13.0,2.6,3.4,0.8,2.6,4,1,0,0.8,0.2,0.0,49,2.2,1.4,0.6,0.8,0.6,50,1.6,2.6,1.2,1.4,0.4,5,1.0,1.0,1.8,0.2,-0.3999999999999999,-1.5999999999999999,-0.19999999999999996,-1.8,0.6000000000000001,-1.2000000000000002,0.6,1,1,1,1,1,1.0,HOME_WIN,0
2025-02-03 20:00:00+00:00,Chelsea,West Ham,2.0,1.0,99,5.0,1.0,1.4,1.8,-0.4,1,2,2,0.2,0.4,0.4,99,4.0,0.8,1.0,2.8,-1.8,1,1,3,0.2,0.2,0.6,49,2.0,2.2,1.2,1.0,0.6,49,1.0,1.0,1.8,-0.8,0.2,5,2.0,2.4,1.0,0.6,0.19999999999999996,0.3999999999999999,0.9999999999999998,1.4,1.0,1.2000000000000002,0.6000000000000001,1,1,1,1,1,1.0,HOME_WIN,0
2025-02-12 19:30:00+00:00,Everton,Liverpool,2.0,2.0,99,9.0,1.8,1.6,0.8,0.8,3,0,2,0.6,0.0,0.4,99,11.0,2.2,2.2,0.8,1.4,3,2,0,0.6,0.4,0.0,50,1.4,1.4,1.0,0.4,0.4,50,2.6,3.2,0.8,2.4,0.8,4,1.0,0.5,1.0,0.25,-0.40000000000000013,-0.6000000000000001,0.0,-0.5999999999999999,-1.2000000000000002,-1.8000000000000003,-0.19999999999999996,1,1,1,1,1,1.0,DRAW,1
2025-02-14 20:00:00+00:00,Brighton,Chelsea,3.0,0.0,100,7.0,1.4,1.2,2.0,-0.8,2,1,2,0.4,0.2,0.4,100,8.0,1.6,1.8,1.6,0.2,2,2,1,0.4,0.4,0.2,49,0.6,0.6,1.2,-0.6,0.0,50,1.0,1.2,1.8,-0.6,0.2,5,1.2,2.2,2.2,0.4,-0.20000000000000018,-0.6000000000000001,-0.3999999999999999,-1.0,-0.4,-0.6,0.6000000000000001,1,1,1,1,1,1.0,HOME_WIN,0
2025-02-15 12:30:00+00:00,Leicester,Arsenal,0.0,2.0,62,3.0,0.6,0.6,2.2,-1.6,1,0,4,0.2,0.0,0.8,100,11.0,2.2,2.2,1.0,1.2,3,2,0,0.6,0.4,0.0,31,0.2,0.4,2.2,-1.8,0.0,50,2.2,2.2,0.8,1.4,0.6,3,0.0,1.3333333333333333,3.0,0.0,-1.6,-1.6,-1.2000000000000002,-2.8,-2.0,-1.8000000000000003,-1.4000000000000001,1,1,1,1,1,1.0,AWAY_WIN,2
2025-02-15 15:00:00+00:00,Aston Villa,Ipswich,1.0,1.0,100,8.0,1.6,1.2,1.2,0.0,2,2,1,0.4,0.4,0.2,24,1.0,0.2,0.8,3.2,-2.4,0,1,4,0.0,0.2,0.8,50,2.2,1.6,1.0,0.6,0.6,11,0.8,1.0,1.8,-0.8,0.2,1,1.0,2.0,2.0,0.0,1.4000000000000001,0.3999999999999999,2.0,2.4,1.4000000000000001,0.6000000000000001,0.8,1,1,1,1,1,1.0,DRAW,1
2025-02-15 15:00:00+00:00,Fulham,Nottingham Forest,2.0,1.0,100,7.0,1.4,1.6,1.4,0.2,2,1,2,0.4,0.2,0.4,100,10.0,2.0,2.8,1.6,1.2,3,1,1,0.6,0.2,0.2,50,0.8,1.0,1.2,-0.2,0.0,50,2.4,2.0,1.4,0.6,0.8,5,2.4,2.4,1.0,0.8,-0.6000000000000001,-1.1999999999999997,0.20000000000000018,-1.0,-1.5999999999999999,-1.0,0.19999999999999996,1,1,1,1,1,1.0,HOME_WIN,0
2025-02-15 15:00:00+00:00,Manchester City,Newcastle,4.0,0.0,100,10.0,2.0,3.2,1.8,1.4,3,1,1,0.6,0.2,0.2,100,9.0,1.8,2.0,1.6,0.4,3,0,2,0.6,0.0,0.4,49,2.0,2.4,1.0,1.4,0.6,50,2.4,2.6,1.2,1.4,0.8,5,2.2,2.0,1.2,0.6,0.19999999999999996,1.2000000000000002,-0.19999999999999996,0.9999999999999999,-0.3999999999999999,-0.20000000000000018,0.19999999999999996,1,1,1,1,1,1.0,HOME_WIN,0
2025-02-15 15:00:00+00:00,Southampton,Bournemouth,1.0,3.0,62,3.0,0.6,1.2,3.0,-1.8,1,0,4,0.2,0.0,0.8,100,10.0,2.0,2.4,1.0,1.4,3,1,1,0.6,0.2,0.2,30,0.0,0.4,3.8,-3.4,0.0,50,2.2,2.6,1.2,1.4,0.6,3,1.0,0.6666666666666666,1.3333333333333333,0.3333333333333333,-1.4,-1.2,-2.0,-3.2,-2.2,-2.2,-2.5999999999999996,1,1,1,1,1,1.0,AWAY_WIN,2
2025-02-15 15:00:00+00:00,West Ham,Brentford,0.0,1.0,100,4.0,0.8,1.2,2.2,-1.0,1,1,3,0.2,0.2,0.6,100,7.0,1.4,1.8,1.4,0.4,2,1,2,0.4,0.2,0.4,50,1.4,1.2,2.2,-1.0,0.4,49,1.4,1.8,1.2,0.6,0.4,5,0.8,1.4,2.0,0.2,-0.5999999999999999,-0.6000000000000001,-0.8000000000000003,-1.4,0.0,-0.6000000000000001,-1.0000000000000002,1,1,1,1,1,1.0,AWAY_WIN,2
2025-02-15 17:30:00+00:00,Crystal Palace,Everton,1.0,2.0,100,10.0,2.0,1.6,0.6,1.0,3,1,1,0.6,0.2,0.2,100,10.0,2.0,2.0,1.0,1.0,3,1,1,0.6,0.2,0.2,50,1.0,1.4,2.2,-0.8,0.2,49,1.0,0.4,1.2,-0.8,0.2,5,0.4,0.8,1.8,0.0,0.0,-0.3999999999999999,0.4,0.0,0.0,0.9999999999999999,-1.0000000000000002,1,1,1,1,1,1.0,AWAY_WIN,2
2025-02-16 14:00:00+00:00,Liverpool,Wolves,2.0,1.0,100,11.0,2.2,2.2,0.8,1.4,3,2,0,0.6,0.4,0.0,100,3.0,0.6,0.6,2.0,-1.4,1,0,4,0.2,0.0,0.8,49,2.2,2.6,1.2,1.4,0.6,50,0.8,1.4,2.0,-0.6,0.2,5,2.4,1.8,1.0,0.8,1.6,1.6,1.2,2.8,1.4000000000000001,1.2000000000000002,0.8,1,1,1,1,1,1.0,HOME_WIN,0
2025-02-16 16:30:00+00:00,Tottenham,Manchester United,1.0,0.0,100,3.0,0.6,1.4,1.8,-0.4,1,0,4,0.2,0.0,0.8,100,7.0,1.4,1.4,1.6,-0.2,2,1,2,0.4,0.2,0.4,50,0.2,2.0,3.2,-1.2,0.0,49,1.4,1.0,1.4,-0.4,0.4,5,1.6,1.8,1.2,0.4,-0.7999999999999999,0.0,-0.19999999999999996,-0.2,-1.2,1.0,-1.8000000000000003,1,1,1,1,1,1.0,HOME_WIN,0
2025-02-19 19:30:00+00:00,Aston Villa,Liverpool,2.0,2.0,101,6.0,1.2,1.0,1.2,-0.2,1,3,1,0.2,0.6,0.2,101,13.0,2.6,2.4,0.8,1.6,4,1,0,0.8,0.2,0.0,51,1.8,1.6,1.2,0.4,0.4,51,2.2,2.4,0.6,1.8,0.6,5,0.4,1.0,2.4,0.0,-1.4000000000000001,-1.4,-0.3999999999999999,-1.8,-0.40000000000000013,-0.7999999999999998,-0.6,1,1,1,1,1,1.0,DRAW,1
2025-02-21 20:00:00+00:00,Leicester,Brentford,0.0,4.0,63,3.0,0.6,0.4,2.2,-1.8,1,0,4,0.2,0.0,0.8,101,7.0,1.4,1.0,1.4,-0.4,2,1,2,0.4,0.2,0.4,32,0.0,0.0,2.2,-2.2,0.0,50,2.0,1.8,0.6,1.2,0.6,3,0.6666666666666666,1.3333333333333333,2.3333333333333335,0.0,-0.7999999999999999,-0.6,-0.8000000000000003,-1.4,-2.0,-1.8,-1.6,1,1,1,1,1,1.0,AWAY_WIN,2
2025-02-22 12:30:00+00:00,Everton,Manchester United,2.0,2.0,101,13.0,2.6,2.4,1.0,1.4,4,1,0,0.8,0.2,0.0,101,6.0,1.2,1.0,1.4,-0.4,2,0,3,0.4,0.0,0.6,51,1.4,1.8,1.4,0.4,0.4,50,1.4,1.0,1.2,-0.2,0.4,5,0.0,0.2,2.6,0.0,1.4000000000000001,1.4,0.3999999999999999,1.7999999999999998,0.0,0.8,-0.19999999999999996,1,1,1,1,1,1.0,DRAW,1
2025-02-22 15:00:00+00:00,Bournemouth,Wolves,0.0,1.0,101,10.0,2.0,2.8,1.2,1.6,3,1,1,0.6,0.2,0.2,101,3.0,0.6,0.8,1.8,-1.0,1,0,4,0.2,0.0,0.8,50,1.6,1.4,0.6,0.8,0.4,51,0.8,1.4,2.0,-0.6,0.2,5,2.0,1.4,0.8,0.6,1.4,1.9999999999999998,0.6000000000000001,2.6,0.8,0.0,1.4,1,1,1,1,1,1.0,AWAY_WIN,2
2025-02-22 15:00:00+00:00,Arsenal,West Ham,0.0,1.0,101,13.0,2.6,2.4,0.8,1.6,4,1,0,0.8,0.2,0.0,101,4.0,0.8,1.0,1.6,-0.6,1,1,3,0.2,0.2,0.6,50,2.2,2.0,0.8,1.2,0.6,50,1.0,1.0,1.6,-0.6,0.2,5,2.0,3.2,1.4,0.6,1.8,1.4,0.8,2.2,1.2000000000000002,1.0,0.8,1,1,1,1,1,1.0,AWAY_WIN,2
2025-02-22 15:00:00+00:00,Fulham,Crystal Palace,0.0,2.0,101,9.0,1.8,1.6,1.2,0.4,3,0,2,0.6,0.0,0.4,101,9.0,1.8,1.6,0.8,0.8,3,0,2,0.6,0.0,0.4,51,1.2,1.2,1.2,0.0,0.2,50,2.6,1.8,0.2,1.6,0.8,5,1.8,1.6,0.6,0.4,0.0,0.0,-0.3999999999999999,-0.4,-1.4000000000000001,-0.6000000000000001,-1.0,1,1,1,1,1,1.0,AWAY_WIN,2
2025-02-22 15:00:00+00:00,Ipswich,Tottenham,1.0,4.0,25,1.0,0.2,0.6,3.0,-2.4,0,1,4,0.0,0.2,0.8,101,6.0,1.2,1.4,1.4,0.0,2,0,3,0.4,0.0,0.6,13,0.6,0.6,2.8,-2.2,0.2,50,1.2,2.0,1.2,0.8,0.4,1,3.0,2.0,1.0,1.0,-1.0,-0.7999999999999999,-1.6,-2.4,-0.6,-1.4,-1.5999999999999999,1,1,1,1,1,1.0,AWAY_WIN,2
2025-02-22 15:00:00+00:00,Southampton,Brighton,0.0,4.0,63,3.0,0.6,1.4,2.6,-1.2,1,0,4,0.2,0.0,0.8,101,9.0,1.8,1.6,1.8,-0.2,3,0,2,0.6,0.0,0.4,31,0.0,0.4,3.4,-3.0,0.0,51,1.6,1.6,2.2,-0.6,0.4,3,0.3333333333333333,1.0,2.3333333333333335,0.0,-1.2000000000000002,-0.20000000000000018,-0.8,-1.0,-1.6,-1.2000000000000002,-1.1999999999999997,1,1,1,1,1,1.0,AWAY_WIN,2
2025-02-22 17:30:00+00:00,Aston Villa,Chelsea,2.0,1.0,102,4.0,0.8,1.2,1.6,-0.4,0,4,1,0.0,0.8,0.2,101,7.0,1.4,1.6,2.0,-0.4,2,1,2,0.4,0.2,0.4,52,1.4,1.6,1.4,0.2,0.2,51,0.4,0.4,1.8,-1.4,0.0,5,1.4,1.0,1.4,0.4,-0.5999999999999999,-0.40000000000000013,0.3999999999999999,0.0,0.9999999999999999,1.2000000000000002,0.40000000000000013,1,1,1,1,1,1.0,HOME_WIN,0
2025-02-23 14:00:00+00:00,Newcastle,Nottingham Forest,4.0,3.0,101,6.0,1.2,1.6,2.2,-0.6,2,0,3,0.4,0.0,0.6,101,7.0,1.4,2.4,2.0,0.4,2,1,2,0.4,0.2,0.4,50,1.8,2.4,1.2,1.2,0.6,51,1.8,1.6,1.4,0.2,0.6,5,2.4,2.2,1.4,0.8,-0.19999999999999996,-0.7999999999999998,-0.20000000000000018,-1.0,0.0,0.7999999999999998,0.19999999999999996,1,1,1,1,1,1.0,HOME_WIN,0
2025-02-23 16:30:00+00:00,Manchester City,Liverpool,0.0,2.0,101,10.0,2.0,3.2,1.6,1.6,3,1,1,0.6,0.2,0.2,102,11.0,2.2,2.4,1.2,1.2,3,2,0,0.6,0.4,0.0,50,2.0,2.6,1.0,1.6,0.6,52,1.8,1.8,1.0,0.8,0.4,5,1.0,1.2,1.2,0.2,-0.20000000000000018,0.8000000000000003,-0.40000000000000013,0.40000000000000013,0.19999999999999996,0.8,0.0,1,1,1,1,1,1.0,AWAY_WIN,2
2025-02-25 19:30:00+00:00,Brighton,Bournemouth,2.0,1.0,102,9.0,1.8,2.0,1.8,0.2,3,0,2,0.6,0.0,0.4,102,9.0,1.8,2.4,1.0,1.4,3,0,2,0.6,0.0,0.4,50,1.0,1.0,1.0,0.0,0.2,51,2.2,2.8,1.2,1.6,0.6,5,2.4,1.6,1.0,0.8,0.0,-0.3999999999999999,-0.8,-1.2,-1.2000000000000002,-1.7999999999999998,0.19999999999999996,1,1,1,1,1,1.0,HOME_WIN,0
2025-02-25 19:30:00+00:00,Wolves,Fulham,1.0,2.0,102,6.0,1.2,1.0,1.2,-0.2,2,0,3,0.4,0.0,0.6,102,9.0,1.8,1.2,1.0,0.2,3,0,2,0.6,0.0,0.4,50,1.2,1.0,1.2,-0.2,0.4,50,2.0,2.0,1.4,0.6,0.6,5,1.6,1.8,1.2,0.4,-0.6000000000000001,-0.19999999999999996,-0.19999999999999996,-0.4,-0.8,-1.0,0.19999999999999996,1,1,1,1,1,1.0,AWAY_WIN,2
2025-02-25 19:30:00+00:00,Crystal Palace,Aston Villa,4.0,1.0,102,9.0,1.8,1.6,0.8,0.8,3,0,2,0.6,0.0,0.4,103,6.0,1.2,1.2,1.4,-0.2,1,3,1,0.2,0.6,0.2,51,0.8,1.2,2.2,-1.0,0.2,50,0.8,0.8,1.8,-1.0,0.2,5,1.4,2.2,1.4,0.4,0.6000000000000001,0.40000000000000013,0.5999999999999999,1.0,0.0,0.3999999999999999,-0.40000000000000013,1,1,1,1,1,1.0,HOME_WIN,0
2025-02-25 20:15:00+00:00,Chelsea,Southampton,4.0,0.0,102,6.0,1.2,1.4,2.0,-0.6,2,0,3,0.4,0.0,0.6,64,3.0,0.6,1.2,2.8,-1.6,1,0,4,0.2,0.0,0.8,50,2.0,2.0,1.4,0.6,0.6,32,0.8,1.2,1.8,-0.6,0.2,3,1.0,2.0,1.3333333333333333,0.3333333333333333,0.6,0.19999999999999996,0.7999999999999998,1.0,1.2,0.8,0.40000000000000013,1,1,1,1,1,1.0,HOME_WIN,0
2025-02-26 19:30:00+00:00,Manchester United,Ipswich,3.0,2.0,102,4.0,0.8,0.8,1.6,-0.8,1,1,3,0.2,0.2,0.6,26,1.0,0.2,0.8,3.4,-2.6,0,1,4,0.0,0.2,0.8,51,0.6,0.8,2.2,-1.4,0.2,12,1.0,1.2,1.8,-0.6,0.2,1,1.0,1.0,1.0,0.0,0.6000000000000001,0.0,1.7999999999999998,1.8,-0.4,-0.3999999999999999,-0.40000000000000013,1,1,1,1,1,1.0,HOME_WIN,0
2025-02-26 19:30:00+00:00,Tottenham,Manchester City,0.0,1.0,102,9.0,1.8,2.0,1.2,0.8,3,0,2,0.6,0.0,0.4,102,9.0,1.8,2.8,1.6,1.2,3,0,2,0.6,0.0,0.4,51,0.8,1.6,2.4,-0.8,0.2,51,1.4,2.4,1.8,0.6,0.4,5,1.4,2.0,1.8,0.4,0.0,-0.7999999999999998,0.40000000000000013,-0.3999999999999999,-0.5999999999999999,-0.7999999999999998,-0.5999999999999999,1,1,1,1,1,1.0,AWAY_WIN,2
2025-02-26 19:30:00+00:00,Nottingham Forest,Arsenal,0.0,0.0,102,6.0,1.2,2.8,2.6,0.2,2,0,3,0.4,0.0,0.6,102,10.0,2.0,2.0,0.8,1.2,3,1,1,0.6,0.2,0.2,50,2.6,2.8,0.8,2.0,0.8,51,2.6,2.4,0.6,1.8,0.8,5,0.6,0.6,2.4,0.2,-0.8,0.7999999999999998,-1.8,-1.0,0.0,0.3999999999999999,-0.20000000000000007,1,1,1,1,1,1.0,DRAW,1
2025-02-26 19:30:00+00:00,Brentford,Everton,1.0,1.0,102,9.0,1.8,1.4,1.0,0.4,3,0,2,0.6,0.0,0.4,102,11.0,2.2,2.2,1.0,1.2,3,2,0,0.6,0.4,0.0,51,0.2,0.6,2.2,-1.6,0.0,50,1.6,0.8,0.6,0.2,0.4,5,0.4,0.4,1.2,0.0,-0.40000000000000013,-0.8000000000000003,0.0,-0.7999999999999999,-1.4000000000000001,-0.20000000000000007,-1.6,1,1,1,1,1,1.0,DRAW,1
2025-02-26 20:15:00+00:00,Liverpool,Newcastle,2.0,0.0,103,11.0,2.2,2.0,1.0,1.0,3,2,0,0.6,0.4,0.0,102,6.0,1.2,1.8,2.8,-1.0,2,0,3,0.4,0.0,0.6,50,2.2,2.6,1.4,1.2,0.6,51,2.4,2.2,1.2,1.0,0.8,5,2.6,2.6,1.4,0.8,1.0000000000000002,0.19999999999999996,1.7999999999999998,2.0,-0.19999999999999973,0.3999999999999999,-0.19999999999999996,1,1,1,1,1,1.0,HOME_WIN,0
2025-02-27 20:00:00+00:00,West Ham,Leicester,2.0,0.0,102,4.0,0.8,0.6,1.2,-0.6,1,1,3,0.2,0.2,0.6,64,3.0,0.6,0.4,2.6,-2.2,1,0,4,0.2,0.0,0.8,51,0.8,0.8,2.2,-1.4,0.2,31,0.6,0.8,2.8,-2.0,0.2,3,0.0,0.6666666666666666,2.3333333333333335,0.0,0.20000000000000007,0.19999999999999996,1.4000000000000001,1.6,0.20000000000000007,0.0,0.5999999999999996,1,1,1,1,1,1.0,HOME_WIN,0
2025-03-08 12:30:00+00:00,Nottingham Forest,Manchester City,1.0,0.0,103,4.0,0.8,2.2,2.2,0.0,1,1,3,0.2,0.2,0.6,103,9.0,1.8,1.8,1.6,0.2,3,0,2,0.6,0.0,0.4,51,2.2,2.4,0.6,1.8,0.6,52,2.0,2.4,1.4,1.0,0.6,5,0.2,0.2,2.8,0.0,-1.0,0.40000000000000013,-0.6000000000000001,-0.2,0.20000000000000018,0.0,0.7999999999999999,1,1,1,1,1,1.0,HOME_WIN,0
2025-03-08 15:00:00+00:00,Brighton,Fulham,2.0,1.0,103,9.0,1.8,1.8,1.8,0.0,3,0,2,0.6,0.0,0.4,103,9.0,1.8,1.2,1.2,0.0,3,0,2,0.6,0.0,0.4,51,1.6,1.2,0.6,0.6,0.4,51,2.4,2.0,1.2,0.8,0.8,5,0.2,0.6,2.0,0.0,0.0,0.6000000000000001,-0.6000000000000001,0.0,-0.7999999999999998,-0.8,0.6,1,1,1,1,1,1.0,HOME_WIN,0
2025-03-08 15:00:00+00:00,Crystal Palace,Ipswich,1.0,0.0,103,9.0,1.8,2.0,1.0,1.0,3,0,2,0.6,0.0,0.4,27,1.0,0.2,1.2,2.8,-1.6,0,1,4,0.0,0.2,0.8,52,1.4,1.8,1.4,0.4,0.4,13,0.4,1.2,2.2,-1.0,0.0,1,3.0,1.0,0.0,1.0,1.6,0.8,1.7999999999999998,2.6,0.9999999999999999,0.6000000000000001,0.8000000000000003,1,1,1,1,1,1.0,HOME_WIN,0
2025-03-08 15:00:00+00:00,Liverpool,Southampton,3.0,1.0,104,11.0,2.2,2.0,1.0,1.0,3,2,0,0.6,0.4,0.0,65,3.0,0.6,0.8,3.0,-2.2,1,0,4,0.2,0.0,0.8,51,2.6,2.6,1.0,1.6,0.8,33,0.6,1.2,2.6,-1.4,0.2,3,2.3333333333333335,3.3333333333333335,2.3333333333333335,0.6666666666666666,1.6,1.2,2.0,3.2,2.0,1.4000000000000001,1.6,1,1,1,1,1,1.0,HOME_WIN,0
2025-03-08 17:30:00+00:00,Brentford,Aston Villa,0.0,1.0,103,10.0,2.0,1.6,0.8,0.8,3,1,1,0.6,0.2,0.2,104,5.0,1.0,1.2,2.0,-0.8,1,2,2,0.2,0.4,0.4,52,0.4,0.8,2.0,-1.2,0.0,51,0.8,0.8,2.2,-1.4,0.2,5,0.4,1.2,2.6,0.0,1.0,0.40000000000000013,1.2,1.6,-0.4,0.0,0.20000000000000018,1,1,1,1,1,1.0,AWAY_WIN,2
2025-03-08 20:00:00+00:00,Wolves,Everton,1.0,1.0,103,6.0,1.2,1.0,1.0,0.0,2,0,3,0.4,0.0,0.6,103,9.0,1.8,2.2,1.2,1.0,2,3,0,0.4,0.6,0.0,51,1.2,1.0,1.2,-0.2,0.4,51,1.6,1.0,0.8,0.2,0.4,5,2.0,1.4,1.2,0.6,-0.6000000000000001,-1.2000000000000002,0.19999999999999996,-1.0,-0.40000000000000013,0.0,-0.3999999999999999,1,1,1,1,1,1.0,DRAW,1
2025-03-09 14:00:00+00:00,Chelsea,Leicester,1.0,0.0,103,6.0,1.2,1.6,1.8,-0.2,2,0,3,0.4,0.0,0.6,65,3.0,0.6,0.4,2.6,-2.2,1,0,4,0.2,0.0,0.8,51,2.0,2.4,1.2,1.2,0.6,32,0.6,0.8,2.4,-1.6,0.2,3,3.0,2.3333333333333335,1.0,1.0,0.6,1.2000000000000002,0.8,2.0,1.4,1.5999999999999999,1.2,1,1,1,1,1,1.0,HOME_WIN,0
2025-03-09 14:00:00+00:00,Tottenham,Bournemouth,2.0,2.0,103,9.0,1.8,1.6,0.8,0.8,3,0,2,0.6,0.0,0.4,103,6.0,1.2,1.8,1.2,0.6,2,0,3,0.4,0.0,0.6,52,0.8,1.0,1.4,-0.4,0.2,52,1.6,2.4,1.6,0.8,0.4,5,1.8,2.0,1.4,0.6,0.6000000000000001,-0.19999999999999996,0.3999999999999999,0.20000000000000007,-0.8,-1.4,0.20000000000000018,1,1,1,1,1,1.0,DRAW,1
2025-03-09 16:30:00+00:00,Manchester United,Arsenal,1.0,1.0,103,7.0,1.4,1.2,1.4,-0.2,2,1,2,0.4,0.2,0.4,103,10.0,2.0,1.6,0.4,1.2,3,1,1,0.6,0.2,0.2,52,1.2,1.4,2.0,-0.6,0.4,52,2.2,1.4,0.4,1.0,0.6,5,0.6,1.2,2.0,0.2,-0.6000000000000001,-0.40000000000000013,-0.9999999999999999,-1.4,-1.0000000000000002,0.0,-1.6,1,1,1,1,1,1.0,DRAW,1
2025-03-10 20:00:00+00:00,West Ham,Newcastle,0.0,1.0,103,7.0,1.4,1.0,0.8,0.2,2,1,2,0.4,0.2,0.4,103,6.0,1.2,1.6,2.4,-0.8,2,0,3,0.4,0.0,0.6,52,1.2,1.0,2.0,-1.0,0.4,52,1.8,1.4,1.6,-0.2,0.6,5,1.0,1.8,2.4,0.2,0.19999999999999996,-0.6000000000000001,1.5999999999999999,1.0,-0.6000000000000001,-0.3999999999999999,-0.3999999999999999,1,1,1,1,1,1.0,AWAY_WIN,2
2025-03-15 15:00:00+00:00,Manchester City,Brighton,2.0,2.0,104,6.0,1.2,1.2,1.6,-0.4,2,0,3,0.4,0.0,0.6,104,12.0,2.4,2.2,1.8,0.4,4,0,1,0.8,0.0,0.2,51,2.0,2.4,1.0,1.4,0.6,52,2.0,2.2,2.0,0.2,0.6,5,2.0,2.2,1.0,0.6,-1.2,-1.0000000000000002,0.19999999999999996,-0.8,0.0,0.19999999999999973,1.0,1,1,1,1,1,1.0,DRAW,1
2025-03-15 15:00:00+00:00,Southampton,Wolves,1.0,2.0,66,3.0,0.6,0.8,3.0,-2.2,1,0,4,0.2,0.0,0.8,104,7.0,1.4,1.2,1.0,0.2,2,1,2,0.4,0.2,0.4,32,0.0,0.4,3.2,-2.8,0.0,52,0.8,1.0,2.0,-1.0,0.2,3,0.0,0.3333333333333333,1.6666666666666667,0.0,-0.7999999999999999,-0.3999999999999999,-2.0,-2.4000000000000004,-0.8,-0.6,-1.2000000000000002,1,1,1,1,1,1.0,AWAY_WIN,2
2025-03-15 15:00:00+00:00,Everton,West Ham,1.0,1.0,104,7.0,1.4,1.6,1.4,0.2,1,4,0,0.2,0.8,0.0,104,6.0,1.2,0.8,0.8,0.0,2,0,3,0.4,0.0,0.6,52,1.6,2.2,1.4,0.8,0.4,51,1.4,1.0,1.4,-0.4,0.4,5,1.4,0.6,1.0,0.4,0.19999999999999996,0.8,-0.5999999999999999,0.2,0.20000000000000018,1.2000000000000002,0.0,1,1,1,1,1,1.0,DRAW,1
2025-03-15 15:00:00+00:00,Ipswich,Nottingham Forest,2.0,4.0,28,1.0,0.2,1.0,2.2,-1.2,0,1,4,0.0,0.2,0.8,104,7.0,1.4,2.4,1.2,1.2,2,1,2,0.4,0.2,0.4,14,0.6,0.8,2.8,-2.0,0.2,52,1.2,1.8,2.2,-0.4,0.4,1,0.0,0.0,1.0,0.0,-1.2,-1.4,-1.0000000000000002,-2.4,-0.6,-1.0,-0.5999999999999996,1,1,1,1,1,1.0,AWAY_WIN,2
2025-03-15 17:30:00+00:00,Bournemouth,Brentford,1.0,2.0,104,4.0,0.8,1.2,1.6,-0.4,1,1,3,0.2,0.2,0.6,104,7.0,1.4,1.2,0.8,0.4,2,1,2,0.4,0.2,0.4,51,1.4,1.2,0.6,0.6,0.4,51,2.6,2.4,0.2,2.2,0.8,5,0.4,1.0,1.8,0.0,-0.5999999999999999,0.0,-0.8,-0.8,-1.2000000000000002,-1.2,-0.39999999999999997,1,1,1,1,1,1.0,AWAY_WIN,2
2025-03-16 13:30:00+00:00,Arsenal,Chelsea,1.0,0.0,104,8.0,1.6,1.6,0.6,1.0,2,2,1,0.4,0.4,0.2,104,9.0,1.8,1.6,1.2,0.4,3,0,2,0.6,0.0,0.4,51,2.0,2.0,1.0,1.0,0.6,52,0.2,0.6,2.2,-1.6,0.0,5,2.2,2.4,0.8,0.6,-0.19999999999999996,0.0,0.6,0.6,1.8,1.4,1.2000000000000002,1,1,1,1,1,1.0,HOME_WIN,0
2025-03-16 13:30:00+00:00,Fulham,Tottenham,2.0,0.0,104,9.0,1.8,1.4,1.4,0.0,3,0,2,0.6,0.0,0.4,104,10.0,2.0,1.8,0.8,1.0,3,1,1,0.6,0.2,0.2,52,1.0,1.2,1.6,-0.4,0.2,51,1.2,1.8,1.4,0.4,0.4,5,0.8,1.0,1.2,0.2,-0.19999999999999996,-0.40000000000000013,-0.5999999999999999,-1.0,-0.19999999999999996,-0.6000000000000001,-0.20000000000000018,1,1,1,1,1,1.0,HOME_WIN,0
2025-03-16 19:00:00+00:00,Leicester,Manchester United,0.0,3.0,66,0.0,0.0,0.0,2.6,-2.6,0,0,5,0.0,0.0,1.0,104,5.0,1.0,1.2,1.6,-0.4,1,2,2,0.2,0.4,0.4,33,0.0,0.0,2.4,-2.4,0.0,51,1.0,1.0,1.4,-0.4,0.2,3,0.0,0.0,2.3333333333333335,0.0,-1.0,-1.2,-1.0,-2.2,-1.0,-1.0,-1.0,1,1,1,1,1,1.0,AWAY_WIN,2
2025-04-01 18:45:00+00:00,Arsenal,Fulham,2.0,1.0,105,8.0,1.6,0.8,0.4,0.4,2,2,1,0.4,0.4,0.2,105,9.0,1.8,1.4,1.2,0.2,3,0,2,0.6,0.0,0.4,52,2.0,2.0,1.0,1.0,0.6,52,1.8,1.8,1.4,0.4,0.6,5,1.6,1.8,1.2,0.4,-0.19999999999999996,-0.5999999999999999,0.7999999999999999,0.2,0.19999999999999996,0.19999999999999996,0.3999999999999999,1,1,1,1,1,1.0,HOME_WIN,0
2025-04-01 18:45:00+00:00,Wolves,West Ham,1.0,0.0,105,7.0,1.4,1.2,1.2,0.0,2,1,2,0.4,0.2,0.4,105,7.0,1.4,0.8,0.6,0.2,2,1,2,0.4,0.2,0.4,52,0.8,0.8,1.4,-0.6,0.2,52,1.0,1.0,1.6,-0.6,0.2,5,0.6,0.6,1.8,0.2,0.0,0.3999999999999999,-0.6,-0.2,-0.19999999999999996,-0.19999999999999996,0.20000000000000018,1,1,1,1,1,1.0,HOME_WIN,0
2025-04-01 19:00:00+00:00,Nottingham Forest,Manchester United,1.0,0.0,105,7.0,1.4,1.8,1.6,0.2,2,1,2,0.4,0.2,0.4,105,8.0,1.6,1.8,1.2,0.6,2,2,1,0.4,0.4,0.2,52,2.2,2.4,0.6,1.8,0.6,52,1.6,1.6,1.0,0.6,0.4,5,1.2,1.4,2.2,0.4,-0.20000000000000018,0.0,-0.40000000000000013,-0.39999999999999997,0.6000000000000001,0.7999999999999998,0.4,1,1,1,1,1,1.0,HOME_WIN,0
2025-04-02 18:45:00+00:00,Bournemouth,Ipswich,1.0,2.0,105,4.0,0.8,1.4,1.6,-0.2,1,1,3,0.2,0.2,0.6,29,1.0,0.2,1.2,2.6,-1.4,0,1,4,0.0,0.2,0.8,52,1.2,1.4,1.0,0.4,0.4,14,0.4,1.2,2.2,-1.0,0.0,1,3.0,2.0,1.0,1.0,0.6000000000000001,0.19999999999999996,1.0,1.2,0.7999999999999999,0.19999999999999996,1.2000000000000002,1,1,1,1,1,1.0,AWAY_WIN,2
2025-04-02 18:45:00+00:00,Brighton,Aston Villa,0.0,3.0,105,13.0,2.6,2.6,0.8,1.8,4,1,0,0.8,0.2,0.0,105,8.0,1.6,1.4,1.6,-0.2,2,2,1,0.4,0.4,0.2,52,2.0,1.6,0.8,0.8,0.6,52,1.4,1.0,1.6,-0.6,0.4,5,0.8,1.2,2.4,0.2,1.0,1.2000000000000002,0.8,2.0,0.6000000000000001,0.6000000000000001,0.8,1,1,1,1,1,1.0,AWAY_WIN,2
2025-04-02 18:45:00+00:00,Manchester City,Leicester,2.0,0.0,105,7.0,1.4,1.4,1.0,0.4,2,1,2,0.4,0.2,0.4,67,0.0,0.0,0.0,2.4,-2.4,0,0,5,0.0,0.0,1.0,52,2.0,2.6,1.2,1.4,0.6,33,0.6,0.6,2.0,-1.4,0.2,3,3.0,2.0,0.3333333333333333,1.0,1.4,1.4,1.4,2.8,1.4,2.0,0.8,1,1,1,1,1,1.0,HOME_WIN,0
2025-04-02 18:45:00+00:00,Newcastle,Brentford,2.0,1.0,104,6.0,1.2,1.2,2.2,-1.0,2,0,3,0.4,0.0,0.6,105,10.0,2.0,1.6,0.6,1.0,3,1,1,0.6,0.2,0.2,51,1.8,2.4,1.8,0.6,0.6,52,3.0,2.8,0.4,2.4,1.0,5,2.4,2.8,1.6,0.8,-0.8,-0.40000000000000013,-1.6,-2.0,-1.2,-0.3999999999999999,-1.4,1,1,1,1,1,1.0,HOME_WIN,0
2025-04-02 18:45:00+00:00,Southampton,Crystal Palace,1.0,1.0,67,0.0,0.0,0.6,3.2,-2.6,0,0,5,0.0,0.0,1.0,104,12.0,2.4,2.0,0.6,1.4,4,0,1,0.8,0.0,0.2,33,0.0,0.6,3.4,-2.8,0.0,51,2.6,1.6,0.0,1.6,0.8,3,0.0,0.3333333333333333,1.6666666666666667,0.0,-2.4,-1.4,-2.6,-4.0,-2.6,-1.0,-3.4,1,1,1,1,1,1.0,DRAW,1
2025-04-02 19:00:00+00:00,Liverpool,Everton,1.0,0.0,105,13.0,2.6,2.2,0.8,1.4,4,1,0,0.8,0.2,0.0,105,7.0,1.4,1.4,1.2,0.2,1,4,0,0.2,0.8,0.0,52,2.6,2.6,1.0,1.6,0.8,52,1.6,1.0,0.8,0.2,0.4,5,1.6,1.2,0.8,0.4,1.2000000000000002,0.8000000000000003,0.3999999999999999,1.2,1.0,1.6,-0.19999999999999996,1,1,1,1,1,1.0,HOME_WIN,0
2025-04-03 19:00:00+00:00,Chelsea,Tottenham,1.0,0.0,105,6.0,1.2,1.2,1.2,0.0,2,0,3,0.4,0.0,0.6,105,7.0,1.4,1.4,1.2,0.2,2,1,2,0.4,0.2,0.4,52,2.6,2.4,0.8,1.6,0.8,52,1.2,1.8,1.6,0.2,0.4,5,2.0,2.4,1.6,0.6,-0.19999999999999996,-0.19999999999999996,0.0,-0.2,1.4000000000000001,0.5999999999999999,0.8,1,1,1,1,1,1.0,HOME_WIN,0
2025-04-05 11:30:00+00:00,Everton,Arsenal,1.0,1.0,106,4.0,0.8,1.0,1.2,-0.2,0,4,1,0.0,0.8,0.2,106,8.0,1.6,0.8,0.6,0.2,2,2,1,0.4,0.4,0.2,53,1.8,2.4,1.4,1.0,0.4,53,1.8,1.0,0.4,0.6,0.4,5,0.8,0.4,1.4,0.2,-0.8,0.19999999999999996,-0.6,-0.4,0.0,1.4,-0.9999999999999999,1,1,1,1,1,1.0,DRAW,1
2025-04-05 14:00:00+00:00,West Ham,Bournemouth,2.0,2.0,106,7.0,1.4,0.8,0.6,0.2,2,1,2,0.4,0.2,0.4,106,1.0,0.2,1.0,1.8,-0.8,0,1,4,0.0,0.2,0.8,53,1.2,1.0,1.2,-0.2,0.4,53,1.6,2.4,1.6,0.8,0.4,5,1.8,1.8,0.6,0.4,1.2,-0.19999999999999996,1.2000000000000002,1.0,-0.40000000000000013,-1.4,0.40000000000000013,1,1,1,1,1,1.0,DRAW,1
2025-04-05 14:00:00+00:00,Ipswich,Wolves,1.0,2.0,30,3.0,0.6,1.4,2.6,-1.2,1,0,4,0.2,0.0,0.8,106,10.0,2.0,1.2,0.8,0.4,3,1,1,0.6,0.2,0.2,15,0.0,0.8,3.6,-2.8,0.0,53,1.2,1.0,1.8,-0.8,0.4,1,3.0,2.0,1.0,1.0,-1.4,0.19999999999999996,-1.8,-1.6,-1.2,-0.19999999999999996,-1.8,1,1,1,1,1,1.0,AWAY_WIN,2
2025-04-05 14:00:00+00:00,Crystal Palace,Brighton,2.0,1.0,105,10.0,2.0,1.8,0.8,1.0,3,1,1,0.6,0.2,0.2,106,10.0,2.0,2.0,1.4,0.6,3,1,1,0.6,0.2,0.2,53,1.4,1.6,1.2,0.4,0.4,53,2.0,2.2,2.0,0.2,0.6,5,1.0,1.2,1.6,0.2,0.0,-0.19999999999999996,0.5999999999999999,0.4,-0.6000000000000001,-0.6000000000000001,0.8,1,1,1,1,1,1.0,HOME_WIN,0
2025-04-05 16:30:00+00:00,Aston Villa,Nottingham Forest,2.0,1.0,106,10.0,2.0,1.8,1.4,0.4,3,1,1,0.6,0.2,0.2,106,10.0,2.0,1.8,1.2,0.6,3,1,1,0.6,0.2,0.2,53,1.8,1.6,1.2,0.4,0.4,53,1.2,2.2,2.6,-0.4,0.4,5,1.4,1.6,1.4,0.4,0.0,0.0,-0.19999999999999996,-0.19999999999999996,0.6000000000000001,-0.6000000000000001,1.4000000000000001,1,1,1,1,1,1.0,HOME_WIN,0
2025-04-06 13:00:00+00:00,Brentford,Chelsea,0.0,0.0,106,7.0,1.4,1.6,1.0,0.6,2,1,2,0.4,0.2,0.4,106,9.0,1.8,1.4,0.6,0.8,3,0,2,0.6,0.0,0.4,53,0.4,0.6,1.6,-1.0,0.0,53,0.2,0.6,2.0,-1.4,0.0,5,1.6,1.4,0.8,0.4,-0.40000000000000013,0.20000000000000018,-0.4,-0.20000000000000007,0.2,0.0,0.3999999999999999,1,1,1,1,1,1.0,DRAW,1
2025-04-06 13:00:00+00:00,Fulham,Liverpool,3.0,2.0,106,6.0,1.2,1.2,1.4,-0.2,2,0,3,0.4,0.0,0.6,106,13.0,2.6,2.0,0.6,1.4,4,1,0,0.8,0.2,0.0,53,1.4,1.2,1.2,0.0,0.4,53,2.2,2.0,0.8,1.2,0.6,5,0.4,1.6,2.4,0.0,-1.4000000000000001,-0.8,-0.7999999999999999,-1.5999999999999999,-0.8000000000000003,-0.8,-0.3999999999999999,1,1,1,1,1,1.0,HOME_WIN,0
2025-04-06 13:00:00+00:00,Tottenham,Southampton,3.0,1.0,106,4.0,0.8,1.2,1.4,-0.2,1,1,3,0.2,0.2,0.6,68,1.0,0.2,0.6,2.8,-2.2,0,1,4,0.0,0.2,0.8,53,0.8,1.0,1.4,-0.4,0.2,34,0.6,1.2,2.8,-1.6,0.2,3,2.3333333333333335,4.0,1.3333333333333333,0.6666666666666666,0.6000000000000001,0.6,1.4,2.0,0.20000000000000007,-0.19999999999999996,1.4,1,1,1,1,1,1.0,HOME_WIN,0
2025-04-06 15:30:00+00:00,Manchester United,Manchester City,0.0,0.0,106,8.0,1.6,1.8,1.2,0.6,2,2,1,0.4,0.4,0.2,106,7.0,1.4,1.0,1.0,0.0,2,1,2,0.4,0.2,0.4,53,1.4,1.6,1.8,-0.2,0.4,53,1.4,2.0,1.6,0.4,0.4,5,1.2,1.6,2.8,0.4,0.20000000000000018,0.8,-0.19999999999999996,0.6,0.0,-0.3999999999999999,-0.19999999999999996,1,1,1,1,1,1.0,DRAW,1
2025-04-07 19:00:00+00:00,Leicester,Newcastle,0.0,3.0,68,0.0,0.0,0.0,2.4,-2.4,0,0,5,0.0,0.0,1.0,105,9.0,1.8,1.4,2.0,-0.6,3,0,2,0.6,0.0,0.4,34,0.0,0.0,2.6,-2.6,0.0,53,1.8,1.2,1.6,-0.4,0.6,3,0.3333333333333333,0.0,2.3333333333333335,0.0,-1.8,-1.4,-0.3999999999999999,-1.7999999999999998,-1.8,-1.2,-1.0,1,1,1,1,1,1.0,AWAY_WIN,2
2025-04-12 11:30:00+00:00,Manchester City,Crystal Palace,5.0,2.0,107,8.0,1.6,1.0,0.6,0.4,2,2,1,0.4,0.4,0.2,106,13.0,2.6,2.0,0.6,1.4,4,1,0,0.8,0.2,0.0,53,2.0,2.2,1.0,1.2,0.6,52,2.6,1.8,0.2,1.6,0.8,5,2.2,2.6,1.6,0.6,-1.0,-1.0,0.0,-0.9999999999999999,-0.6000000000000001,0.40000000000000013,-0.8,1,1,1,1,1,1.0,HOME_WIN,0
2025-04-12 14:00:00+00:00,Brighton,Leicester,2.0,2.0,107,7.0,1.4,1.4,1.8,-0.4,2,1,2,0.4,0.2,0.4,69,0.0,0.0,0.0,2.2,-2.2,0,0,5,0.0,0.0,1.0,53,1.8,1.4,1.2,0.2,0.6,34,0.6,0.4,2.0,-1.6,0.2,3,1.6666666666666667,3.0,2.0,0.3333333333333333,1.4,1.4,0.40000000000000013,1.8000000000000003,1.2000000000000002,0.9999999999999999,0.8,1,1,1,1,1,1.0,DRAW,1
2025-04-12 14:00:00+00:00,Nottingham Forest,Everton,0.0,1.0,107,10.0,2.0,1.4,0.8,0.6,3,1,1,0.6,0.2,0.2,107,4.0,0.8,0.8,1.0,-0.2,0,4,1,0.0,0.8,0.2,53,2.6,2.4,0.4,2.0,0.8,53,1.6,1.0,0.8,0.2,0.4,5,1.0,1.0,1.2,0.2,1.2,0.5999999999999999,0.19999999999999996,0.8,1.0,1.4,0.4,1,1,1,1,1,1.0,AWAY_WIN,2
2025-04-12 14:00:00+00:00,Southampton,Aston Villa,0.0,3.0,69,1.0,0.2,0.8,2.6,-1.8,0,1,4,0.0,0.2,0.8,107,12.0,2.4,1.8,1.2,0.6,4,0,1,0.8,0.0,0.2,34,0.2,0.8,2.6,-1.8,0.0,53,1.4,1.4,1.6,-0.2,0.4,3,0.0,0.0,1.0,0.0,-2.1999999999999997,-1.0,-1.4000000000000001,-2.4,-1.2,-0.5999999999999999,-1.0,1,1,1,1,1,1.0,AWAY_WIN,2
2025-04-12 16:30:00+00:00,Arsenal,Brentford,1.0,1.0,107,9.0,1.8,1.0,0.6,0.4,2,3,0,0.4,0.6,0.0,107,5.0,1.0,0.8,1.0,-0.2,1,2,2,0.2,0.4,0.4,53,2.0,2.0,1.0,1.0,0.6,53,2.4,2.0,0.8,1.2,0.8,5,2.6,2.0,0.6,0.8,0.8,0.19999999999999996,0.4,0.6000000000000001,-0.3999999999999999,0.0,-0.19999999999999996,1,1,1,1,1,1.0,DRAW,1
2025-04-13 13:00:00+00:00,Chelsea,Ipswich,2.0,2.0,107,10.0,2.0,1.2,0.2,1.0,3,1,1,0.6,0.2,0.2,31,3.0,0.6,1.4,2.2,-0.8,1,0,4,0.2,0.0,0.8,53,3.0,2.2,0.4,1.8,1.0,15,0.8,1.2,2.0,-0.8,0.2,1,0.0,0.0,2.0,0.0,1.4,-0.19999999999999996,2.0,1.8,2.2,1.0000000000000002,1.6,1,1,1,1,1,1.0,DRAW,1
2025-04-13 13:00:00+00:00,Liverpool,West Ham,2.0,1.0,107,12.0,2.4,2.0,0.8,1.2,4,0,1,0.8,0.0,0.2,107,5.0,1.0,1.0,1.0,0.0,1,2,2,0.2,0.4,0.4,53,3.0,2.4,0.6,1.8,1.0,53,1.0,0.8,1.0,-0.2,0.2,5,2.6,2.6,0.8,0.8,1.4,1.0,0.19999999999999996,1.2,2.0,1.5999999999999999,0.4,1,1,1,1,1,1.0,HOME_WIN,0
2025-04-13 13:00:00+00:00,Wolves,Tottenham,4.0,2.0,107,10.0,2.0,1.4,1.0,0.4,3,1,1,0.6,0.2,0.2,107,4.0,0.8,1.0,1.4,-0.4,1,1,3,0.2,0.2,0.6,53,1.4,1.0,0.8,0.2,0.4,53,1.2,1.6,1.4,0.2,0.4,5,2.0,1.4,1.0,0.6,1.2,0.3999999999999999,0.3999999999999999,0.8,0.19999999999999996,-0.6000000000000001,0.5999999999999999,1,1,1,1,1,1.0,HOME_WIN,0
2025-04-13 15:30:00+00:00,Newcastle,Manchester United,4.0,1.0,106,12.0,2.4,2.0,1.2,0.8,4,0,1,0.8,0.0,0.2,107,8.0,1.6,1.4,0.8,0.6,2,2,1,0.4,0.4,0.2,52,1.8,2.2,2.0,0.2,0.6,53,1.4,1.2,0.8,0.4,0.4,5,2.0,1.4,0.6,0.6,0.7999999999999998,0.6000000000000001,-0.3999999999999999,0.20000000000000007,0.40000000000000013,1.0000000000000002,-1.2,1,1,1,1,1,1.0,HOME_WIN,0
2025-04-14 19:00:00+00:00,Bournemouth,Fulham,1.0,0.0,107,2.0,0.4,1.4,2.0,-0.6,0,2,3,0.0,0.4,0.6,107,9.0,1.8,1.8,1.4,0.4,3,0,2,0.6,0.0,0.4,53,0.6,1.4,1.4,0.0,0.2,53,1.8,1.6,1.2,0.4,0.6,5,1.6,2.0,1.6,0.4,-1.4,-0.40000000000000013,-0.6000000000000001,-1.0,-1.2000000000000002,-0.20000000000000018,-0.19999999999999996,1,1,1,1,1,1.0,HOME_WIN,0
2025-04-16 18:30:00+00:00,Newcastle,Crystal Palace,5.0,0.0,107,12.0,2.4,2.0,0.8,1.2,4,0,1,0.8,0.0,0.2,107,10.0,2.0,2.0,1.6,0.4,3,1,1,0.6,0.2,0.2,53,1.8,2.4,2.2,0.2,0.6,53,2.0,1.8,1.2,0.6,0.6,5,1.2,1.0,0.6,0.2,0.3999999999999999,0.0,0.8,0.7999999999999999,-0.19999999999999996,0.5999999999999999,-1.0000000000000002,1,1,1,1,1,1.0,HOME_WIN,0
2025-04-19 14:00:00+00:00,Brentford,Brighton,4.0,2.0,108,5.0,1.0,0.8,1.0,-0.2,1,2,2,0.2,0.4,0.4,108,5.0,1.0,1.4,2.0,-0.6,1,2,2,0.2,0.4,0.4,54,0.4,0.2,1.2,-1.0,0.0,54,1.4,2.0,2.4,-0.4,0.4,5,1.2,1.2,1.0,0.2,0.0,-0.5999999999999999,1.0,0.39999999999999997,-0.9999999999999999,-1.8,1.2,1,1,1,1,1,1.0,HOME_WIN,0
2025-04-19 14:00:00+00:00,Crystal Palace,Bournemouth,0.0,0.0,108,7.0,1.4,1.2,2.4,-1.2,2,1,2,0.4,0.2,0.4,108,5.0,1.0,1.4,1.6,-0.2,1,2,2,0.2,0.4,0.4,54,1.8,1.8,1.2,0.6,0.6,54,1.6,2.4,1.6,0.8,0.4,5,1.4,0.8,0.6,0.4,0.3999999999999999,-0.19999999999999996,-0.7999999999999998,-1.0,0.19999999999999996,-0.5999999999999999,0.40000000000000013,1,1,1,1,1,1.0,DRAW,1
2025-04-19 14:00:00+00:00,Everton,Manchester City,0.0,2.0,108,6.0,1.2,0.8,0.8,0.0,1,3,1,0.2,0.6,0.2,108,8.0,1.6,1.8,1.0,0.8,2,2,1,0.4,0.4,0.2,54,1.4,2.0,1.2,0.8,0.2,54,1.4,1.6,1.2,0.4,0.4,5,0.4,0.6,2.0,0.0,-0.40000000000000013,-1.0,0.19999999999999996,-0.8,0.0,0.3999999999999999,0.0,1,1,1,1,1,1.0,AWAY_WIN,2
2025-04-19 14:00:00+00:00,West Ham,Southampton,1.0,1.0,108,2.0,0.4,0.8,1.4,-0.6,0,2,3,0.0,0.4,0.6,70,1.0,0.2,0.8,2.4,-1.6,0,1,4,0.0,0.2,0.8,54,0.8,0.8,1.2,-0.4,0.2,35,0.6,1.2,2.8,-1.6,0.2,3,2.3333333333333335,1.0,0.3333333333333333,0.6666666666666666,0.2,0.0,1.0,1.0,0.20000000000000007,-0.3999999999999999,1.5999999999999999,1,1,1,1,1,1.0,DRAW,1
2025-04-19 16:30:00+00:00,Aston Villa,Newcastle,4.0,1.0,108,12.0,2.4,2.0,1.0,1.0,4,0,1,0.8,0.0,0.2,108,15.0,3.0,3.0,0.4,2.6,5,0,0,1.0,0.0,0.0,54,1.8,1.6,1.2,0.4,0.4,54,1.8,1.4,1.4,0.0,0.6,5,0.6,1.0,3.0,0.2,-0.6000000000000001,-1.0,-0.6,-1.6,0.0,0.20000000000000018,0.19999999999999996,1,1,1,1,1,1.0,HOME_WIN,0
2025-04-20 13:00:00+00:00,Fulham,Chelsea,1.0,2.0,108,6.0,1.2,1.4,1.4,0.0,2,0,3,0.4,0.0,0.6,108,8.0,1.6,0.8,0.6,0.2,2,2,1,0.4,0.4,0.2,54,1.8,1.4,1.2,0.2,0.6,54,0.2,0.4,1.8,-1.4,0.0,5,1.4,0.8,1.0,0.4,-0.40000000000000013,0.5999999999999999,-0.7999999999999999,-0.2,1.6,0.9999999999999999,0.6000000000000001,1,1,1,1,1,1.0,AWAY_WIN,2
2025-04-20 13:00:00+00:00,Ipswich,Arsenal,0.0,4.0,32,4.0,0.8,1.4,2.0,-0.6,1,1,3,0.2,0.2,0.6,108,9.0,1.8,1.2,0.8,0.4,2,3,0,0.4,0.6,0.0,16,0.0,1.0,3.6,-2.6,0.0,54,1.8,1.0,0.4,0.6,0.4,1,0.0,0.0,1.0,0.0,-1.0,0.19999999999999996,-1.2,-1.0,-1.8,0.0,-3.2,1,1,1,1,1,1.0,AWAY_WIN,2
2025-04-20 13:00:00+00:00,Manchester United,Wolves,0.0,1.0,108,5.0,1.0,1.0,1.2,-0.2,1,2,2,0.2,0.4,0.4,108,13.0,2.6,2.0,1.0,1.0,4,1,0,0.8,0.2,0.0,54,1.0,1.0,1.6,-0.6,0.2,54,1.8,1.4,1.4,0.0,0.6,5,2.4,1.6,1.0,0.8,-1.6,-1.0,-0.19999999999999996,-1.2,-0.8,-0.3999999999999999,-0.20000000000000018,1,1,1,1,1,1.0,AWAY_WIN,2
2025-04-20 15:30:00+00:00,Leicester,Liverpool,0.0,1.0,70,1.0,0.2,0.4,2.2,-1.8,0,1,4,0.0,0.2,0.8,108,12.0,2.4,2.0,1.0,1.0,4,0,1,0.8,0.0,0.2,35,0.0,0.0,2.8,-2.8,0.0,54,1.6,2.0,1.4,0.6,0.4,3,0.0,0.6666666666666666,2.6666666666666665,0.0,-2.1999999999999997,-1.6,-1.2000000000000002,-2.8,-1.6,-2.0,-1.4,1,1,1,1,1,1.0,AWAY_WIN,2
2025-04-21 19:00:00+00:00,Tottenham,Nottingham Forest,1.0,2.0,108,4.0,0.8,1.4,2.0,-0.6,1,1,3,0.2,0.2,0.6,108,9.0,1.8,1.4,1.0,0.4,3,0,2,0.6,0.0,0.4,54,1.4,1.4,1.2,0.2,0.4,54,0.6,1.8,3.0,-1.2,0.2,5,2.4,2.0,0.6,0.8,-1.0,0.0,-1.0,-1.0,0.7999999999999999,-0.40000000000000013,1.8,1,1,1,1,1,1.0,AWAY_WIN,2
2025-04-22 19:00:00+00:00,Manchester City,Aston Villa,2.0,1.0,109,11.0,2.2,2.2,0.8,1.4,3,2,0,0.6,0.4,0.0,109,15.0,3.0,2.6,0.4,2.2,5,0,0,1.0,0.0,0.0,54,2.0,2.6,1.2,1.4,0.6,54,1.8,1.6,1.2,0.4,0.6,5,1.4,1.8,1.2,0.4,-0.7999999999999998,-0.3999999999999999,-0.4,-0.8000000000000003,0.19999999999999996,1.0,0.0,1,1,1,1,1,1.0,HOME_WIN,0
2025-04-23 19:00:00+00:00,Arsenal,Crystal Palace,2.0,2.0,109,11.0,2.2,1.8,0.6,1.2,3,2,0,0.6,0.4,0.0,109,5.0,1.0,1.0,2.4,-1.4,1,2,2,0.2,0.4,0.4,54,2.0,1.8,0.8,1.0,0.6,54,1.4,1.4,2.2,-0.8,0.4,5,3.0,3.4,0.4,1.0,1.2000000000000002,0.8,1.7999999999999998,2.5999999999999996,0.6000000000000001,0.40000000000000013,1.4000000000000001,1,1,1,1,1,1.0,DRAW,1
2025-04-26 11:30:00+00:00,Chelsea,Everton,1.0,0.0,109,8.0,1.6,1.0,0.8,0.2,2,2,1,0.4,0.4,0.2,109,5.0,1.0,0.6,1.0,-0.4,1,2,2,0.2,0.4,0.4,54,2.6,2.0,0.6,1.4,0.8,54,1.6,1.0,0.8,0.2,0.4,5,1.6,1.8,0.8,0.4,0.6000000000000001,0.4,0.19999999999999996,0.6000000000000001,1.0,1.0,0.20000000000000007,1,1,1,1,1,1.0,HOME_WIN,0
2025-04-26 14:00:00+00:00,Wolves,Leicester,3.0,0.0,109,15.0,3.0,2.0,0.8,1.2,5,0,0,1.0,0.0,0.0,71,1.0,0.2,0.4,2.2,-1.8,0,1,4,0.0,0.2,0.8,54,2.0,1.8,1.0,0.8,0.6,35,0.2,0.4,2.2,-1.8,0.0,3,1.0,1.3333333333333333,2.0,0.3333333333333333,2.8,1.6,1.4000000000000001,3.0,1.8,1.4,1.2000000000000002,1,1,1,1,1,1.0,HOME_WIN,0
2025-04-26 14:00:00+00:00,Newcastle,Ipswich,3.0,0.0,109,12.0,2.4,3.0,1.2,1.8,4,0,1,0.8,0.0,0.2,33,4.0,0.8,1.4,2.6,-1.2,1,1,3,0.2,0.2,0.6,54,2.4,3.2,1.4,1.8,0.8,16,1.0,1.4,1.6,-0.2,0.2,1,3.0,4.0,0.0,1.0,1.5999999999999999,1.6,1.4000000000000001,3.0,1.4,1.8000000000000003,0.20000000000000018,1,1,1,1,1,1.0,HOME_WIN,0
2025-04-26 14:00:00+00:00,Brighton,West Ham,3.0,2.0,109,2.0,0.4,1.4,2.6,-1.2,0,2,3,0.0,0.4,0.6,109,3.0,0.6,1.0,1.4,-0.4,0,3,2,0.0,0.6,0.4,54,2.0,1.8,1.4,0.4,0.6,54,0.8,0.8,1.2,-0.4,0.2,5,1.6,1.6,0.8,0.4,-0.19999999999999996,0.3999999999999999,-1.2000000000000002,-0.7999999999999999,1.2,1.0,-0.19999999999999996,1,1,1,1,1,1.0,HOME_WIN,0
2025-04-26 14:00:00+00:00,Southampton,Fulham,1.0,2.0,71,2.0,0.4,0.8,2.0,-1.2,0,2,3,0.0,0.4,0.6,109,6.0,1.2,1.4,1.4,0.0,2,0,3,0.4,0.0,0.6,35,0.2,0.6,2.6,-2.0,0.0,54,1.2,1.2,1.4,-0.2,0.4,3,0.3333333333333333,0.3333333333333333,1.3333333333333333,0.0,-0.7999999999999999,-0.5999999999999999,-0.6000000000000001,-1.2,-1.0,-0.6,-1.2000000000000002,1,1,1,1,1,1.0,AWAY_WIN,2
2025-04-27 13:00:00+00:00,Bournemouth,Manchester United,1.0,1.0,109,5.0,1.0,1.0,1.2,-0.2,1,2,2,0.2,0.4,0.4,109,4.0,0.8,0.8,1.2,-0.4,1,1,3,0.2,0.2,0.6,54,0.6,0.6,1.4,-0.8,0.2,54,0.8,1.2,1.6,-0.4,0.2,5,1.4,1.6,1.2,0.4,0.19999999999999996,0.19999999999999996,0.0,0.2,-0.20000000000000007,-0.6,0.20000000000000018,1,1,1,1,1,1.0,DRAW,1
2025-04-27 15:30:00+00:00,Liverpool,Tottenham,5.0,1.0,109,12.0,2.4,1.8,1.0,0.8,4,0,1,0.8,0.0,0.2,109,3.0,0.6,1.2,2.0,-0.8,1,0,4,0.2,0.0,0.8,54,3.0,2.0,0.6,1.4,1.0,54,1.2,1.6,1.6,0.0,0.4,5,2.4,3.4,2.2,0.8,1.7999999999999998,0.6000000000000001,1.0,1.6,1.8,0.3999999999999999,1.0,1,1,1,1,1,1.0,HOME_WIN,0
2025-05-01 18:30:00+00:00,Nottingham Forest,Brentford,0.0,2.0,109,9.0,1.8,1.6,1.2,0.4,3,0,2,0.6,0.0,0.4,109,8.0,1.6,1.6,1.2,0.4,2,2,1,0.4,0.4,0.2,54,2.0,1.8,0.2,1.6,0.6,54,2.0,1.8,0.8,1.0,0.6,5,1.0,1.6,1.6,0.2,0.19999999999999996,0.0,0.0,0.0,0.0,0.0,0.6000000000000001,1,1,1,1,1,1.0,AWAY_WIN,2
2025-05-02 19:00:00+00:00,Manchester City,Wolves,1.0,0.0,110,13.0,2.6,2.2,0.6,1.6,4,1,0,0.8,0.2,0.0,110,15.0,3.0,2.2,0.6,1.6,5,0,0,1.0,0.0,0.0,55,2.0,2.2,1.4,0.8,0.6,55,2.4,1.4,0.8,0.6,0.8,5,2.4,2.8,0.8,0.8,-0.3999999999999999,0.0,0.0,0.0,-0.3999999999999999,0.8000000000000003,-0.5999999999999999,1,1,1,1,1,1.0,HOME_WIN,0
2025-05-03 11:30:00+00:00,Aston Villa,Fulham,1.0,0.0,110,12.0,2.4,2.6,0.8,1.8,4,0,1,0.8,0.0,0.2,110,6.0,1.2,1.4,1.6,-0.2,2,0,3,0.4,0.0,0.6,55,2.2,2.2,1.2,1.0,0.6,55,1.2,1.2,1.4,-0.2,0.4,5,2.4,1.8,1.2,0.8,1.2,1.2000000000000002,0.8,2.0,1.0000000000000002,1.0000000000000002,0.19999999999999996,1,1,1,1,1,1.0,HOME_WIN,0
2025-05-03 14:00:00+00:00,Everton,Ipswich,2.0,2.0,110,4.0,0.8,0.4,1.0,-0.6,1,1,3,0.2,0.2,0.6,34,4.0,0.8,1.0,2.4,-1.4,1,1,3,0.2,0.2,0.6,55,0.8,1.2,1.6,-0.4,0.0,17,0.8,1.2,2.0,-0.8,0.2,1,3.0,2.0,0.0,1.0,0.0,-0.6,1.4,0.7999999999999999,0.0,0.0,0.3999999999999999,1,1,1,1,1,1.0,DRAW,1
2025-05-03 14:00:00+00:00,Leicester,Southampton,2.0,0.0,72,1.0,0.2,0.4,2.2,-1.8,0,1,4,0.0,0.2,0.8,72,2.0,0.4,0.8,2.0,-1.2,0,2,3,0.0,0.4,0.6,36,0.0,0.0,2.6,-2.6,0.0,36,0.8,1.0,2.4,-1.4,0.2,3,1.0,1.3333333333333333,1.6666666666666667,0.3333333333333333,-0.2,-0.4,-0.20000000000000018,-0.6000000000000001,-0.8,-1.0,-0.20000000000000018,1,1,1,1,1,1.0,HOME_WIN,0
2025-05-03 16:30:00+00:00,Arsenal,Bournemouth,1.0,2.0,110,9.0,1.8,2.0,1.0,1.0,2,3,0,0.4,0.6,0.0,110,6.0,1.2,1.0,1.0,0.0,1,3,1,0.2,0.6,0.2,55,1.6,1.2,1.0,0.2,0.4,55,1.2,1.6,1.4,0.2,0.2,5,2.4,2.6,0.8,0.8,0.6000000000000001,1.0,0.0,1.0,0.40000000000000013,-0.40000000000000013,0.3999999999999999,1,1,1,1,1,1.0,AWAY_WIN,2
2025-05-04 13:00:00+00:00,Brentford,Manchester United,4.0,3.0,110,8.0,1.6,1.6,1.0,0.6,2,2,1,0.4,0.4,0.2,110,2.0,0.4,0.4,1.4,-1.0,0,2,3,0.0,0.4,0.6,55,1.0,1.0,1.2,-0.2,0.2,55,1.0,1.4,1.6,-0.2,0.2,5,0.8,1.4,1.2,0.2,1.2000000000000002,1.2000000000000002,0.3999999999999999,1.6,0.0,-0.3999999999999999,0.40000000000000013,1,1,1,1,1,1.0,HOME_WIN,0
2025-05-04 13:00:00+00:00,Brighton,Newcastle,1.0,1.0,110,4.0,0.8,1.6,2.6,-1.0,1,1,3,0.2,0.2,0.6,110,12.0,2.4,3.2,1.0,2.2,4,0,1,0.8,0.0,0.2,55,2.0,1.8,1.8,0.0,0.6,55,1.2,1.0,2.0,-1.0,0.4,5,1.6,1.2,1.2,0.4,-1.5999999999999999,-1.6,-1.6,-3.2,0.8,0.8,0.19999999999999996,1,1,1,1,1,1.0,DRAW,1
2025-05-04 13:00:00+00:00,West Ham,Tottenham,1.0,1.0,110,2.0,0.4,1.2,1.8,-0.6,0,2,3,0.0,0.4,0.6,110,3.0,0.6,1.4,2.6,-1.2,1,0,4,0.2,0.0,0.8,55,1.0,1.0,1.0,0.0,0.2,55,0.6,1.4,2.6,-1.2,0.2,5,1.0,1.0,1.8,0.2,-0.19999999999999996,-0.19999999999999996,0.8,0.6,0.4,-0.3999999999999999,1.6,1,1,1,1,1,1.0,DRAW,1
2025-05-04 15:30:00+00:00,Chelsea,Liverpool,3.0,1.0,110,11.0,2.2,1.2,0.6,0.6,3,2,0,0.6,0.4,0.0,110,12.0,2.4,2.2,1.0,1.2,4,0,1,0.8,0.0,0.2,55,2.6,1.8,0.4,1.4,0.8,55,1.6,1.8,1.4,0.4,0.4,5,0.6,0.6,1.4,0.0,-0.19999999999999973,-1.0000000000000002,0.4,-0.6,1.0,0.0,0.9999999999999999,1,1,1,1,1,1.0,HOME_WIN,0
2025-05-05 19:00:00+00:00,Crystal Palace,Nottingham Forest,1.0,1.0,110,5.0,1.0,1.2,2.6,-1.4,1,2,2,0.2,0.4,0.4,110,6.0,1.2,0.8,1.2,-0.4,2,0,3,0.4,0.0,0.6,55,2.0,1.6,0.8,0.8,0.6,55,1.2,2.2,2.2,0.0,0.4,5,0.6,0.4,0.8,0.0,-0.19999999999999996,0.3999999999999999,-1.4000000000000001,-0.9999999999999999,0.8,-0.6000000000000001,1.4000000000000001,1,1,1,1,1,1.0,DRAW,1
2025-05-10 14:00:00+00:00,Wolves,Brighton,0.0,2.0,111,12.0,2.4,2.0,0.8,1.2,4,0,1,0.8,0.0,0.2,111,5.0,1.0,1.8,2.2,-0.4,1,2,2,0.2,0.4,0.4,55,2.0,2.0,1.0,1.0,0.6,55,0.8,1.8,3.0,-1.2,0.2,5,0.4,1.0,3.0,0.0,1.4,0.19999999999999996,1.4000000000000001,1.6,1.2,0.19999999999999996,2.0,1,1,1,1,1,1.0,AWAY_WIN,2
2025-05-10 14:00:00+00:00,Southampton,Manchester City,0.0,0.0,73,1.0,0.2,0.6,2.2,-1.6,0,1,4,0.0,0.2,0.8,111,13.0,2.6,2.0,0.6,1.4,4,1,0,0.8,0.2,0.0,36,0.2,0.6,2.4,-1.8,0.0,55,1.4,0.8,1.2,-0.4,0.4,3,0.0,0.3333333333333333,3.0,0.0,-2.4,-1.4,-1.6,-3.0,-1.2,-0.20000000000000007,-1.2,1,1,1,1,1,1.0,DRAW,1
2025-05-10 14:00:00+00:00,Fulham,Everton,1.0,3.0,111,6.0,1.2,1.2,1.4,-0.2,2,0,3,0.4,0.0,0.6,111,5.0,1.0,0.8,1.2,-0.4,1,2,2,0.2,0.4,0.4,55,1.8,1.6,1.4,0.2,0.6,55,1.0,0.6,0.8,-0.2,0.2,5,1.8,1.0,0.4,0.4,0.19999999999999996,0.3999999999999999,-0.19999999999999996,0.2,0.8,1.0,-0.5999999999999999,1,1,1,1,1,1.0,AWAY_WIN,2
2025-05-10 14:00:00+00:00,Ipswich,Brentford,0.0,1.0,35,2.0,0.4,1.0,2.6,-1.6,0,2,3,0.0,0.4,0.6,111,11.0,2.2,2.2,1.2,1.0,3,2,0,0.6,0.4,0.0,17,0.0,1.0,3.2,-2.2,0.0,55,2.0,2.0,0.8,1.2,0.6,1,0.0,3.0,4.0,0.0,-1.8000000000000003,-1.2000000000000002,-1.4000000000000001,-2.6,-2.0,-1.0,-2.4000000000000004,1,1,1,1,1,1.0,AWAY_WIN,2
2025-05-10 16:30:00+00:00,Bournemouth,Aston Villa,0.0,1.0,111,9.0,1.8,1.2,0.8,0.4,2,3,0,0.4,0.6,0.0,111,12.0,2.4,2.2,0.8,1.4,4,0,1,0.8,0.0,0.2,55,0.8,0.8,1.2,-0.4,0.2,55,1.8,1.8,1.2,0.6,0.6,5,1.0,1.2,1.8,0.2,-0.5999999999999999,-1.0000000000000002,0.0,-0.9999999999999999,-1.0,-1.0,0.0,1,1,1,1,1,1.0,AWAY_WIN,2
2025-05-11 11:00:00+00:00,Newcastle,Chelsea,2.0,0.0,111,10.0,2.0,2.8,1.2,1.6,3,1,1,0.6,0.2,0.2,111,11.0,2.2,1.6,0.8,0.8,3,2,0,0.6,0.4,0.0,55,3.0,3.6,1.0,2.6,1.0,55,0.8,0.6,1.4,-0.8,0.2,5,1.4,1.8,1.4,0.4,-0.20000000000000018,1.1999999999999997,-0.3999999999999999,0.8,2.2,3.0,0.3999999999999999,1,1,1,1,1,1.0,HOME_WIN,0
2025-05-11 13:15:00+00:00,Manchester United,West Ham,0.0,2.0,111,2.0,0.4,1.0,2.0,-1.0,0,2,3,0.0,0.4,0.6,111,3.0,0.6,1.4,1.8,-0.4,0,3,2,0.0,0.6,0.4,55,1.0,0.8,1.2,-0.4,0.2,55,0.8,1.0,1.4,-0.4,0.2,5,1.2,1.0,1.0,0.4,-0.19999999999999996,-0.3999999999999999,-0.19999999999999996,-0.6,0.19999999999999996,-0.19999999999999996,0.19999999999999996,1,1,1,1,1,1.0,AWAY_WIN,2
2025-05-11 13:15:00+00:00,Nottingham Forest,Leicester,2.0,2.0,111,4.0,0.8,0.8,1.4,-0.6,1,1,3,0.2,0.2,0.6,73,4.0,0.8,0.8,1.8,-1.0,1,1,3,0.2,0.2,0.6,55,1.4,0.4,0.6,-0.2,0.4,36,0.2,0.4,2.0,-1.6,0.0,3,2.0,1.6666666666666667,1.6666666666666667,0.6666666666666666,0.0,0.0,0.40000000000000013,0.4,1.2,0.0,1.4,1,1,1,1,1,1.0,DRAW,1
2025-05-11 13:15:00+00:00,Tottenham,Crystal Palace,0.0,2.0,111,4.0,0.8,1.6,2.6,-1.0,1,1,3,0.2,0.2,0.6,111,3.0,0.6,1.0,2.6,-1.6,0,3,2,0.0,0.6,0.4,55,1.4,1.4,1.2,0.2,0.4,55,1.0,1.4,2.6,-1.2,0.2,5,2.4,2.0,0.6,0.8,0.20000000000000007,0.6000000000000001,0.0,0.6000000000000001,0.3999999999999999,0.0,1.4000000000000001,1,1,1,1,1,1.0,AWAY_WIN,2
2025-05-11 15:30:00+00:00,Liverpool,Arsenal,2.0,2.0,111,9.0,1.8,2.2,1.6,0.6,3,0,2,0.6,0.0,0.4,111,6.0,1.2,1.8,1.2,0.6,1,3,1,0.2,0.6,0.2,55,3.0,2.6,0.6,2.0,1.0,55,1.8,1.6,0.4,1.2,0.4,5,0.6,1.6,2.2,0.0,0.6000000000000001,0.40000000000000013,-0.40000000000000013,0.0,1.2,1.0,-0.19999999999999996,1,1,1,1,1,1.0,DRAW,1
2025-05-16 18:30:00+00:00,Aston Villa,Tottenham,2.0,0.0,112,12.0,2.4,2.0,0.6,1.4,4,0,1,0.8,0.0,0.2,112,1.0,0.2,1.0,2.8,-1.8,0,1,4,0.0,0.2,0.8,56,2.6,2.2,1.0,1.2,0.8,56,0.2,0.8,2.6,-1.8,0.0,5,1.8,1.4,2.0,0.6,2.1999999999999997,1.0,2.1999999999999997,3.2,2.4,1.4000000000000001,1.6,1,1,1,1,1,1.0,HOME_WIN,0
2025-05-16 19:15:00+00:00,Chelsea,Manchester United,1.0,0.0,112,10.0,2.0,1.6,1.2,0.4,3,1,1,0.6,0.2,0.2,112,1.0,0.2,1.0,2.4,-1.4,0,1,4,0.0,0.2,0.8,56,2.6,1.6,0.6,1.0,0.8,56,0.8,1.6,2.0,-0.4,0.2,5,1.0,1.6,2.2,0.2,1.8,0.6000000000000001,1.2,1.7999999999999998,1.8,0.0,1.4,1,1,1,1,1,1.0,HOME_WIN,0
2025-05-18 11:00:00+00:00,Everton,Southampton,2.0,0.0,112,7.0,1.4,1.2,1.2,0.0,2,1,2,0.4,0.2,0.4,74,2.0,0.4,0.4,1.6,-1.2,0,2,3,0.0,0.4,0.6,56,0.8,1.2,1.6,-0.4,0.0,37,0.2,0.6,2.6,-2.0,0.0,3,1.0,1.0,1.3333333333333333,0.3333333333333333,0.9999999999999999,0.7999999999999999,0.40000000000000013,1.2,0.6000000000000001,0.6,1.0,1,1,1,1,1,1.0,HOME_WIN,0
2025-05-18 13:15:00+00:00,West Ham,Nottingham Forest,1.0,2.0,112,5.0,1.0,1.4,1.4,0.0,1,2,2,0.2,0.4,0.4,112,5.0,1.0,1.0,1.4,-0.4,1,2,2,0.2,0.4,0.4,56,1.2,1.2,1.0,0.2,0.2,56,1.4,2.2,2.0,0.2,0.4,5,1.2,1.4,1.6,0.4,0.0,0.3999999999999999,0.0,0.4,-0.19999999999999996,-1.0000000000000002,1.0,1,1,1,1,1,1.0,AWAY_WIN,2
2025-05-18 14:00:00+00:00,Brentford,Fulham,2.0,3.0,112,13.0,2.6,2.4,1.2,1.2,4,1,0,0.8,0.2,0.0,112,3.0,0.6,0.8,1.6,-0.8,1,0,4,0.2,0.0,0.8,56,1.6,1.8,1.4,0.4,0.4,56,0.6,0.8,1.4,-0.6,0.2,5,1.4,1.8,1.4,0.4,2.0,1.5999999999999999,0.40000000000000013,2.0,1.0,1.0,0.0,1,1,1,1,1,1.0,AWAY_WIN,2
2025-05-18 14:00:00+00:00,Leicester,Ipswich,2.0,0.0,74,5.0,1.0,1.2,1.6,-0.4,1,2,2,0.2,0.4,0.4,36,2.0,0.4,0.8,2.4,-1.6,0,2,3,0.0,0.4,0.6,37,0.6,0.4,2.2,-1.8,0.2,18,1.0,1.2,1.8,-0.6,0.2,1,1.0,1.0,1.0,0.0,0.6,0.3999999999999999,0.7999999999999998,1.2000000000000002,-0.4,-0.7999999999999999,-0.40000000000000013,1,1,1,1,1,1.0,HOME_WIN,0
2025-05-18 15:30:00+00:00,Arsenal,Newcastle,1.0,0.0,112,6.0,1.2,2.0,1.4,0.6,1,3,1,0.2,0.6,0.2,112,10.0,2.0,2.4,1.0,1.4,3,1,1,0.6,0.2,0.2,56,1.6,1.4,1.2,0.2,0.4,56,1.4,1.2,1.4,-0.2,0.4,5,1.4,1.2,0.6,0.4,-0.8,-0.3999999999999999,-0.3999999999999999,-0.7999999999999999,0.20000000000000018,0.19999999999999996,0.19999999999999996,1,1,1,1,1,1.0,HOME_WIN,0
2025-05-19 19:00:00+00:00,Brighton,Liverpool,3.0,2.0,112,8.0,1.6,2.0,1.8,0.2,2,2,1,0.4,0.4,0.2,112,10.0,2.0,2.2,1.4,0.8,3,1,1,0.6,0.2,0.2,56,1.6,1.6,1.8,-0.2,0.4,56,1.4,1.6,1.6,0.0,0.4,5,1.0,2.0,1.8,0.2,-0.3999999999999999,-0.20000000000000018,-0.40000000000000013,-0.6000000000000001,0.20000000000000018,0.0,-0.19999999999999996,1,1,1,1,1,1.0,HOME_WIN,0
2025-05-20 19:00:00+00:00,Manchester City,Bournemouth,3.0,1.0,112,13.0,2.6,2.0,0.6,1.4,4,1,0,0.8,0.2,0.0,112,8.0,1.6,0.8,0.6,0.2,2,2,1,0.4,0.4,0.2,56,2.6,2.4,1.0,1.4,0.8,56,1.2,1.4,1.4,0.0,0.2,5,2.4,3.2,0.8,0.8,1.0,1.2,0.0,1.2,1.4000000000000001,1.0,0.3999999999999999,1,1,1,1,1,1.0,HOME_WIN,0
2025-05-20 19:00:00+00:00,Crystal Palace,Wolves,4.0,2.0,112,6.0,1.2,1.0,1.6,-0.6,1,3,1,0.2,0.6,0.2,112,9.0,1.8,1.6,1.0,0.6,3,0,2,0.6,0.0,0.4,56,2.2,1.6,0.6,1.0,0.6,56,2.4,1.2,0.6,0.6,0.8,5,2.0,2.0,1.6,0.6,-0.6000000000000001,-0.6000000000000001,-0.6000000000000001,-1.2,-0.19999999999999973,0.40000000000000013,0.0,1,1,1,1,1,1.0,HOME_WIN,0
2025-05-25 15:00:00+00:00,Nottingham Forest,Chelsea,0.0,1.0,113,8.0,1.6,1.4,1.4,0.0,2,2,1,0.4,0.4,0.2,113,12.0,2.4,1.4,0.8,0.6,4,0,1,0.8,0.0,0.2,56,1.4,0.8,1.0,-0.2,0.4,56,0.8,0.6,1.2,-0.6,0.2,5,1.2,1.4,1.4,0.2,-0.7999999999999998,0.0,-0.5999999999999999,-0.6,0.5999999999999999,0.20000000000000007,0.19999999999999996,1,1,1,1,1,1.0,AWAY_WIN,2
2025-05-25 15:00:00+00:00,Newcastle,Everton,0.0,1.0,113,7.0,1.4,1.4,1.2,0.2,2,1,2,0.4,0.2,0.4,113,7.0,1.4,1.4,1.2,0.2,2,1,2,0.4,0.2,0.4,56,3.0,3.2,0.4,2.8,1.0,56,1.4,1.0,0.8,0.2,0.4,5,1.6,1.2,1.0,0.4,0.0,0.0,0.0,0.0,1.6,2.2,0.4,1,1,1,1,1,1.0,AWAY_WIN,2
2025-05-25 15:00:00+00:00,Southampton,Arsenal,1.0,2.0,75,2.0,0.4,0.4,1.4,-1.0,0,2,3,0.0,0.4,0.6,113,8.0,1.6,2.0,1.2,0.8,2,2,1,0.4,0.4,0.2,37,0.4,0.6,1.6,-1.0,0.0,56,1.4,1.6,0.8,0.8,0.2,3,0.6666666666666666,1.6666666666666667,2.3333333333333335,0.0,-1.2000000000000002,-1.6,-0.19999999999999996,-1.8,-0.9999999999999999,-1.0,-0.8,1,1,1,1,1,1.0,AWAY_WIN,2
2025-05-25 15:00:00+00:00,Manchester United,Aston Villa,2.0,0.0,113,1.0,0.2,0.8,1.8,-1.0,0,1,4,0.0,0.2,0.8,113,12.0,2.4,1.8,0.6,1.2,4,0,1,0.8,0.0,0.2,56,1.0,0.8,1.2,-0.4,0.2,56,2.4,1.8,0.4,1.4,0.8,5,2.0,1.4,1.2,0.6,-2.1999999999999997,-1.0,-1.2000000000000002,-2.2,-1.4,-1.0,-0.7999999999999999,1,1,1,1,1,1.0,HOME_WIN,0
2025-05-25 15:00:00+00:00,Tottenham,Brighton,1.0,4.0,113,1.0,0.2,0.6,2.4,-1.8,0,1,4,0.0,0.2,0.8,113,10.0,2.0,2.2,1.8,0.4,3,1,1,0.6,0.2,0.2,56,0.8,1.2,1.6,-0.4,0.2,56,1.4,2.2,1.6,0.6,0.4,5,1.8,1.8,1.8,0.6,-1.8,-1.6,-0.5999999999999999,-2.2,-0.5999999999999999,-1.0000000000000002,0.0,1,1,1,1,1,1.0,AWAY_WIN,2
2025-05-25 15:00:00+00:00,Ipswich,West Ham,1.0,3.0,37,1.0,0.2,0.4,2.4,-2.0,0,1,4,0.0,0.2,0.8,113,5.0,1.0,1.4,1.4,0.0,1,2,2,0.2,0.4,0.4,18,0.0,0.8,3.0,-2.2,0.0,56,0.8,1.2,1.4,-0.2,0.2,1,0.0,1.0,4.0,0.0,-0.8,-0.9999999999999999,-1.0,-2.0,-0.8,-0.3999999999999999,-1.6,1,1,1,1,1,1.0,AWAY_WIN,2
2025-05-25 15:00:00+00:00,Fulham,Manchester City,0.0,2.0,113,6.0,1.2,1.4,1.8,-0.4,2,0,3,0.4,0.0,0.6,113,13.0,2.6,1.6,0.4,1.2,4,1,0,0.8,0.2,0.0,56,1.2,1.4,1.8,-0.4,0.4,56,1.6,0.6,0.2,0.4,0.4,5,0.0,1.0,3.2,0.0,-1.4000000000000001,-0.20000000000000018,-1.4,-1.6,-0.40000000000000013,0.7999999999999999,-1.6,1,1,1,1,1,1.0,AWAY_WIN,2
2025-05-25 15:00:00+00:00,Bournemouth,Leicester,2.0,0.0,113,5.0,1.0,0.8,1.2,-0.4,1,2,2,0.2,0.4,0.4,75,7.0,1.4,1.2,1.2,0.0,2,1,2,0.4,0.2,0.4,56,0.8,0.8,1.2,-0.4,0.2,37,0.4,0.8,2.0,-1.2,0.0,3,2.0,1.0,0.6666666666666666,0.6666666666666666,-0.3999999999999999,-0.3999999999999999,0.0,-0.4,0.4,0.0,0.8,1,1,1,1,1,1.0,HOME_WIN,0
2025-05-25 15:00:00+00:00,Liverpool,Crystal Palace,1.0,1.0,113,7.0,1.4,2.2,1.8,0.4,2,1,2,0.4,0.2,0.4,113,9.0,1.8,1.8,1.0,0.8,2,3,0,0.4,0.6,0.0,56,2.6,2.6,1.0,1.6,0.8,56,1.0,1.4,2.6,-1.2,0.2,5,1.6,0.8,0.6,0.4,-0.40000000000000013,0.40000000000000013,-0.8,-0.4,1.6,1.2000000000000002,1.6,1,1,1,1,1,1.0,DRAW,1
2025-05-25 15:00:00+00:00,Wolves,Brentford,1.0,1.0,113,6.0,1.2,1.2,1.4,-0.2,2,0,3,0.4,0.0,0.6,113,12.0,2.4,2.6,1.6,1.0,4,0,1,0.8,0.0,0.2,56,2.0,1.8,1.0,0.8,0.6,56,2.0,1.4,0.8,0.6,0.6,5,1.4,2.0,1.8,0.4,-1.2,-1.4000000000000001,0.20000000000000018,-1.2,0.0,0.40000000000000013,-0.19999999999999996,1,1,1,1,1,1.0,DRAW,1
